accepted,gate,innovation_std,measurement_time_s,nis,residual_0,residual_1,residual_2,residual_3,residual_4,residual_5,residual_norm,sensor_is_dropout,sensor_is_outlier,source,stale_s,time_s
1.0,80.0,13.124374270798588,0.0,0.5766919418853232,-0.7361345594896793,4.6288009759883595,1.8452093085948604,-0.19758205277904395,0.2348522545541094,0.3143271458105005,5.056232368192139,0.0,0.0,gps_position_velocity,0.0,0.0
1.0,80.0,3.0597700485132795,0.0,1.0042157562950862,-3.0662128877166452,,,,,,3.0662128877166452,0.0,0.0,barometer_altitude,0.0,0.0
1.0,80.0,1.6326477543085534,0.2,0.6149381415040123,-1.2802895797122034,,,,,,1.2802895797122034,0.0,0.0,barometer_altitude,0.0,0.2
1.0,80.0,1.4551060499341326,0.4,0.918097157510815,1.3942445893246855,,,,,,1.3942445893246855,0.0,0.0,barometer_altitude,0.0,0.4
1.0,80.0,1.3875243955693064,0.6,0.30798927436960744,-0.7700313804228358,,,,,,0.7700313804228358,0.0,0.0,barometer_altitude,0.0,0.6
1.0,80.0,1.3560188147306504,0.8,0.2320650172419808,-0.6532366668142799,,,,,,0.6532366668142799,0.0,0.0,barometer_altitude,0.0,0.8
1.0,80.0,6.989721827864751,1.0,2.2915876399320942,-3.664041721920441,-2.7276601857686558,2.991120368615995,-0.03127011676754776,-0.007148203270072706,-0.34432839341912735,5.4709892933616615,0.0,0.0,gps_position_velocity,0.0,1.0
1.0,80.0,1.319777026556298,1.0,0.18764985298132444,-0.5717085385915652,,,,,,0.5717085385915652,0.0,0.0,barometer_altitude,0.0,1.0
1.0,80.0,1.3087855046880887,1.2,0.22167290928404115,-0.6162043884392432,,,,,,0.6162043884392432,0.0,0.0,barometer_altitude,0.0,1.2
1.0,80.0,1.3040504309873548,1.4,0.12508782511016214,-0.46121339051858,,,,,,0.46121339051858,0.0,0.0,barometer_altitude,0.0,1.4
1.0,80.0,1.3044548781168752,1.6,0.006849913065260008,-0.1079621665009114,,,,,,0.1079621665009114,0.0,0.0,barometer_altitude,0.0,1.6
1.0,80.0,1.3093078409934602,1.8,0.5161640077988078,0.9406663914716802,,,,,,0.9406663914716802,0.0,0.0,barometer_altitude,0.0,1.8
1.0,80.0,6.486016871757917,2.0,2.4865094572905777,-1.8751476922078822,-1.2885258001668762,-3.2326298396413478,-0.5364419529931794,0.012434686360526914,0.48391722327153713,4.018516362385841,0.0,0.0,gps_position_velocity,0.0,2.0
1.0,80.0,1.282980507130227,2.0,0.18470899398143842,-0.5513965944396375,,,,,,0.5513965944396375,0.0,0.0,barometer_altitude,0.0,2.0
1.0,80.0,1.2852085449179647,2.2,0.2892539748464887,-0.6912151878273676,,,,,,0.6912151878273676,0.0,0.0,barometer_altitude,0.0,2.2
1.0,80.0,1.289824931973866,2.4,0.1419176208153667,-0.4859022704567906,,,,,,0.4859022704567906,0.0,0.0,barometer_altitude,0.0,2.4
1.0,80.0,1.2966317899054913,2.6,0.6059106234532444,-1.0093015696366763,,,,,,1.0093015696366763,0.0,0.0,barometer_altitude,0.0,2.6
1.0,80.0,1.30523080875343,2.8,0.7664714666041724,-1.1427081171368911,,,,,,1.1427081171368911,0.0,0.0,barometer_altitude,0.0,2.8
1.0,80.0,6.274317697189757,3.0,1.561164677735744,2.112252488838891,3.26528968358587,1.4224194066328266,0.3896804371986242,0.13854059822052056,0.061324244885992585,4.161947773123244,0.0,0.0,gps_position_velocity,0.0,3.0
1.0,80.0,1.2774810897398063,3.0,0.22136337163877734,-0.6010455147367679,,,,,,0.6010455147367679,0.0,0.0,barometer_altitude,0.0,3.0
1.0,80.0,1.2821210313071607,3.2,0.029080188281852534,0.2186389994487996,,,,,,0.2186389994487996,0.0,0.0,barometer_altitude,0.0,3.2
1.0,80.0,1.2879617913958314,3.4,0.18237229706309047,-0.5500249796013748,,,,,,0.5500249796013748,0.0,0.0,barometer_altitude,0.0,3.4
1.0,80.0,1.2947554531530547,3.6,0.008022286223896518,0.11596764164262652,,,,,,0.11596764164262652,0.0,0.0,barometer_altitude,0.0,3.6
1.0,80.0,1.3021483872057598,3.8,0.45108879057194345,0.8745637957872674,,,,,,0.8745637957872674,0.0,0.0,barometer_altitude,0.0,3.8
1.0,80.0,6.152107706167155,4.0,0.623757383236917,-0.05111264947227312,-1.4815874027486604,0.4031758207403442,-0.32620039660237055,-0.1902103715160819,-0.18818555592883096,1.5931933231674429,0.0,0.0,gps_position_velocity,0.0,4.0
1.0,80.0,1.2769119289939208,4.0,0.0021367055349132023,-0.05902463113382339,,,,,,0.05902463113382339,0.0,0.0,barometer_altitude,0.0,4.0
1.0,80.0,1.2815564938391835,4.2,0.0772303182901413,-0.35614894972160016,,,,,,0.35614894972160016,0.0,0.0,barometer_altitude,0.0,4.2
1.0,80.0,1.28676315540081,4.4,0.07301945232076346,0.347710577757411,,,,,,0.347710577757411,0.0,0.0,barometer_altitude,0.0,4.4
1.0,80.0,1.2923231855252906,4.6,1.191126256437539,-1.410425122737891,,,,,,1.410425122737891,0.0,0.0,barometer_altitude,0.0,4.6
1.0,80.0,1.2979941093872376,4.8,0.5825526065699096,-0.9906957420758715,,,,,,0.9906957420758715,0.0,0.0,barometer_altitude,0.0,4.8
1.0,80.0,6.074615276244905,5.0,2.625145257499707,-4.590370793611854,-1.925298907044823,1.70085644916999,0.27398890877947935,-0.037749967928018435,0.06449519873617554,5.268002199873175,0.0,0.0,gps_position_velocity,0.0,5.0
1.0,80.0,1.276578172357862,5.0,0.023258351193174896,-0.19468696563460242,,,,,,0.19468696563460242,0.0,0.0,barometer_altitude,0.0,5.0
1.0,80.0,1.2806108599108088,5.2,0.17243429832294083,0.5317763361681074,,,,,,0.5317763361681074,0.0,0.0,barometer_altitude,0.0,5.2
1.0,80.0,1.2848797997812518,5.4,0.0007932437893797641,-0.03618810499351355,,,,,,0.03618810499351355,0.0,0.0,barometer_altitude,0.0,5.4
1.0,80.0,1.2892362120326624,5.6,0.16284947980924705,-0.5202662852536548,,,,,,0.5202662852536548,0.0,0.0,barometer_altitude,0.0,5.6
1.0,80.0,1.2935259722654093,5.8,0.15556051650228378,-0.5101816586734742,,,,,,0.5101816586734742,0.0,0.0,barometer_altitude,0.0,5.8
1.0,80.0,6.022768137565037,6.0,3.224933393708733,-2.6795482263974293,4.482653006759486,1.062788019700534,0.15979311618213998,0.09301139886113319,0.46763546207700946,5.353180637444223,0.0,0.0,gps_position_velocity,0.0,6.0
1.0,80.0,1.2757164555864844,6.0,0.0642445573235484,-0.3233496000074325,,,,,,0.3233496000074325,0.0,0.0,barometer_altitude,0.0,6.0
1.0,80.0,1.2790648493997343,6.2,0.18110326125180584,0.5443217642377363,,,,,,0.5443217642377363,0.0,0.0,barometer_altitude,0.0,6.2
1.0,80.0,1.282492819939957,6.4,0.6996370574464279,-1.0727322684351464,,,,,,1.0727322684351464,0.0,0.0,barometer_altitude,0.0,6.4
1.0,80.0,1.2858994713324063,6.6,1.0721430289528944,1.3314761171458969,,,,,,1.3314761171458969,0.0,0.0,barometer_altitude,0.0,6.6
1.0,80.0,1.2891872745225559,6.8,0.03053436667041191,-0.22527368758008492,,,,,,0.22527368758008492,0.0,0.0,barometer_altitude,0.0,6.8
1.0,80.0,5.986615812561548,7.0,1.910325070748164,0.24623150040787323,1.608724931587762,2.106126484787495,0.3153485892723005,0.2420689713512747,-0.42531789595048736,2.7245792444873644,0.0,0.0,gps_position_velocity,0.0,7.0
1.0,80.0,1.274384391045261,7.0,0.012476115080178209,0.1423443158841451,,,,,,0.1423443158841451,0.0,0.0,barometer_altitude,0.0,7.0
1.0,80.0,1.2771312076447174,7.2,0.1097168053663346,-0.4230309028463779,,,,,,0.4230309028463779,0.0,0.0,barometer_altitude,0.0,7.2
1.0,80.0,1.2798881240418634,7.4,0.007833639454594027,0.11328014568714195,,,,,,0.11328014568714195,0.0,0.0,barometer_altitude,0.0,7.4
1.0,80.0,1.282586811557433,7.6,0.03838618886173731,0.2512894569188404,,,,,,0.2512894569188404,0.0,0.0,barometer_altitude,0.0,7.6
1.0,80.0,1.2851639098057333,7.8,0.21302784591486038,0.5931666276779737,,,,,,0.5931666276779737,0.0,0.0,barometer_altitude,0.0,7.8
1.0,80.0,5.960584191278647,8.0,0.33229482631536933,0.37388398809278556,-1.1106538158062094,0.38608507359650446,-0.04014834385562338,0.1295593066215024,0.1691611618074904,1.2527632742388848,0.0,0.0,gps_position_velocity,0.0,8.0
1.0,80.0,1.272761686496517,8.0,0.2849084018414812,0.6793596077367567,,,,,,0.6793596077367567,0.0,0.0,barometer_altitude,0.0,8.0
1.0,80.0,1.2750224222492559,8.2,1.0223189101608654,1.2891724600309544,,,,,,1.2891724600309544,0.0,0.0,barometer_altitude,0.0,8.2
1.0,80.0,1.27726771893239,8.4,0.7869967720291942,1.1331004491097332,,,,,,1.1331004491097332,0.0,0.0,barometer_altitude,0.0,8.4
1.0,80.0,1.2794500754816776,8.6,0.08579269003706366,0.3747559069211661,,,,,,0.3747559069211661,0.0,0.0,barometer_altitude,0.0,8.6
1.0,80.0,1.281526383241899,8.8,0.004757333682820081,-0.08839126691407273,,,,,,0.08839126691407273,0.0,0.0,barometer_altitude,0.0,8.8
1.0,80.0,5.941362311085864,9.0,1.0319460467774322,-1.0851146949292456,1.9116745209402133,-0.4258143671810046,0.3627996275808947,-0.07183528590298849,0.08167314017336524,2.270846897164254,0.0,0.0,gps_position_velocity,0.0,9.0
1.0,80.0,1.2710089400977105,9.0,0.6254010792224244,-1.0051431527723764,,,,,,1.0051431527723764,0.0,0.0,barometer_altitude,0.0,9.0
1.0,80.0,1.272894089306704,9.2,0.2511253438557331,-0.6378778798221276,,,,,,0.6378778798221276,0.0,0.0,barometer_altitude,0.0,9.2
1.0,80.0,1.274759499921826,9.4,0.17074533173617928,-0.5267477345961993,,,,,,0.5267477345961993,0.0,0.0,barometer_altitude,0.0,9.4
1.0,80.0,1.2765706215239927,9.6,0.03241989704264504,0.22985325654576627,,,,,,0.22985325654576627,0.0,0.0,barometer_altitude,0.0,9.6
1.0,80.0,1.2782962845744918,9.8,0.1884965760189389,0.554987574010724,,,,,,0.554987574010724,0.0,0.0,barometer_altitude,0.0,9.8
1.0,80.0,5.92687899334881,10.0,0.1718491616280829,-0.8873245011220661,-0.24119715694395083,0.3461329488875293,0.04574838312232288,-0.14151076402333462,0.030381640999561643,0.9941680502397702,0.0,0.0,gps_position_velocity,0.0,10.0
1.0,80.0,1.269248597063929,10.0,0.07366858850846729,0.3444989213670482,,,,,,0.3444989213670482,0.0,0.0,barometer_altitude,0.0,10.0
1.0,80.0,1.270852505618183,10.2,0.4130519629674806,0.8167657064450253,,,,,,0.8167657064450253,0.0,0.0,barometer_altitude,0.0,10.2
1.0,80.0,1.2724417074403076,10.4,0.720348683899035,1.0799640012589862,,,,,,1.0799640012589862,0.0,0.0,barometer_altitude,0.0,10.4
1.0,80.0,1.2739896136433662,10.6,0.05784211193760534,-0.306399433619859,,,,,,0.306399433619859,0.0,0.0,barometer_altitude,0.0,10.6
1.0,80.0,1.2754721054700542,10.8,0.6805219636883395,1.0521848355488572,,,,,,1.0521848355488572,0.0,0.0,barometer_altitude,0.0,10.8
1.0,80.0,5.915780627563536,11.0,2.2070520865746355,-3.9984640656242334,2.1324208158216393,1.9065945183226916,0.05578492740863794,0.14108598776056036,0.09392636617433636,4.919540166871992,0.0,0.0,gps_position_velocity,0.0,11.0
1.0,80.0,1.2675677308574755,11.0,0.1971240210131329,0.5627829729423013,,,,,,0.5627829729423013,0.0,0.0,barometer_altitude,0.0,11.0
1.0,80.0,1.2689663943375944,11.2,0.09489463381350129,-0.3909047503360057,,,,,,0.3909047503360057,0.0,0.0,barometer_altitude,0.0,11.2
1.0,80.0,1.2703586049515336,11.4,0.012850374464043737,-0.14400720632551156,,,,,,0.14400720632551156,0.0,0.0,barometer_altitude,0.0,11.4
1.0,80.0,1.2717226712575782,11.6,1.3987463749500542,1.5040487068976347,,,,,,1.5040487068976347,0.0,0.0,barometer_altitude,0.0,11.6
1.0,80.0,1.2730386733259027,11.8,0.40873370832541694,-0.8138827145763656,,,,,,0.8138827145763656,0.0,0.0,barometer_altitude,0.0,11.8
1.0,80.0,5.907150040791359,12.0,1.4687070187516118,1.8195184435494696,1.0264878717003114,-1.8840045431620496,0.45229445743661145,0.055001455342636785,0.08401785355539981,2.851044066978535,0.0,0.0,gps_position_velocity,0.0,12.0
1.0,80.0,1.2660232678320256,12.0,2.1281268048639834,-1.8468874852551238,,,,,,1.8468874852551238,0.0,0.0,barometer_altitude,0.0,12.0
1.0,80.0,1.2672754513822448,12.2,0.4804790787267451,-0.8784322328358769,,,,,,0.8784322328358769,0.0,0.0,barometer_altitude,0.0,12.2
1.0,80.0,1.2685296956994692,12.4,0.1642129353098865,0.5140487653657999,,,,,,0.5140487653657999,0.0,0.0,barometer_altitude,0.0,12.4
1.0,80.0,1.2697673556274274,12.6,0.16751285225113138,-0.519694624100822,,,,,,0.519694624100822,0.0,0.0,barometer_altitude,0.0,12.6
1.0,80.0,1.2709710514131103,12.8,0.039591330381036634,0.2528923584370091,,,,,,0.2528923584370091,0.0,0.0,barometer_altitude,0.0,12.8
1.0,80.0,5.9003472728663215,13.0,0.7191016433637774,-1.5048756305672555,0.29332419040698454,0.045254215738594894,0.06916843449494081,-0.26041341102010884,0.20273294590555302,1.5704896537450912,0.0,0.0,gps_position_velocity,0.0,13.0
1.0,80.0,1.264647175525391,13.0,0.08942936425520044,-0.3781894852989751,,,,,,0.3781894852989751,0.0,0.0,barometer_altitude,0.0,13.0
1.0,80.0,1.2657967934396757,13.2,0.36055963178402145,0.7600681635900344,,,,,,0.7600681635900344,0.0,0.0,barometer_altitude,0.0,13.2
1.0,80.0,1.2669559691363315,13.4,0.8391506218447655,1.160597103499299,,,,,,1.160597103499299,0.0,0.0,barometer_altitude,0.0,13.4
1.0,80.0,1.2681079923664444,13.6,0.00018352920724130694,0.017179433318318615,,,,,,0.017179433318318615,0.0,0.0,barometer_altitude,0.0,13.6
1.0,80.0,1.2692370579098573,13.8,0.2039746826708926,0.573232594500638,,,,,,0.573232594500638,0.0,0.0,barometer_altitude,0.0,13.8
1.0,80.0,5.894915179028906,14.0,1.0159669380786158,0.3418353986756415,1.8747322848953303,-2.4635480667539014,0.16244063424522892,0.02999256948556983,0.056632315515099896,3.1194607530889735,0.0,0.0,gps_position_velocity,0.0,14.0
1.0,80.0,1.2634516164383682,14.0,0.5579260993759315,0.9437282471595267,,,,,,0.9437282471595267,0.0,0.0,barometer_altitude,0.0,14.0
1.0,80.0,1.264530468899003,14.2,0.09268326117352699,0.38497271634486196,,,,,,0.38497271634486196,0.0,0.0,barometer_altitude,0.0,14.2
1.0,80.0,1.2656249547294627,14.4,0.3106484204520506,0.7054067388267811,,,,,,0.7054067388267811,0.0,0.0,barometer_altitude,0.0,14.4
1.0,80.0,1.2667196301632668,14.6,1.0743390790737215,1.3129590696058528,,,,,,1.3129590696058528,0.0,0.0,barometer_altitude,0.0,14.6
1.0,80.0,1.2677996995771539,14.8,0.012592658460216462,0.14226869793102992,,,,,,0.14226869793102992,0.0,0.0,barometer_altitude,0.0,14.8
1.0,80.0,5.890521152830909,15.0,2.342864245601062,-1.1204587422944314,-3.7810441338392167,-0.7881353788774845,-0.28058409243501714,0.06097086304972832,0.3512084760374854,4.047057225116975,0.0,0.0,gps_position_velocity,0.0,15.0
1.0,80.0,1.262434024250406,15.0,0.3065603249712172,-0.6989830826288141,,,,,,0.6989830826288141,0.0,0.0,barometer_altitude,0.0,15.0
1.0,80.0,1.2634644519982443,15.2,0.6419129680914089,-1.0122810389667904,,,,,,1.0122810389667904,0.0,0.0,barometer_altitude,0.0,15.2
1.0,80.0,1.2645151843494946,15.4,0.1183446263233777,0.4350090779483651,,,,,,0.4350090779483651,0.0,0.0,barometer_altitude,0.0,15.4
1.0,80.0,1.2655716384934217,15.6,0.7062980522780701,-1.0636059006065182,,,,,,1.0636059006065182,0.0,0.0,barometer_altitude,0.0,15.6
1.0,80.0,1.2666196949589432,15.8,0.0008465338540710627,-0.03685262280728807,,,,,,0.03685262280728807,0.0,0.0,barometer_altitude,0.0,15.8
1.0,80.0,5.8869198224543435,16.0,0.9199635588248933,0.4378765699659084,0.5960069814439279,0.5069489544377177,0.07394216595846359,0.3583821535141185,-0.24931257786910277,1.000009714056964,0.0,0.0,gps_position_velocity,0.0,16.0
1.0,80.0,1.2615818636429965,16.0,1.3931247454200515,-1.489053974832558,,,,,,1.489053974832558,0.0,0.0,barometer_altitude,0.0,16.0
1.0,80.0,1.262579106477939,16.2,0.34420530907967806,-0.7407427005885552,,,,,,0.7407427005885552,0.0,0.0,barometer_altitude,0.0,16.2
1.0,80.0,1.2636001165149713,16.4,0.0009413570368665639,0.03876920040372056,,,,,,0.03876920040372056,0.0,0.0,barometer_altitude,0.0,16.4
1.0,80.0,1.2646309220212406,16.6,0.00017392278583484142,-0.01667792583765504,,,,,,0.01667792583765504,0.0,0.0,barometer_altitude,0.0,16.6
1.0,80.0,1.2656578800532898,16.8,0.31863676447656697,0.714437544516386,,,,,,0.714437544516386,0.0,0.0,barometer_altitude,0.0,16.8
1.0,80.0,5.883928369179899,17.0,1.196344684046274,-1.0287232016271446,-0.38805933958361294,-2.601136935837303,-0.21778742170411647,-0.23191617351030924,-0.11044417641107412,2.8439741954301305,0.0,0.0,gps_position_velocity,0.0,17.0
1.0,80.0,1.2608767912998804,17.0,0.010337485447338675,-0.12819766247039865,,,,,,0.12819766247039865,0.0,0.0,barometer_altitude,0.0,17.0
1.0,80.0,1.2618509590686091,17.2,2.1001200126779422,-1.828648014906861,,,,,,1.828648014906861,0.0,0.0,barometer_altitude,0.0,17.2
1.0,80.0,1.262851395205841,17.4,0.6880227150225195,1.0474990474833135,,,,,,1.0474990474833135,0.0,0.0,barometer_altitude,0.0,17.4
1.0,80.0,1.2638645814553169,17.6,0.6636064235133688,1.029569892159543,,,,,,1.029569892159543,0.0,0.0,barometer_altitude,0.0,17.6
1.0,80.0,1.2648772291666486,17.8,0.1245258651025301,-0.4463526916640319,,,,,,0.4463526916640319,0.0,0.0,barometer_altitude,0.0,17.8
1.0,80.0,5.881409684653592,18.0,4.145286300342212,4.077062497184841,3.5963683247930334,1.9028014114729217,-0.4738190103704447,0.11800182058900499,0.06766012775923697,5.781000235440941,0.0,0.0,gps_position_velocity,0.0,18.0
1.0,80.0,1.2602980055641382,18.0,0.07692109542182866,0.3495392734260747,,,,,,0.3495392734260747,0.0,0.0,barometer_altitude,0.0,18.0
1.0,80.0,1.261255642305252,18.2,0.25085724333691445,0.6317080988797557,,,,,,0.6317080988797557,0.0,0.0,barometer_altitude,0.0,18.2
1.0,80.0,1.262241323544636,18.4,1.4258908309301304,-1.507250832003166,,,,,,1.507250832003166,0.0,0.0,barometer_altitude,0.0,18.4
1.0,80.0,1.2632418818471243,18.6,0.0735433809740221,-0.3425770866810183,,,,,,0.3425770866810183,0.0,0.0,barometer_altitude,0.0,18.6
1.0,80.0,1.2642443053854215,18.8,0.021203152433066058,0.1840904349695336,,,,,,0.1840904349695336,0.0,0.0,barometer_altitude,0.0,18.8
1.0,80.0,5.87926054103812,19.0,1.1875259854581421,1.8487414967410132,0.1379862889768546,-1.0900266891697754,0.2789774323617884,0.13995782677191615,0.2872287109313989,2.1920220013141827,0.0,0.0,gps_position_velocity,0.0,19.0
1.0,80.0,1.2598246945539715,19.0,0.942303472995194,-1.2229410212846972,,,,,,1.2229410212846972,0.0,0.0,barometer_altitude,0.0,19.0
1.0,80.0,1.2607699607869536,19.2,0.014962133769733071,0.1542171309836533,,,,,,0.1542171309836533,0.0,0.0,barometer_altitude,0.0,19.2
1.0,80.0,1.2617445219420456,19.4,0.6087821762656762,0.9844697867985133,,,,,,0.9844697867985133,0.0,0.0,barometer_altitude,0.0,19.4
1.0,80.0,1.2627354917652012,19.6,0.0002280378597934676,0.019068470775835067,,,,,,0.019068470775835067,0.0,0.0,barometer_altitude,0.0,19.6
1.0,80.0,1.2637300837545933,19.8,0.132448375923633,-0.4599150727571555,,,,,,0.4599150727571555,0.0,0.0,barometer_altitude,0.0,19.8
1.0,80.0,5.877403063688056,20.0,2.1782899294155262,-3.3013983231635393,-2.728184054086384,1.2112785908892079,-0.13701218047140884,-0.22339555814796808,0.24904217628047498,4.465435573879561,0.0,0.0,gps_position_velocity,0.0,20.0
1.0,80.0,1.259437618653445,20.0,0.04808522674042242,-0.27617381257107354,,,,,,0.27617381257107354,0.0,0.0,barometer_altitude,0.0,20.0
1.0,80.0,1.2603731431646197,20.2,0.26764582665599157,0.6520477165024374,,,,,,0.6520477165024374,0.0,0.0,barometer_altitude,0.0,20.2
1.0,80.0,1.261338842874084,20.4,0.3726725747057055,-0.7700084425974865,,,,,,0.7700084425974865,0.0,0.0,barometer_altitude,0.0,20.4
1.0,80.0,1.2623220632569652,20.6,0.0005273097138155199,0.028986985874780657,,,,,,0.028986985874780657,0.0,0.0,barometer_altitude,0.0,20.6
1.0,80.0,1.263310206889295,20.8,1.6040340964482984,1.5999882853203644,,,,,,1.5999882853203644,0.0,0.0,barometer_altitude,0.0,20.8
1.0,80.0,5.875778449822943,21.0,5.582355110339665,-0.05666422104451385,-4.333550464058938,3.613983673046107,0.42848359046594453,0.1604650927355591,-0.5683843850916985,5.690004963972978,0.0,0.0,gps_position_velocity,0.0,21.0
1.0,80.0,1.259119959111208,21.0,0.76547352297204,1.1016209715457705,,,,,,1.1016209715457705,0.0,0.0,barometer_altitude,0.0,21.0
1.0,80.0,1.2600474239642463,21.2,0.018109184181317097,0.1695650466529912,,,,,,0.1695650466529912,0.0,0.0,barometer_altitude,0.0,21.2
1.0,80.0,1.2610056890717025,21.4,0.13983384417480352,-0.4715450545293294,,,,,,0.4715450545293294,0.0,0.0,barometer_altitude,0.0,21.4
1.0,80.0,1.261982294897777,21.6,0.4261713304533798,0.823844747476727,,,,,,0.823844747476727,0.0,0.0,barometer_altitude,0.0,21.6
1.0,80.0,1.2629648060537768,21.8,0.1224054380147086,-0.44186703709588926,,,,,,0.44186703709588926,0.0,0.0,barometer_altitude,0.0,21.8
1.0,80.0,5.874342266125992,22.0,1.2307272721474323,-0.6118468946719986,-2.102594522962278,0.6640403668361614,-0.035164866202947564,0.023700369108141772,-0.39029332874008915,2.3217099554140246,0.0,0.0,gps_position_velocity,0.0,22.0
1.0,80.0,1.2588576138838294,22.0,1.757648891637387,1.668947492186362,,,,,,1.668947492186362,0.0,0.0,barometer_altitude,0.0,22.0
1.0,80.0,1.259778137495478,22.2,7.318163738599886e-05,0.010776931647626498,,,,,,0.010776931647626498,0.0,0.0,barometer_altitude,0.0,22.2
1.0,80.0,1.2607299127090659,22.4,0.017284045700550952,-0.16574665031639313,,,,,,0.16574665031639313,0.0,0.0,barometer_altitude,0.0,22.4
1.0,80.0,1.2617006465774059,22.6,0.1382782993040773,-0.46917335542943306,,,,,,0.46917335542943306,0.0,0.0,barometer_altitude,0.0,22.6
1.0,80.0,1.2626780445246037,22.8,0.10216989885256841,0.4036027444520158,,,,,,0.4036027444520158,0.0,0.0,barometer_altitude,0.0,22.8
1.0,80.0,5.87306089187184,23.0,1.4331138812268902,-3.1563382076608377,1.0372238167386811,-0.3748685298175758,0.13598524054193817,0.003929306415207057,0.2573138171551815,3.3561210299079356,0.0,0.0,gps_position_velocity,0.0,23.0
1.0,80.0,1.2586391265888102,23.0,0.7087576639574718,1.0596199156596384,,,,,,1.0596199156596384,0.0,0.0,barometer_altitude,0.0,23.0
1.0,80.0,1.2595535028822364,23.2,0.09479450114497258,0.38780034647699324,,,,,,0.38780034647699324,0.0,0.0,barometer_altitude,0.0,23.2
1.0,80.0,1.2604994645019454,23.4,0.5092734110985877,-0.8995352087396498,,,,,,0.8995352087396498,0.0,0.0,barometer_altitude,0.0,23.4
1.0,80.0,1.2614648624250608,23.6,0.019509577136844217,0.17619723385925568,,,,,,0.17619723385925568,0.0,0.0,barometer_altitude,0.0,23.6
1.0,80.0,1.2624375255739049,23.8,0.4186244929045868,-0.8168121939173858,,,,,,0.8168121939173858,0.0,0.0,barometer_altitude,0.0,23.8
1.0,80.0,5.871908815304814,24.0,2.0973081098851094,1.6306540629327628,-0.04131802973485321,0.5078397832640462,0.010748982312971833,-0.087352928191454,-0.6028783289130009,1.8137942143923849,0.0,0.0,gps_position_velocity,0.0,24.0
1.0,80.0,1.2584554080109693,24.0,0.07228781562524086,-0.3383532732107284,,,,,,0.3383532732107284,0.0,0.0,barometer_altitude,0.0,24.0
1.0,80.0,1.2593642486272447,24.2,0.16703363344375027,-0.5146989998778793,,,,,,0.5146989998778793,0.0,0.0,barometer_altitude,0.0,24.2
1.0,80.0,1.2603049284422223,24.4,1.3195123259575072,1.447712620174343,,,,,,1.447712620174343,0.0,0.0,barometer_altitude,0.0,24.4
1.0,80.0,1.261265423821244,24.6,0.10342314771841304,-0.4056162690256002,,,,,,0.4056162690256002,0.0,0.0,barometer_altitude,0.0,24.6
1.0,80.0,1.2622336726618857,24.8,0.02496331593717441,0.19943018783422417,,,,,,0.19943018783422417,0.0,0.0,barometer_altitude,0.0,24.8
1.0,80.0,5.8708665775924125,25.0,1.7676505115011307,1.3981364641341543,-2.4580100050902374,1.4655544723900817,0.027038078634536333,0.32984888813930624,0.2447486943094377,3.2115233050807825,0.0,0.0,gps_position_velocity,0.0,25.0
1.0,80.0,1.2582993688848305,25.0,0.346229833568624,-0.740399679812441,,,,,,0.740399679812441,0.0,0.0,barometer_altitude,0.0,25.0
1.0,80.0,1.259203183477138,25.2,0.09289957979982662,0.3837979827916058,,,,,,0.3837979827916058,0.0,0.0,barometer_altitude,0.0,25.2
1.0,80.0,1.2601390363738179,25.4,0.6108597434372689,-0.9848933792209067,,,,,,0.9848933792209067,0.0,0.0,barometer_altitude,0.0,25.4
1.0,80.0,1.2610950138766825,25.6,0.06450496187994867,-0.3202907305451248,,,,,,0.3202907305451248,0.0,0.0,barometer_altitude,0.0,25.6
1.0,80.0,1.2620591504384981,25.8,0.39082996952470883,-0.7889938888151562,,,,,,0.7889938888151562,0.0,0.0,barometer_altitude,0.0,25.8
1.0,80.0,5.8699192136550735,26.0,3.206978897989952,2.6445801334291446,-4.424028046193193,0.7253248298109298,0.2144094352142325,-0.4390594530181399,0.14133927557386441,5.229784483550498,0.0,0.0,gps_position_velocity,0.0,26.0
1.0,80.0,1.2581655413533543,26.0,0.03559581242968279,0.23737623723975787,,,,,,0.23737623723975787,0.0,0.0,barometer_altitude,0.0,26.0
1.0,80.0,1.2590647802975166,26.2,0.026983881126633233,0.20682369041618642,,,,,,0.20682369041618642,0.0,0.0,barometer_altitude,0.0,26.2
1.0,80.0,1.259996218414705,26.4,0.3257915444995967,-0.7191825577631619,,,,,,0.7191825577631619,0.0,0.0,barometer_altitude,0.0,26.4
1.0,80.0,1.2609480388633758,26.6,0.8225543372585288,-1.1436140673724253,,,,,,1.1436140673724253,0.0,0.0,barometer_altitude,0.0,26.6
1.0,80.0,1.2619083618816826,26.8,1.8112844440584401,1.6983263458484998,,,,,,1.6983263458484998,0.0,0.0,barometer_altitude,0.0,26.8
1.0,80.0,5.869055075914307,27.0,0.8037125338780773,1.6438879847627277,0.7474012324322032,0.5366719778831737,0.007903344816359237,0.17961813919648978,0.2741581980313573,1.912192714364578,0.0,0.0,gps_position_velocity,0.0,27.0
1.0,80.0,1.25804973248617,27.0,0.3626014631571263,-0.7575522384934317,,,,,,0.7575522384934317,0.0,0.0,barometer_altitude,0.0,27.0
1.0,80.0,1.2589448079202752,27.2,0.12497679138869366,0.44506288248985015,,,,,,0.44506288248985015,0.0,0.0,barometer_altitude,0.0,27.2
1.0,80.0,1.259872216017506,27.4,0.0028853068887427003,-0.06767410250419914,,,,,,0.06767410250419914,0.0,0.0,barometer_altitude,0.0,27.4
1.0,80.0,1.2608202255799268,27.6,0.09185044080962593,0.3821147387734527,,,,,,0.3821147387734527,0.0,0.0,barometer_altitude,0.0,27.6
1.0,80.0,1.2617770331978437,27.8,0.12493533170299932,-0.4459901377867368,,,,,,0.4459901377867368,0.0,0.0,barometer_altitude,0.0,27.8
1.0,80.0,1.2629146614350921,28.0,0.09772951972312748,-0.3948088573905437,,,,,,0.3948088573905437,0.0,0.0,barometer_altitude,0.0,28.0
1.0,80.0,1.264589791798726,28.2,0.41856197155839975,0.8181436344301005,,,,,,0.8181436344301005,0.0,0.0,barometer_altitude,0.0,28.2
1.0,80.0,1.2661955331562944,28.4,0.005086181975398473,0.0903018659287369,,,,,,0.0903018659287369,0.0,0.0,barometer_altitude,0.0,28.4
1.0,80.0,1.267722295641407,28.6,0.1341901832674943,0.4643917559846358,,,,,,0.4643917559846358,0.0,0.0,barometer_altitude,0.0,28.6
1.0,80.0,1.2691623749062673,28.8,0.0006565577998337623,-0.032520234697955175,,,,,,0.032520234697955175,0.0,0.0,barometer_altitude,0.0,28.8
1.0,80.0,1.27051009570154,29.0,0.004055352927086556,0.08090818303024605,,,,,,0.08090818303024605,0.0,0.0,barometer_altitude,0.0,29.0
1.0,80.0,1.2717618378917406,29.2,0.8707185759756721,-1.1867102506571143,,,,,,1.1867102506571143,0.0,0.0,barometer_altitude,0.0,29.2
1.0,80.0,1.2729159613317078,29.4,0.008025356571415614,0.11403335473031007,,,,,,0.11403335473031007,0.0,0.0,barometer_altitude,0.0,29.4
1.0,80.0,1.2739726505382076,29.6,0.2741662909803582,-0.6670634313426547,,,,,,0.6670634313426547,0.0,0.0,barometer_altitude,0.0,29.6
1.0,80.0,1.2749337019183766,29.8,0.5125024635679258,-0.9127158242675364,,,,,,0.9127158242675364,0.0,0.0,barometer_altitude,0.0,29.8
1.0,80.0,1.2758022758125571,30.0,0.026169246990976853,0.20638540674156047,,,,,,0.20638540674156047,0.0,0.0,barometer_altitude,0.0,30.0
1.0,80.0,1.2765826333446226,30.2,0.23806906153103607,-0.6228742997902685,,,,,,0.6228742997902685,0.0,0.0,barometer_altitude,0.0,30.2
1.0,80.0,1.2772798746986003,30.4,0.02522250887952515,-0.20285242839838702,,,,,,0.20285242839838702,0.0,0.0,barometer_altitude,0.0,30.4
1.0,80.0,1.2778996915690846,30.6,0.08387403752926949,0.37009271815294653,,,,,,0.37009271815294653,0.0,0.0,barometer_altitude,0.0,30.6
1.0,80.0,1.278448142664691,30.8,0.01867336677959819,0.17470061360778288,,,,,,0.17470061360778288,0.0,0.0,barometer_altitude,0.0,30.8
1.0,80.0,1.278931457632482,31.0,8.88817917468095e-05,-0.01205740004078848,,,,,,0.01205740004078848,0.0,0.0,barometer_altitude,0.0,31.0
1.0,80.0,1.2793558718249562,31.2,0.01742761943856451,0.16889251413215334,,,,,,0.16889251413215334,0.0,0.0,barometer_altitude,0.0,31.2
1.0,80.0,1.2797274920338562,31.4,0.021142789994299402,0.1860795503414181,,,,,,0.1860795503414181,0.0,0.0,barometer_altitude,0.0,31.4
1.0,80.0,1.280052191658577,31.6,0.1855710962824044,-0.5514204193976013,,,,,,0.5514204193976013,0.0,0.0,barometer_altitude,0.0,31.6
1.0,80.0,1.2803355326939945,31.8,0.8500210251227869,1.180425635294469,,,,,,1.180425635294469,0.0,0.0,barometer_altitude,0.0,31.8
1.0,80.0,1.2805827113148998,32.0,0.07474589765929418,0.3501074201194996,,,,,,0.3501074201194996,0.0,0.0,barometer_altitude,0.0,32.0
1.0,80.0,1.2807985235947443,32.2,0.0006533789499662838,-0.03273884754882772,,,,,,0.03273884754882772,0.0,0.0,barometer_altitude,0.0,32.2
1.0,80.0,1.2809873479230713,32.4,1.2904364751974453,-1.4551680658857435,,,,,,1.4551680658857435,0.0,0.0,barometer_altitude,0.0,32.4
1.0,80.0,1.2811531408903705,32.6,0.3407254482710462,0.747830771568843,,,,,,0.747830771568843,0.0,0.0,barometer_altitude,0.0,32.6
1.0,80.0,1.2812994437195884,32.8,0.14711284928497942,0.49144615446533635,,,,,,0.49144615446533635,0.0,0.0,barometer_altitude,0.0,32.8
1.0,80.0,1.2814293966857977,33.0,1.4245873007232073,1.5294638515256196,,,,,,1.5294638515256196,0.0,0.0,barometer_altitude,0.0,33.0
1.0,80.0,1.2815457593406587,33.2,0.03270919404883178,-0.23177630740033806,,,,,,0.23177630740033806,0.0,0.0,barometer_altitude,0.0,33.2
1.0,80.0,1.2816509347204528,33.4,0.08956540843638706,0.3835658325571387,,,,,,0.3835658325571387,0.0,0.0,barometer_altitude,0.0,33.4
1.0,80.0,1.2817469960498251,33.6,0.3161447185198469,-0.7206846528445112,,,,,,0.7206846528445112,0.0,0.0,barometer_altitude,0.0,33.6
1.0,80.0,1.2818357147498274,33.8,1.0733321399112883,1.3280041581251538,,,,,,1.3280041581251538,0.0,0.0,barometer_altitude,0.0,33.8
1.0,80.0,1.281918588815503,34.0,0.002215008200187417,0.06033205445606882,,,,,,0.06033205445606882,0.0,0.0,barometer_altitude,0.0,34.0
1.0,80.0,1.2819968708456868,34.2,0.34848889096830626,0.7568005417968351,,,,,,0.7568005417968351,0.0,0.0,barometer_altitude,0.0,34.2
1.0,80.0,1.2820715951887207,34.4,0.20722527909630892,0.5836246747880125,,,,,,0.5836246747880125,0.0,0.0,barometer_altitude,0.0,34.4
1.0,80.0,1.2821436038161313,34.6,0.14125392783680668,0.4818778197108742,,,,,,0.4818778197108742,0.0,0.0,barometer_altitude,0.0,34.6
1.0,80.0,1.2822135706563806,34.8,0.24875572179086713,0.6395093648078785,,,,,,0.6395093648078785,0.0,0.0,barometer_altitude,0.0,34.8
1.0,80.0,1.2822820242167259,35.0,0.017726409039261495,0.17072374833345805,,,,,,0.17072374833345805,0.0,0.0,barometer_altitude,0.0,35.0
1.0,80.0,1.28234936839702,35.2,0.054518999310525826,-0.2994196512214984,,,,,,0.2994196512214984,0.0,0.0,barometer_altitude,0.0,35.2
1.0,80.0,1.2824159014584813,35.4,0.08240751936806566,0.36813941263203276,,,,,,0.36813941263203276,0.0,0.0,barometer_altitude,0.0,35.4
1.0,80.0,1.282481833156074,35.6,0.02730703437827469,-0.2119280735801965,,,,,,0.2119280735801965,0.0,0.0,barometer_altitude,0.0,35.6
1.0,80.0,1.2825473000777878,35.8,0.6616324358594825,1.0432341249887997,,,,,,1.0432341249887997,0.0,0.0,barometer_altitude,0.0,35.8
1.0,80.0,1.2826123792598847,36.0,0.25050519997340953,0.6419538383428574,,,,,,0.6419538383428574,0.0,0.0,barometer_altitude,0.0,36.0
1.0,80.0,1.2817237600665252,36.2,0.28758032188927857,0.6873437973389258,,,,,,0.6873437973389258,0.0,0.0,barometer_altitude,0.0,36.2
1.0,80.0,1.2809603140239967,36.4,0.17035160420455786,-0.5286993649285989,,,,,,0.5286993649285989,0.0,0.0,barometer_altitude,0.0,36.4
1.0,80.0,1.2803031514361745,36.6,0.9914678501312939,-1.2748295819138633,,,,,,1.2748295819138633,0.0,0.0,barometer_altitude,0.0,36.6
1.0,80.0,1.2797364242035534,36.8,0.09406998594541338,0.3925057928301925,,,,,,0.3925057928301925,0.0,0.0,barometer_altitude,0.0,36.8
1.0,80.0,8.518309621765056,37.0,4.029955497422479,1.9337324570354895,-2.675564169041216,0.6821418197887965,-0.4563308314299306,0.2408706685246842,-0.6252338195585907,3.467052946832999,0.0,0.0,gps_position_velocity,0.0,37.0
1.0,80.0,1.271275948409091,37.0,1.5247965895775484,-1.5698052836877707,,,,,,1.5698052836877707,0.0,0.0,barometer_altitude,0.0,37.0
1.0,80.0,1.2711585791994542,37.2,4.76389254809224e-07,-0.0008773658203011792,,,,,,0.0008773658203011792,0.0,0.0,barometer_altitude,0.0,37.2
1.0,80.0,1.2711308632638711,37.4,0.31414396908494713,-0.7124503872699819,,,,,,0.7124503872699819,0.0,0.0,barometer_altitude,0.0,37.4
1.0,80.0,1.2711787508109993,37.6,0.22500047467945758,-0.6029736609072387,,,,,,0.6029736609072387,0.0,0.0,barometer_altitude,0.0,37.6
1.0,80.0,1.2712891519368015,37.8,1.1530690434551458,-1.3651236715818555,,,,,,1.3651236715818555,0.0,0.0,barometer_altitude,0.0,37.8
1.0,80.0,6.609838203153204,38.0,1.320589917130861,1.1144884431270157,-2.539419179987874,1.2705899270196284,0.26989167433575645,-0.3765407896629591,0.16345698769366912,3.0897371560020055,0.0,0.0,gps_position_velocity,0.0,38.0
1.0,80.0,1.2652227998279693,38.0,0.04351358948336775,0.2639243523933743,,,,,,0.2639243523933743,0.0,0.0,barometer_altitude,0.0,38.0
1.0,80.0,1.2655221731451425,38.2,0.5590450717515519,0.9462222813555599,,,,,,0.9462222813555599,0.0,0.0,barometer_altitude,0.0,38.2
1.0,80.0,1.265898610307027,38.4,0.1300171707264641,-0.45645637686644136,,,,,,0.45645637686644136,0.0,0.0,barometer_altitude,0.0,38.4
1.0,80.0,1.266338491727829,38.6,0.0037584624980574405,0.0776345282847899,,,,,,0.0776345282847899,0.0,0.0,barometer_altitude,0.0,38.6
1.0,80.0,1.2668284303345978,38.8,0.026872438115411092,-0.2076688399977087,,,,,,0.2076688399977087,0.0,0.0,barometer_altitude,0.0,38.8
1.0,80.0,6.274270061710949,39.0,2.2983578180626356,3.3724254776172984,-3.0486993240615377,0.689507095285677,0.04114926552784581,0.1174599195927728,0.366729811536731,4.61445793723367,0.0,0.0,gps_position_velocity,0.0,39.0
1.0,80.0,1.261865164896328,39.0,0.20359073607505382,-0.5693665613588621,,,,,,0.5693665613588621,0.0,0.0,barometer_altitude,0.0,39.0
1.0,80.0,1.2624297970046168,39.2,0.3882678626928054,-0.7866344446928082,,,,,,0.7866344446928082,0.0,0.0,barometer_altitude,0.0,39.2
1.0,80.0,1.2630607921882344,39.4,0.5325953543281154,-0.9217707885627959,,,,,,0.9217707885627959,0.0,0.0,barometer_altitude,0.0,39.4
1.0,80.0,1.2637442974931574,39.6,0.25531984081749765,0.6385596779270628,,,,,,0.6385596779270628,0.0,0.0,barometer_altitude,0.0,39.6
1.0,80.0,1.2644664425879821,39.8,0.2191461887211962,-0.5919353399977183,,,,,,0.5919353399977183,0.0,0.0,barometer_altitude,0.0,39.8
1.0,80.0,6.127928865953911,40.0,1.2753183635601202,0.4401784922954448,-1.2087568490396379,2.103550857635909,0.12461464293028612,-0.2148992319895604,0.3270646749971655,2.499691626303901,0.0,0.0,gps_position_velocity,0.0,40.0
1.0,80.0,1.260044254219658,40.0,0.2595416196018925,-0.6419324107989155,,,,,,0.6419324107989155,0.0,0.0,barometer_altitude,0.0,40.0
1.0,80.0,1.260777144739833,40.2,0.556473876235724,-0.9405041536727907,,,,,,0.9405041536727907,0.0,0.0,barometer_altitude,0.0,40.2
1.0,80.0,1.261565719702605,40.4,0.07135475932380313,-0.3369933666105709,,,,,,0.3369933666105709,0.0,0.0,barometer_altitude,0.0,40.4
1.0,80.0,1.262396087611648,40.6,1.694980814094773,1.643531503962933,,,,,,1.643531503962933,0.0,0.0,barometer_altitude,0.0,40.6
1.0,80.0,1.2632542982332389,40.8,0.06666440236079738,0.32616531809571825,,,,,,0.32616531809571825,0.0,0.0,barometer_altitude,0.0,40.8
1.0,80.0,6.0451790909124545,41.0,0.43348265554866794,-0.2672849170688778,-1.1693239196690257,1.5380289118413373,-0.03432118815216967,-0.048624501796171504,-0.12380913791960824,1.95529117484481,0.0,0.0,gps_position_velocity,0.0,41.0
1.0,80.0,1.25909884120083,41.0,0.13491642150437058,-0.4624792275560594,,,,,,0.4624792275560594,0.0,0.0,barometer_altitude,0.0,41.0
1.0,80.0,1.2599294129655945,41.2,0.1096905343481242,-0.4172830947920403,,,,,,0.4172830947920403,0.0,0.0,barometer_altitude,0.0,41.2
1.0,80.0,1.2608063489742638,41.4,0.15639233927470556,0.4986044210198628,,,,,,0.4986044210198628,0.0,0.0,barometer_altitude,0.0,41.4
1.0,80.0,1.2617160522090352,41.6,0.0015390437414038354,0.04949793830253668,,,,,,0.04949793830253668,0.0,0.0,barometer_altitude,0.0,41.6
1.0,80.0,1.2626448927498761,41.8,0.01878488256837206,0.1730555247707315,,,,,,0.1730555247707315,0.0,0.0,barometer_altitude,0.0,41.8
1.0,80.0,5.992442125351237,42.0,3.1497553058591334,3.434911675413673,1.0979649672346454,3.7317289004136285,-0.07286478132612473,0.25031311009951596,-0.2862859358569756,5.203832380069995,0.0,0.0,gps_position_velocity,0.0,42.0
1.0,80.0,1.2586215870712587,42.0,1.4289860829445722,1.5045588368358835,,,,,,1.5045588368358835,0.0,0.0,barometer_altitude,0.0,42.0
1.0,80.0,1.2595008442657722,42.2,0.7839455585181988,1.1151708660595574,,,,,,1.1151708660595574,0.0,0.0,barometer_altitude,0.0,42.2
1.0,80.0,1.2604196006880468,42.4,0.012842072954431587,-0.1428343670513641,,,,,,0.1428343670513641,0.0,0.0,barometer_altitude,0.0,42.4
1.0,80.0,1.261364749129858,42.6,0.9085076136782299,1.2022782081303376,,,,,,1.2022782081303376,0.0,0.0,barometer_altitude,0.0,42.6
1.0,80.0,1.2623231730838826,42.8,0.1274427047638646,-0.4506382429301823,,,,,,0.4506382429301823,0.0,0.0,barometer_altitude,0.0,42.8
0.0,80.0,5.956600909505209,43.0,277.8218007741439,44.65578224698277,-28.494582462807458,21.85786614824579,0.09742633430461822,0.005869350812339746,-0.28936831087260884,57.30566892318366,0.0,1.0,gps_position_velocity,0.0,43.0
1.0,80.0,1.2632821597470307,43.0,0.23427405217107913,0.6114521237332013,,,,,,0.6114521237332013,0.0,0.0,barometer_altitude,0.0,43.0
1.0,80.0,1.2642297645943028,43.2,0.12891592483067096,-0.4539199757674339,,,,,,0.4539199757674339,0.0,0.0,barometer_altitude,0.0,43.2
1.0,80.0,1.2651551146082436,43.4,0.7259882389560406,1.0779747000489976,,,,,,1.0779747000489976,0.0,0.0,barometer_altitude,0.0,43.4
1.0,80.0,1.2660486411637903,43.6,0.011714179371591086,-0.13702705576719154,,,,,,0.13702705576719154,0.0,0.0,barometer_altitude,0.0,43.6
1.0,80.0,1.266902238280827,43.8,0.970266697770396,1.2479255201538564,,,,,,1.2479255201538564,0.0,0.0,barometer_altitude,0.0,43.8
1.0,80.0,6.018744517246449,44.0,2.296101759468777,-0.3500375278969159,-1.2508877446524025,0.67536726291533,0.2803696390255652,0.5366304128767809,-0.2922823193454529,1.6110169611736216,0.0,0.0,gps_position_velocity,0.0,44.0
1.0,80.0,1.2618642051791376,44.0,1.3557587466830667,1.4692775017987856,,,,,,1.4692775017987856,0.0,0.0,barometer_altitude,0.0,44.0
1.0,80.0,1.2626510423773205,44.2,0.4422623973370962,-0.8396984460293453,,,,,,0.8396984460293453,0.0,0.0,barometer_altitude,0.0,44.2
1.0,80.0,1.2634450311234688,44.4,0.37811581384953574,-0.7769065310054657,,,,,,0.7769065310054657,0.0,0.0,barometer_altitude,0.0,44.4
1.0,80.0,1.2642376400296516,44.6,0.21749696869669277,-0.5895970754289124,,,,,,0.5895970754289124,0.0,0.0,barometer_altitude,0.0,44.6
1.0,80.0,1.2650206768352097,44.8,0.1935848452392964,0.5565873120565499,,,,,,0.5565873120565499,0.0,0.0,barometer_altitude,0.0,44.8
1.0,80.0,5.975919735521614,45.0,2.3954571097041724,-0.21441501302024335,2.900015215936932,3.114015616960316,0.05538769710425839,-0.2159784295300371,0.3221610318356669,4.2786279953500435,0.0,0.0,gps_position_velocity,0.0,45.0
1.0,80.0,1.2604630999727184,45.0,0.35120267469931,-0.7469801198049169,,,,,,0.7469801198049169,0.0,0.0,barometer_altitude,0.0,45.0
1.0,80.0,1.2612102609549896,45.2,0.07513260410810044,-0.34570186009806037,,,,,,0.34570186009806037,0.0,0.0,barometer_altitude,0.0,45.2
1.0,80.0,1.2619835859399002,45.4,0.020048826691075,0.1786891517059246,,,,,,0.1786891517059246,0.0,0.0,barometer_altitude,0.0,45.4
1.0,80.0,1.2627735053119273,45.6,0.07372749257373046,0.34287845222316093,,,,,,0.34287845222316093,0.0,0.0,barometer_altitude,0.0,45.6
1.0,80.0,1.2635704220917177,45.8,0.039722792549826136,0.25183688414870176,,,,,,0.25183688414870176,0.0,0.0,barometer_altitude,0.0,45.8
1.0,80.0,5.94631253715183,46.0,2.2099293356408607,-3.6391509832146767,-1.4255346704399017,0.8306530505687562,-0.3070068065175704,-0.29685045776627694,0.22779225642543355,4.024899520645116,0.0,0.0,gps_position_velocity,0.0,46.0
1.0,80.0,1.2593539130503209,46.0,0.07878542729809286,-0.3534847997156163,,,,,,0.3534847997156163,0.0,0.0,barometer_altitude,0.0,46.0
1.0,80.0,1.2601194385814323,46.2,0.8873060729416697,-1.186993765812744,,,,,,1.186993765812744,0.0,0.0,barometer_altitude,0.0,46.2
1.0,80.0,1.2609201289042824,46.4,0.025661378048455582,-0.20198892838540417,,,,,,0.20198892838540417,0.0,0.0,barometer_altitude,0.0,46.4
1.0,80.0,1.2617453323983516,46.6,0.24902659431385804,-0.6296432782578023,,,,,,0.6296432782578023,0.0,0.0,barometer_altitude,0.0,46.6
1.0,80.0,1.2625842698949303,46.8,0.5164104922036947,-0.907314607700954,,,,,,0.907314607700954,0.0,0.0,barometer_altitude,0.0,46.8
1.0,80.0,5.9250207109657556,47.0,3.7907274413058247,0.8510341874646201,-5.925778022973418,-0.8980308997109034,-0.2532320552763423,0.11984867742049143,-0.22596101740739083,6.064248710542023,0.0,0.0,gps_position_velocity,0.0,47.0
1.0,80.0,1.2585884552641047,47.0,0.04161224069504307,0.2567404479996753,,,,,,0.2567404479996753,0.0,0.0,barometer_altitude,0.0,47.0
1.0,80.0,1.2593893469263928,47.2,1.411902886395011,-1.4964507503374591,,,,,,1.4964507503374591,0.0,0.0,barometer_altitude,0.0,47.2
1.0,80.0,1.2602280720559318,47.4,1.1528176037174562,-1.3530986142332324,,,,,,1.3530986142332324,0.0,0.0,barometer_altitude,0.0,47.4
1.0,80.0,1.2610932975435565,47.6,1.1175003256449028,-1.3331255337930656,,,,,,1.3331255337930656,0.0,0.0,barometer_altitude,0.0,47.6
1.0,80.0,1.2619735537576409,47.8,1.0411685774687987,1.2876883902137024,,,,,,1.2876883902137024,0.0,0.0,barometer_altitude,0.0,47.8
1.0,80.0,5.909351511756404,48.0,1.518256000662839,-1.184334133524544,0.7746003926258282,-2.271532471695636,-0.11179570208483014,-0.38940547583990615,-0.14541969461946358,2.7106815875821835,0.0,0.0,gps_position_velocity,0.0,48.0
1.0,80.0,1.258110512865203,48.0,0.0663581202815517,0.32409014791491586,,,,,,0.32409014791491586,0.0,0.0,barometer_altitude,0.0,48.0
1.0,80.0,1.2589434162725868,48.2,0.04211357402964207,-0.25835523203693356,,,,,,0.25835523203693356,0.0,0.0,barometer_altitude,0.0,48.2
1.0,80.0,1.2598137309658581,48.4,0.1581841761347469,-0.5010578331783364,,,,,,0.5010578331783364,0.0,0.0,barometer_altitude,0.0,48.4
1.0,80.0,1.2607098256665668,48.6,0.019214797577869012,-0.1747563818303206,,,,,,0.1747563818303206,0.0,0.0,barometer_altitude,0.0,48.6
1.0,80.0,1.2616199490502134,48.8,0.04334841882867809,0.2626728450148903,,,,,,0.2626728450148903,0.0,0.0,barometer_altitude,0.0,48.8
1.0,80.0,5.897656876781137,49.0,4.639975322751189,0.311278767821932,2.443201999646405,0.4789412518239544,-0.23000490658336048,0.318863637844228,0.8395651744553294,2.674875915593378,0.0,0.0,gps_position_velocity,0.0,49.0
1.0,80.0,1.257832663225804,49.0,0.09819296112783853,-0.3941513756791579,,,,,,0.3941513756791579,0.0,0.0,barometer_altitude,0.0,49.0
1.0,80.0,1.25868743681454,49.2,0.07091756585290188,-0.3351928975759222,,,,,,0.3351928975759222,0.0,0.0,barometer_altitude,0.0,49.2
1.0,80.0,1.2595782021365292,49.4,1.6154821119946217,1.6009442660574678,,,,,,1.6009442660574678,0.0,0.0,barometer_altitude,0.0,49.4
1.0,80.0,1.2604932816416456,49.6,0.09683991745467353,0.3922543247505388,,,,,,0.3922543247505388,0.0,0.0,barometer_altitude,0.0,49.6
1.0,80.0,1.2614208933630349,49.8,0.5890573786581957,-0.9681414631560301,,,,,,0.9681414631560301,0.0,0.0,barometer_altitude,0.0,49.8
1.0,80.0,5.888852516082488,50.0,1.6048046805250764,-1.268741719100717,-0.9957071299487552,-0.9153687765321905,0.5177049217103296,-0.029379482297840376,-0.04460241394042297,1.9261124449886018,0.0,0.0,gps_position_velocity,0.0,50.0
1.0,80.0,1.2576761523650177,50.0,0.5601801186121215,0.9413099982773474,,,,,,0.9413099982773474,0.0,0.0,barometer_altitude,0.0,50.0
1.0,80.0,1.2585429370018235,50.2,0.004349990227387637,0.0830065143917551,,,,,,0.0830065143917551,0.0,0.0,barometer_altitude,0.0,50.2
1.0,80.0,1.2594443579720687,50.4,0.09723836724375844,0.3927333789659144,,,,,,0.3927333789659144,0.0,0.0,barometer_altitude,0.0,50.4
1.0,80.0,1.260368813738538,50.6,0.06054822744817043,-0.31013327505829125,,,,,,0.31013327505829125,0.0,0.0,barometer_altitude,0.0,50.6
1.0,80.0,1.2613046053045394,50.8,0.03047540469216436,0.22018854525680354,,,,,,0.22018854525680354,0.0,0.0,barometer_altitude,0.0,50.8
1.0,80.0,5.882189061734336,51.0,2.1101839855629954,3.637102477700182,-2.4660091270534252,-0.4521860684914145,-0.05308222746226221,0.2372671108110529,0.12539173931277858,4.425948958310995,0.0,0.0,gps_position_velocity,0.0,51.0
1.0,80.0,1.2575849675705788,51.0,0.14606983993167633,0.48063745800924096,,,,,,0.48063745800924096,0.0,0.0,barometer_altitude,0.0,51.0
1.0,80.0,1.2584567683320838,51.2,0.054422065864436854,-0.29357955824650617,,,,,,0.29357955824650617,0.0,0.0,barometer_altitude,0.0,51.2
1.0,80.0,1.2593622787050058,51.4,0.0005343798153746287,0.02911224541387014,,,,,,0.02911224541387014,0.0,0.0,barometer_altitude,0.0,51.4
1.0,80.0,1.2602900068429521,51.6,0.024246371462877378,0.1962428623926371,,,,,,0.1962428623926371,0.0,0.0,barometer_altitude,0.0,51.6
1.0,80.0,1.2612283626767082,51.8,1.0865774794936138,-1.314692176226373,,,,,,1.314692176226373,0.0,0.0,barometer_altitude,0.0,51.8
1.0,80.0,5.87713054174094,52.0,2.6849791362638538,-0.4686953551818078,0.26000053249414634,3.633143538788474,-0.5202228619370715,-0.014846430051254522,0.20638845814412055,3.714896502532614,0.0,0.0,gps_position_velocity,0.0,52.0
1.0,80.0,1.2575254786022623,52.0,0.24433257359344784,-0.6215949504061768,,,,,,0.6215949504061768,0.0,0.0,barometer_altitude,0.0,52.0
1.0,80.0,1.2583982911736051,52.2,1.643753639900295,-1.613379311454807,,,,,,1.613379311454807,0.0,0.0,barometer_altitude,0.0,52.2
1.0,80.0,1.259304314834326,52.4,0.6832548924547003,-1.0409312972539624,,,,,,1.0409312972539624,0.0,0.0,barometer_altitude,0.0,52.4
1.0,80.0,1.2602321563686525,52.6,1.5733446225308982,1.5807474395686825,,,,,,1.5807474395686825,0.0,0.0,barometer_altitude,0.0,52.6
1.0,80.0,1.2611703194314663,52.8,0.09720086268873998,0.393195737518397,,,,,,0.393195737518397,0.0,0.0,barometer_altitude,0.0,52.8
1.0,80.0,5.87328416538097,53.0,2.3030161675028267,0.036794462781244874,2.6951999081817632,0.471177695050244,0.32540365919780356,0.29863122330373226,0.41759529404709844,2.803019581884631,0.0,0.0,gps_position_velocity,0.0,53.0
1.0,80.0,1.2574803826498397,53.0,0.14408889788285972,-0.47732752469104867,,,,,,0.47732752469104867,0.0,0.0,barometer_altitude,0.0,53.0
1.0,80.0,1.2583523710940907,53.2,0.05426668389378473,0.2931358354873055,,,,,,0.2931358354873055,0.0,0.0,barometer_altitude,0.0,53.2
1.0,80.0,1.259257369892256,53.4,0.10249045050861141,0.4031402885662203,,,,,,0.4031402885662203,0.0,0.0,barometer_altitude,0.0,53.4
1.0,80.0,1.2601840594690668,53.6,0.29112118858834396,-0.6799404676632861,,,,,,0.6799404676632861,0.0,0.0,barometer_altitude,0.0,53.6
1.0,80.0,1.2611210111296887,53.8,0.022989684671628745,0.1912155771370152,,,,,,0.1912155771370152,0.0,0.0,barometer_altitude,0.0,53.8
1.0,80.0,5.870357086624962,54.0,1.8225521761780066,2.553881411410657,-0.8482589338374709,-2.3395489885354976,0.2902882368376467,-0.20326157945470014,-0.2114660117538265,3.5896578327742104,0.0,0.0,gps_position_velocity,0.0,54.0
1.0,80.0,1.2574421435048944,54.0,0.09536206927064099,0.38830755905898684,,,,,,0.38830755905898684,0.0,0.0,barometer_altitude,0.0,54.0
1.0,80.0,1.258312722683114,54.2,0.043843051938194134,0.2634747352190203,,,,,,0.2634747352190203,0.0,0.0,barometer_altitude,0.0,54.2
1.0,80.0,1.2592162741453,54.4,0.3852028273832578,-0.7815289335329965,,,,,,0.7815289335329965,0.0,0.0,barometer_altitude,0.0,54.4
1.0,80.0,1.260141528768721,54.6,0.5035532214900459,0.8942151296180754,,,,,,0.8942151296180754,0.0,0.0,barometer_altitude,0.0,54.6
1.0,80.0,1.2610771029180836,54.8,0.009580611112426517,-0.12343497868752706,,,,,,0.12343497868752706,0.0,0.0,barometer_altitude,0.0,54.8
1.0,80.0,5.868128427587259,55.0,2.5028252879844963,0.5867302707570161,2.356726543178638,1.3978795519968514,-0.30237770146824516,-0.45467557830016925,0.2508651661641913,2.8659335545819364,0.0,0.0,gps_position_velocity,0.0,55.0
1.0,80.0,1.257408093299743,55.0,0.06879134671755269,-0.3297943090646953,,,,,,0.3297943090646953,0.0,0.0,barometer_altitude,0.0,55.0
1.0,80.0,1.2582772542901204,55.2,0.014508363996523181,0.1515603388111515,,,,,,0.1515603388111515,0.0,0.0,barometer_altitude,0.0,55.2
1.0,80.0,1.2591794174958535,55.4,0.0013164833937640349,-0.04568728060014848,,,,,,0.04568728060014848,0.0,0.0,barometer_altitude,0.0,55.4
1.0,80.0,1.260103347953734,55.6,0.03964558078042461,0.25090167325141977,,,,,,0.25090167325141977,0.0,0.0,barometer_altitude,0.0,55.6
1.0,80.0,1.2610376919474275,55.8,0.05376373792790257,-0.29239692119807614,,,,,,0.29239692119807614,0.0,0.0,barometer_altitude,0.0,55.8
1.0,80.0,5.866430405411714,56.0,1.7526915915020327,1.373699501094734,0.8941519811112499,1.585451788084498,0.4209691625433969,0.12229752643823089,-0.30298615462750345,2.3418342784353436,0.0,0.0,gps_position_velocity,0.0,56.0
1.0,80.0,1.2573775111246028,56.0,0.0007172655553048744,0.033674850493966346,,,,,,0.033674850493966346,0.0,0.0,barometer_altitude,0.0,56.0
1.0,80.0,1.2582454328771484,56.2,0.03884143420279133,0.24797790780071693,,,,,,0.24797790780071693,0.0,0.0,barometer_altitude,0.0,56.2
1.0,80.0,1.259146403100015,56.4,0.28184422255930996,-0.668468270062931,,,,,,0.668468270062931,0.0,0.0,barometer_altitude,0.0,56.4
1.0,80.0,1.2600692112828094,56.6,0.3235828620529556,-0.7167821079096797,,,,,,0.7167821079096797,0.0,0.0,barometer_altitude,0.0,56.6
1.0,80.0,1.2610025250147472,56.8,0.6165644844463264,-0.9901596138565765,,,,,,0.9901596138565765,0.0,0.0,barometer_altitude,0.0,56.8
1.0,80.0,5.865135117971511,57.0,1.4372075509594835,-2.503280420801957,-2.820862377212478,0.5621902842318178,0.017503627092374074,-0.10605765478555973,-0.17442360599175277,3.818600991129484,0.0,0.0,gps_position_velocity,0.0,57.0
1.0,80.0,1.2573502040752087,57.0,0.78585116447956,1.114618910920015,,,,,,1.114618910920015,0.0,0.0,barometer_altitude,0.0,57.0
1.0,80.0,1.2582170771507974,57.2,0.1298085940585688,0.45332252428006825,,,,,,0.45332252428006825,0.0,0.0,barometer_altitude,0.0,57.2
1.0,80.0,1.2591170397834455,57.4,0.11819504270481232,-0.4328782171853476,,,,,,0.4328782171853476,0.0,0.0,barometer_altitude,0.0,57.4
1.0,80.0,1.26003890072133,57.6,0.00044089633911677424,-0.02645770680986459,,,,,,0.02645770680986459,0.0,0.0,barometer_altitude,0.0,57.6
1.0,80.0,1.2609713444820552,57.8,0.12408817343415302,-0.44419167346556776,,,,,,0.44419167346556776,0.0,0.0,barometer_altitude,0.0,57.8
1.0,80.0,5.8641449830867005,58.0,0.7301654005740708,-0.9119982347617679,-2.3630410842377785,-0.660732370746345,0.06598295767382467,-0.14342099655877305,0.09922340811547636,2.6243170215184883,0.0,0.0,gps_position_velocity,0.0,58.0
1.0,80.0,1.2573259809478496,58.0,0.055752458070375335,0.29687928789873297,,,,,,0.29687928789873297,0.0,0.0,barometer_altitude,0.0,58.0
1.0,80.0,1.2581919527284766,58.2,0.04525991795125436,-0.2676725179698849,,,,,,0.2676725179698849,0.0,0.0,barometer_altitude,0.0,58.2
1.0,80.0,1.2590910448917105,58.4,0.5777819500931123,0.957059900495409,,,,,,0.957059900495409,0.0,0.0,barometer_altitude,0.0,58.4
1.0,80.0,1.2600120827428694,58.6,2.4371490234619086,-1.967051600127789,,,,,,1.967051600127789,0.0,0.0,barometer_altitude,0.0,58.6
1.0,80.0,1.260943765564176,58.8,0.015050272365378361,-0.154692015673092,,,,,,0.154692015673092,0.0,0.0,barometer_altitude,0.0,58.8
1.0,80.0,5.863385632185796,59.0,0.6781039610210977,1.3209969623408142,-0.6745759619796274,-1.5255113867820143,-0.20485414740809205,0.05763149095206799,-0.07062839835159274,2.1395199637557365,0.0,0.0,gps_position_velocity,0.0,59.0
1.0,80.0,1.2573045498464939,59.0,0.002352406299340849,-0.06098129657073059,,,,,,0.06098129657073059,0.0,0.0,barometer_altitude,0.0,59.0
1.0,80.0,1.2581697238737775,59.2,0.36691246458104515,0.7621149185388845,,,,,,0.7621149185388845,0.0,0.0,barometer_altitude,0.0,59.2
1.0,80.0,1.2590680404794385,59.4,0.05205481715298099,-0.2872629809224776,,,,,,0.2872629809224776,0.0,0.0,barometer_altitude,0.0,59.4
1.0,80.0,1.2599883399452971,59.6,0.655680728493052,-1.0202644061988764,,,,,,1.0202644061988764,0.0,0.0,barometer_altitude,0.0,59.6
1.0,80.0,1.2609193350703043,59.8,0.6314278071260623,1.0019571669760978,,,,,,1.0019571669760978,0.0,0.0,barometer_altitude,0.0,59.8
1.0,80.0,5.86280052230754,60.0,0.926199150287057,2.2779160511188365,-2.186315236055549,-0.017429226051191904,-0.026503641970517577,0.08417391424773973,0.012727335884103574,3.1586594151998093,0.0,0.0,gps_position_velocity,0.0,60.0
1.0,80.0,1.25728556252033,60.0,0.03418046111926716,-0.2324464336015808,,,,,,0.2324464336015808,0.0,0.0,barometer_altitude,0.0,60.0
