accepted,gate,innovation_std,measurement_time_s,nis,residual_0,residual_1,residual_2,residual_norm,sensor_is_dropout,sensor_is_outlier,source,stale_s,time_s
1.0,70.0,9.474175425861608,0.0,5.069448447352705,-2.5478026477056637,2.9335401250459228,-1.192892166334346,4.0644738549303385,0.0,0.0,gps_range_bearing_altitude,0.0,0.0
1.0,70.0,2.8742983333486642,0.0,0.057099929952470166,-0.6868305920713311,,,0.6868305920713311,0.0,0.0,barometer_altitude,0.0,0.0
1.0,70.0,1.5930942077341212,0.2,0.018539249941589793,0.21691397769237142,,,0.21691397769237142,0.0,0.0,barometer_altitude,0.0,0.2
1.0,70.0,1.5915538234601059,0.4,0.00014088798296922427,0.018891146068170883,,,0.018891146068170883,0.0,0.0,barometer_altitude,0.0,0.4
1.0,70.0,1.5797401803250073,0.6,0.0384956661422379,-0.3099499595946895,,,0.3099499595946895,0.0,0.0,barometer_altitude,0.0,0.6
1.0,70.0,1.521530449001812,0.8,0.3595229714391136,-0.9123132243344401,,,0.9123132243344401,0.0,0.0,barometer_altitude,0.0,0.8
1.0,70.0,6.184809592816618,1.0,7.071897022558075,-12.031039158313007,-0.24593961308457502,-0.9412813900113832,12.070310691002403,0.0,0.0,gps_range_bearing_altitude,0.0,1.0
1.0,70.0,1.42075922981974,1.0,0.1874760794621847,0.6151675487179205,,,0.6151675487179205,0.0,0.0,barometer_altitude,0.0,1.0
1.0,70.0,1.3848837277767136,1.2,0.07013729129976423,0.3667649344602495,,,0.3667649344602495,0.0,0.0,barometer_altitude,0.0,1.2
1.0,70.0,1.3500727460517925,1.4,0.0267513653377586,0.2208158006606311,,,0.2208158006606311,0.0,0.0,barometer_altitude,0.0,1.4
1.0,70.0,1.3203285153481383,1.6,0.03382854944722174,-0.2428419384077216,,,0.2428419384077216,0.0,0.0,barometer_altitude,0.0,1.6
1.0,70.0,1.2962274964696032,1.8,0.24504853747089675,0.6416634281103342,,,0.6416634281103342,0.0,0.0,barometer_altitude,0.0,1.8
1.0,70.0,6.289358920128022,2.0,1.902286214478295,-2.477311931135958,0.18948334392387478,0.9633343348244523,2.6647685419985003,0.0,0.0,gps_range_bearing_altitude,0.0,2.0
1.0,70.0,1.2657496960748569,2.0,0.39281548306913505,0.7933085418078178,,,0.7933085418078178,0.0,0.0,barometer_altitude,0.0,2.0
1.0,70.0,1.2554898513797923,2.2,1.1297749183438661,-1.334471093948281,,,1.334471093948281,0.0,0.0,barometer_altitude,0.0,2.2
1.0,70.0,1.2475488080996062,2.4,0.020893906353041534,-0.18032974457727846,,,0.18032974457727846,0.0,0.0,barometer_altitude,0.0,2.4
1.0,70.0,1.2418576111461366,2.6,0.04619918198626278,-0.26692481250096023,,,0.26692481250096023,0.0,0.0,barometer_altitude,0.0,2.6
1.0,70.0,1.2381451527618985,2.8,0.0007761525388101005,-0.03449412262835949,,,0.03449412262835949,0.0,0.0,barometer_altitude,0.0,2.8
1.0,70.0,5.91246821368174,3.0,0.5806730834296925,2.4736469347953616,0.03572401067461861,1.4351252827797225,2.860033206141975,0.0,0.0,gps_range_bearing_altitude,0.0,3.0
1.0,70.0,1.2282359603248385,3.0,0.24451563044730604,-0.6073445261331756,,,0.6073445261331756,0.0,0.0,barometer_altitude,0.0,3.0
1.0,70.0,1.229471200222515,3.2,0.05503659912701064,0.2884324738813575,,,0.2884324738813575,0.0,0.0,barometer_altitude,0.0,3.2
1.0,70.0,1.2308911756723853,3.4,0.23050222076385593,0.5909588150346963,,,0.5909588150346963,0.0,0.0,barometer_altitude,0.0,3.4
1.0,70.0,1.232143916237935,3.6,0.5685449926334682,0.9290602015977214,,,0.9290602015977214,0.0,0.0,barometer_altitude,0.0,3.6
1.0,70.0,1.2329482069573345,3.8,0.39728094936798997,-0.7771300514867221,,,0.7771300514867221,0.0,0.0,barometer_altitude,0.0,3.8
1.0,70.0,5.608839620257902,4.0,2.2457866692847968,6.9653531732029705,0.007440326741166903,0.557473485752098,6.987630275939569,0.0,0.0,gps_range_bearing_altitude,0.0,4.0
1.0,70.0,1.225572253370371,4.0,0.022747979777219478,0.18484611908935733,,,0.18484611908935733,0.0,0.0,barometer_altitude,0.0,4.0
1.0,70.0,1.2271249344604263,4.2,0.07947837560789163,-0.34594994984824723,,,0.34594994984824723,0.0,0.0,barometer_altitude,0.0,4.2
1.0,70.0,1.2275108232132548,4.4,0.05539177817765702,0.2889002938534162,,,0.2889002938534162,0.0,0.0,barometer_altitude,0.0,4.4
1.0,70.0,1.2268399160167105,4.6,0.43327064220002304,0.8075464810797399,,,0.8075464810797399,0.0,0.0,barometer_altitude,0.0,4.6
1.0,70.0,1.2252768386321509,4.8,0.05379639681414474,0.2841913259555753,,,0.2841913259555753,0.0,0.0,barometer_altitude,0.0,4.8
1.0,70.0,5.444606711488949,5.0,2.8941201893705677,3.1963407393831744,0.07786793674719394,0.7538231007100222,3.2849515681327657,0.0,0.0,gps_range_bearing_altitude,0.0,5.0
1.0,70.0,1.2162552449790602,5.0,0.27070260922211525,-0.632806522714489,,,0.632806522714489,0.0,0.0,barometer_altitude,0.0,5.0
1.0,70.0,1.2152897312543105,5.2,0.8633010251307439,-1.129174226036298,,,1.129174226036298,0.0,0.0,barometer_altitude,0.0,5.2
1.0,70.0,1.2135118693231095,5.4,0.0060722804284753466,0.09456271622634915,,,0.09456271622634915,0.0,0.0,barometer_altitude,0.0,5.4
1.0,70.0,1.211130126404101,5.6,0.006681857992635476,0.09900096501461064,,,0.09900096501461064,0.0,0.0,barometer_altitude,0.0,5.6
1.0,70.0,1.2083243433541575,5.8,1.5692475841020424e-05,-0.00478662339787661,,,0.00478662339787661,0.0,0.0,barometer_altitude,0.0,5.8
1.0,70.0,5.376951838122922,6.0,1.5289062160501643,3.931902231998592,-0.03107536358140317,1.190026601211727,4.108160677457584,0.0,0.0,gps_range_bearing_altitude,0.0,6.0
1.0,70.0,1.1997905344437425,6.0,0.026332543802523506,0.19469367325301334,,,0.19469367325301334,0.0,0.0,barometer_altitude,0.0,6.0
1.0,70.0,1.1979316978410508,6.2,0.40037192810027894,0.7579906812811998,,,0.7579906812811998,0.0,0.0,barometer_altitude,0.0,6.2
1.0,70.0,1.1956800311246316,6.4,0.5589162298269399,-0.8938987637302347,,,0.8938987637302347,0.0,0.0,barometer_altitude,0.0,6.4
1.0,70.0,1.1931631629519845,6.6,0.03433242115566285,0.22108132177213236,,,0.22108132177213236,0.0,0.0,barometer_altitude,0.0,6.6
1.0,70.0,1.1904825459178558,6.8,0.22397342050271818,-0.563405748355919,,,0.563405748355919,0.0,0.0,barometer_altitude,0.0,6.8
1.0,70.0,5.358341034057596,7.0,0.23750421134627614,0.8002116746679917,-0.005208930213965957,1.2950616745344803,1.5223503532620137,0.0,0.0,gps_range_bearing_altitude,0.0,7.0
1.0,70.0,1.1834135884005503,7.0,0.05790360777645915,0.2847668057070507,,,0.2847668057070507,0.0,0.0,barometer_altitude,0.0,7.0
1.0,70.0,1.1816198161935343,7.2,0.8307827043877967,-1.07701434784164,,,1.07701434784164,0.0,0.0,barometer_altitude,0.0,7.2
1.0,70.0,1.1796317310445943,7.4,0.0005738379399887818,0.02825797753655479,,,0.02825797753655479,0.0,0.0,barometer_altitude,0.0,7.4
1.0,70.0,1.1775200316852628,7.6,0.007495614250541861,-0.10194640558508183,,,0.10194640558508183,0.0,0.0,barometer_altitude,0.0,7.6
1.0,70.0,1.175340503191359,7.8,0.027727425145137978,0.1957124588679875,,,0.1957124588679875,0.0,0.0,barometer_altitude,0.0,7.8
1.0,70.0,5.34810602638857,8.0,2.414484518763226,6.781794230862431,0.0035356336928584753,-0.4251671101595207,6.795109459164434,0.0,0.0,gps_range_bearing_altitude,0.0,8.0
1.0,70.0,1.169687119266732,8.0,0.09913511837337502,-0.3682845263783463,,,0.3682845263783463,0.0,0.0,barometer_altitude,0.0,8.0
1.0,70.0,1.1682205410840232,8.2,0.033332750434583065,0.21328504928591485,,,0.21328504928591485,0.0,0.0,barometer_altitude,0.0,8.2
1.0,70.0,1.1666465518459805,8.4,0.5083389743075284,0.8317944263274484,,,0.8317944263274484,0.0,0.0,barometer_altitude,0.0,8.4
1.0,70.0,1.1650061592929677,8.6,0.5275135076045635,-0.8461454312383125,,,0.8461454312383125,0.0,0.0,barometer_altitude,0.0,8.6
1.0,70.0,1.1633322560787693,8.8,0.047874504669611344,0.25453992797193337,,,0.25453992797193337,0.0,0.0,barometer_altitude,0.0,8.8
1.0,70.0,5.323460718499701,9.0,1.01561266916904,-3.4660433675672664,0.014924608078664026,-1.893109180173269e-05,3.4660754997751746,0.0,0.0,gps_range_bearing_altitude,0.0,9.0
1.0,70.0,1.1588090317541115,9.0,0.0932901512833355,-0.35394010069492765,,,0.35394010069492765,0.0,0.0,barometer_altitude,0.0,9.0
1.0,70.0,1.157691816198807,9.2,0.03916330405642538,0.22910397558273132,,,0.22910397558273132,0.0,0.0,barometer_altitude,0.0,9.2
1.0,70.0,1.1565074947773841,9.4,0.8723225412640067,-1.0801572851060257,,,1.0801572851060257,0.0,0.0,barometer_altitude,0.0,9.4
1.0,70.0,1.155281357170082,9.6,0.23036449774778367,-0.5544923257434675,,,0.5544923257434675,0.0,0.0,barometer_altitude,0.0,9.6
1.0,70.0,1.1540341939976952,9.8,0.0008045141182742469,0.03273297750774873,,,0.03273297750774873,0.0,0.0,barometer_altitude,0.0,9.8
1.0,70.0,5.280646105534254,10.0,0.44750916318038003,-2.28972116944999,0.002265888331132615,1.1957643261635127,2.5831532071874173,0.0,0.0,gps_range_bearing_altitude,0.0,10.0
1.0,70.0,1.1503705520745506,10.0,0.11528280036380736,0.39058900567783894,,,0.39058900567783894,0.0,0.0,barometer_altitude,0.0,10.0
1.0,70.0,1.1495623166445188,10.2,0.0003636321520760827,0.021921166314257334,,,0.021921166314257334,0.0,0.0,barometer_altitude,0.0,10.2
1.0,70.0,1.148706667336103,10.4,1.4037654021694712,-1.3609946217646893,,,1.3609946217646893,0.0,0.0,barometer_altitude,0.0,10.4
1.0,70.0,1.1478200434740709,10.6,0.03909002515162709,-0.22693776801045829,,,0.22693776801045829,0.0,0.0,barometer_altitude,0.0,10.6
1.0,70.0,1.1469163420690809,10.8,1.1119854785968712,1.209431564298768,,,1.209431564298768,0.0,0.0,barometer_altitude,0.0,10.8
1.0,70.0,5.225784709982234,11.0,1.3116248744978645,-1.4669479627567625,-0.0033618992537487458,3.26872650661646,3.5828090380119137,0.0,0.0,gps_range_bearing_altitude,0.0,11.0
1.0,70.0,1.143899691309424,11.0,0.0961558661065831,0.3547119622691781,,,0.3547119622691781,0.0,0.0,barometer_altitude,0.0,11.0
1.0,70.0,1.1433493153075176,11.2,0.008181649466495194,0.10341877051072856,,,0.10341877051072856,0.0,0.0,barometer_altitude,0.0,11.2
1.0,70.0,1.1427610787298939,11.4,0.11020825670505535,-0.3793695825552419,,,0.3793695825552419,0.0,0.0,barometer_altitude,0.0,11.4
1.0,70.0,1.1421461461026674,11.6,0.9624442839263809,-1.1204938506506892,,,1.1204938506506892,0.0,0.0,barometer_altitude,0.0,11.6
1.0,70.0,1.1415142482646397,11.8,0.03856332373552943,0.22416539270673752,,,0.22416539270673752,0.0,0.0,barometer_altitude,0.0,11.8
1.0,70.0,5.166332479551737,12.0,2.3420475636622364,-5.799658837133421,-0.0023781261139070864,-1.9139458455012743,6.107310126572514,0.0,0.0,gps_range_bearing_altitude,0.0,12.0
1.0,70.0,1.1389837588522285,12.0,0.3889073356278211,-0.7102980114936059,,,0.7102980114936059,0.0,0.0,barometer_altitude,0.0,12.0
1.0,70.0,1.1386426692464902,12.2,1.5448830368579018,1.415256821063224,,,1.415256821063224,0.0,0.0,barometer_altitude,0.0,12.2
1.0,70.0,1.1382678302037244,12.4,0.2840156877903686,-0.6066184661494276,,,0.6066184661494276,0.0,0.0,barometer_altitude,0.0,12.4
1.0,70.0,1.1378671359929218,12.6,0.05014025698429235,-0.25479143924704317,,,0.25479143924704317,0.0,0.0,barometer_altitude,0.0,12.6
1.0,70.0,1.1374477070861195,12.8,0.03442535395890966,0.2110428517631533,,,0.2110428517631533,0.0,0.0,barometer_altitude,0.0,12.8
1.0,70.0,5.107578836169352,13.0,1.8839610608010553,-4.423766263256596,-0.0029981671569632162,-2.5090749999964572,5.085781581678547,0.0,0.0,gps_range_bearing_altitude,0.0,13.0
1.0,70.0,1.1352816417933786,13.0,0.006907733405980947,0.09435640791403443,,,0.09435640791403443,0.0,0.0,barometer_altitude,0.0,13.0
1.0,70.0,1.1351066766263551,13.2,0.007908469082375845,-0.10094455288137283,,,0.10094455288137283,0.0,0.0,barometer_altitude,0.0,13.2
1.0,70.0,1.1348990607292222,13.4,0.15061363485445545,-0.4404426646792672,,,0.4404426646792672,0.0,0.0,barometer_altitude,0.0,13.4
1.0,70.0,1.1346646211684817,13.6,0.3486138651928172,0.6699460668563688,,,0.6699460668563688,0.0,0.0,barometer_altitude,0.0,13.6
1.0,70.0,1.1344088211470762,13.8,0.29530704225902454,0.616462263856846,,,0.616462263856846,0.0,0.0,barometer_altitude,0.0,13.8
1.0,70.0,5.05240964671887,14.0,6.971878378592004,-9.540434434066299,-0.015666550040670746,0.6658898280522862,9.563657453851619,0.0,0.0,gps_range_bearing_altitude,0.0,14.0
1.0,70.0,1.1325144131284564,14.0,0.021970841089625943,0.1678676765077114,,,0.1678676765077114,0.0,0.0,barometer_altitude,0.0,14.0
1.0,70.0,1.1324683020973054,14.2,0.0003279159399477967,-0.020507244954245607,,,0.020507244954245607,0.0,0.0,barometer_altitude,0.0,14.2
1.0,70.0,1.132389059894769,14.4,0.48847489129684846,0.7914377974075819,,,0.7914377974075819,0.0,0.0,barometer_altitude,0.0,14.4
1.0,70.0,1.1322812043774402,14.6,1.4576737741592105,-1.3670502173872023,,,1.3670502173872023,0.0,0.0,barometer_altitude,0.0,14.6
1.0,70.0,1.1321491517295945,14.8,1.076499737974855,1.1746557521644547,,,1.1746557521644547,0.0,0.0,barometer_altitude,0.0,14.8
1.0,70.0,5.002051849533574,15.0,0.3415993685763697,-1.8782147393142736,-0.0036942866714890776,-0.5275034643389631,1.950888043845931,0.0,0.0,gps_range_bearing_altitude,0.0,15.0
1.0,70.0,1.1304556509789943,15.0,1.3554633358380348,-1.3161258420351771,,,1.3161258420351771,0.0,0.0,barometer_altitude,0.0,15.0
1.0,70.0,1.1305070856730517,15.2,0.8413411183360874,1.0369536531224242,,,1.0369536531224242,0.0,0.0,barometer_altitude,0.0,15.2
1.0,70.0,1.1305242307450274,15.4,0.23607432854397767,-0.5492932429650068,,,0.5492932429650068,0.0,0.0,barometer_altitude,0.0,15.4
1.0,70.0,1.1305107819639757,15.6,0.02297467572271268,-0.17135603472698335,,,0.17135603472698335,0.0,0.0,barometer_altitude,0.0,15.6
1.0,70.0,1.1304705032650868,15.8,0.3739511673789564,-0.691300198657018,,,0.691300198657018,0.0,0.0,barometer_altitude,0.0,15.8
1.0,70.0,4.956787362692503,16.0,0.642281557759951,-1.8269045421785108,-0.0007056095921380567,-1.9668918904084762,2.684444898423508,0.0,0.0,gps_range_bearing_altitude,0.0,16.0
1.0,70.0,1.128924379996321,16.0,1.1547048507625934,-1.2131104593017312,,,1.2131104593017312,0.0,0.0,barometer_altitude,0.0,16.0
1.0,70.0,1.1290479215916225,16.2,3.2338500641962065,-2.0303565726660793,,,2.0303565726660793,0.0,0.0,barometer_altitude,0.0,16.2
1.0,70.0,1.1291358871345467,16.4,2.159388513407323,-1.6592491512642198,,,1.6592491512642198,0.0,0.0,barometer_altitude,0.0,16.4
1.0,70.0,1.1291914605338658,16.6,0.7174219861707966,0.9564338233926151,,,0.9564338233926151,0.0,0.0,barometer_altitude,0.0,16.6
1.0,70.0,1.1292180037832946,16.8,0.12891201038012168,0.4054380312877015,,,0.4054380312877015,0.0,0.0,barometer_altitude,0.0,16.8
1.0,70.0,4.9164285809580095,17.0,2.203828054057237,-3.370190382313865,-0.01013429674138644,-2.1817949955245126,4.014787082711501,0.0,0.0,gps_range_bearing_altitude,0.0,17.0
1.0,70.0,1.1277793579284345,17.0,0.17436463277105815,-0.47092672908669897,,,0.47092672908669897,0.0,0.0,barometer_altitude,0.0,17.0
1.0,70.0,1.1279550863864036,17.2,0.2828243535584401,-0.5998604217976435,,,0.5998604217976435,0.0,0.0,barometer_altitude,0.0,17.2
1.0,70.0,1.1280941194608936,17.4,0.019369809155300077,0.15700301998143118,,,0.15700301998143118,0.0,0.0,barometer_altitude,0.0,17.4
1.0,70.0,1.1281993210750436,17.6,0.04648837659366106,0.24325289877421596,,,0.24325289877421596,0.0,0.0,barometer_altitude,0.0,17.6
1.0,70.0,1.1282738038646736,17.8,0.057063381449209825,-0.2695214016682428,,,0.2695214016682428,0.0,0.0,barometer_altitude,0.0,17.8
1.0,70.0,4.880586140050043,18.0,3.1330486831478335,-5.891801828230996,0.005111096099501999,2.122754860177139,6.26254286235672,0.0,0.0,gps_range_bearing_altitude,0.0,18.0
1.0,70.0,1.1269134298368604,18.0,2.3095061375423325,1.7125770307681307,,,1.7125770307681307,0.0,0.0,barometer_altitude,0.0,18.0
1.0,70.0,1.1271263087682049,18.2,1.8976481346634395,1.5526745371331288,,,1.5526745371331288,0.0,0.0,barometer_altitude,0.0,18.2
1.0,70.0,1.127301657735615,18.4,0.9583002579370749,-1.1035472889161042,,,1.1035472889161042,0.0,0.0,barometer_altitude,0.0,18.4
1.0,70.0,1.1274421350609807,18.6,1.1600072292179688,1.2142961253425142,,,1.2142961253425142,0.0,0.0,barometer_altitude,0.0,18.6
1.0,70.0,1.1275506929226307,18.8,0.6097386410511021,0.8804565637456108,,,0.8804565637456108,0.0,0.0,barometer_altitude,0.0,18.8
1.0,70.0,4.848809423912106,19.0,0.5223474373934373,-0.6539358846214327,-0.006105118172255342,-0.693729317007552,0.9533780881367463,0.0,0.0,gps_range_bearing_altitude,0.0,19.0
1.0,70.0,1.1262475856356702,19.0,1.3283578365374908,-1.298049977761849,,,1.298049977761849,0.0,0.0,barometer_altitude,0.0,19.0
1.0,70.0,1.1264866369612472,19.2,0.42495835109527763,0.7343434547827883,,,0.7343434547827883,0.0,0.0,barometer_altitude,0.0,19.2
1.0,70.0,1.1266876180291474,19.4,0.0020283458705012023,0.050742811644397534,,,0.050742811644397534,0.0,0.0,barometer_altitude,0.0,19.4
1.0,70.0,1.1268530476594938,19.6,0.01628791924317114,-0.14381364286910525,,,0.14381364286910525,0.0,0.0,barometer_altitude,0.0,19.6
1.0,70.0,1.1269857674744779,19.8,0.0065819844058186685,0.09143171288951635,,,0.09143171288951635,0.0,0.0,barometer_altitude,0.0,19.8
1.0,70.0,4.820653870851459,20.0,0.1543698278659022,0.8512103507992492,-0.001800008778226836,-0.738581393249234,1.1269715062029573,0.0,0.0,gps_range_bearing_altitude,0.0,20.0
1.0,70.0,1.1257250306963067,20.0,0.12149679500170885,0.39238711125548775,,,0.39238711125548775,0.0,0.0,barometer_altitude,0.0,20.0
1.0,70.0,1.1259824616941396,20.2,0.30507370436892606,0.6219192703418059,,,0.6219192703418059,0.0,0.0,barometer_altitude,0.0,20.2
1.0,70.0,1.126201532765776,20.4,0.7259107785838189,-0.9595281859831459,,,0.9595281859831459,0.0,0.0,barometer_altitude,0.0,20.4
1.0,70.0,1.1263846609384198,20.6,0.04763705079031241,-0.2458437437847465,,,0.2458437437847465,0.0,0.0,barometer_altitude,0.0,20.6
1.0,70.0,1.126534604871538,20.8,0.24451377384368062,-0.5570525943911662,,,0.5570525943911662,0.0,0.0,barometer_altitude,0.0,20.8
1.0,70.0,4.795710251076467,21.0,0.6306749754659485,2.9148496780164237,-0.0007200757749532549,-0.28073009920601066,2.9283371651061265,0.0,0.0,gps_range_bearing_altitude,0.0,21.0
1.0,70.0,1.1253057654792469,21.0,0.6474254225254786,0.9054519709452222,,,0.9054519709452222,0.0,0.0,barometer_altitude,0.0,21.0
1.0,70.0,1.1255761668424082,21.2,0.10227405751964379,-0.3599628085952702,,,0.3599628085952702,0.0,0.0,barometer_altitude,0.0,21.2
1.0,70.0,1.1258081086236038,21.4,0.6259397487577938,-0.8906983298119826,,,0.8906983298119826,0.0,0.0,barometer_altitude,0.0,21.4
1.0,70.0,1.1260039279157172,21.6,0.008406416358772496,-0.1032393718877529,,,0.1032393718877529,0.0,0.0,barometer_altitude,0.0,21.6
1.0,70.0,1.1261663160080064,21.8,0.5225947703984622,-0.8141136997508482,,,0.8141136997508482,0.0,0.0,barometer_altitude,0.0,21.8
1.0,70.0,4.773613825318113,22.0,0.3091995376080053,0.7316179843371629,0.0016467253817009642,-1.4329815538912953,1.6089449090950152,0.0,0.0,gps_range_bearing_altitude,0.0,22.0
1.0,70.0,1.1249620261079891,22.0,0.2386179254647034,0.5495274555878495,,,0.5495274555878495,0.0,0.0,barometer_altitude,0.0,22.0
1.0,70.0,1.125241705066739,22.2,0.040360140865849006,-0.2260591846286104,,,0.2260591846286104,0.0,0.0,barometer_altitude,0.0,22.2
1.0,70.0,1.1254829566193671,22.4,0.01668156531269019,-0.14536415325889607,,,0.14536415325889607,0.0,0.0,barometer_altitude,0.0,22.4
1.0,70.0,1.1256880512491496,22.6,0.32480341864804163,0.6415468132867801,,,0.6415468132867801,0.0,0.0,barometer_altitude,0.0,22.6
1.0,70.0,1.1258596223081647,22.8,0.05635604047335782,0.26727262563719023,,,0.26727262563719023,0.0,0.0,barometer_altitude,0.0,22.8
1.0,70.0,4.754044661926141,23.0,0.5538771808451525,1.5362829583436906,-0.0011868354776152223,-1.795572194650262,2.3631009802538805,0.0,0.0,gps_range_bearing_altitude,0.0,23.0
1.0,70.0,1.1246747000579989,23.0,0.4690834827791718,-0.7702859849847385,,,0.7702859849847385,0.0,0.0,barometer_altitude,0.0,23.0
1.0,70.0,1.1249611633783752,23.2,0.004941595487621552,-0.07908081302065284,,,0.07908081302065284,0.0,0.0,barometer_altitude,0.0,23.2
1.0,70.0,1.1252093153188258,23.4,0.2291870296196101,-0.5386768810753466,,,0.5386768810753466,0.0,0.0,barometer_altitude,0.0,23.4
1.0,70.0,1.1254213685655963,23.6,0.039198155469666485,-0.22281682035858807,,,0.22281682035858807,0.0,0.0,barometer_altitude,0.0,23.6
1.0,70.0,1.1255999049052756,23.8,0.703090149095989,0.9438208221096573,,,0.9438208221096573,0.0,0.0,barometer_altitude,0.0,23.8
1.0,70.0,4.736723678907574,24.0,0.7828117585328105,-1.0606782448218155,-0.0035651053645908704,1.9959376611993491,2.26026949641154,0.0,0.0,gps_range_bearing_altitude,0.0,24.0
1.0,70.0,1.1244306484445115,24.0,1.1408958759267553,-1.201035044622074,,,1.201035044622074,0.0,0.0,barometer_altitude,0.0,24.0
1.0,70.0,1.1247222206825094,24.2,0.05952651203329343,0.27441035350190646,,,0.27441035350190646,0.0,0.0,barometer_altitude,0.0,24.2
1.0,70.0,1.1249756450813202,24.4,0.47030838279903225,0.7714974238670891,,,0.7714974238670891,0.0,0.0,barometer_altitude,0.0,24.4
1.0,70.0,1.125193082970228,24.6,0.8380029797500375,-1.0300299081689985,,,1.0300299081689985,0.0,0.0,barometer_altitude,0.0,24.6
1.0,70.0,1.1253770694590808,24.8,0.5621760781407791,0.843789744275611,,,0.843789744275611,0.0,0.0,barometer_altitude,0.0,24.8
1.0,70.0,4.721407532082878,25.0,2.4627086480597864,0.8061519026637143,0.008537906489683778,-2.64171420586311,2.761993434364846,0.0,0.0,gps_range_bearing_altitude,0.0,25.0
1.0,70.0,1.1242207784040688,25.0,0.03277918292385596,-0.20354042162382768,,,0.20354042162382768,0.0,0.0,barometer_altitude,0.0,25.0
1.0,70.0,1.1245163295848972,25.2,0.7731486213945451,0.9887745037735556,,,0.9887745037735556,0.0,0.0,barometer_altitude,0.0,25.2
1.0,70.0,1.1247739180632024,25.4,1.036751252761724,-1.1452558570567817,,,1.1452558570567817,0.0,0.0,barometer_altitude,0.0,25.4
1.0,70.0,1.1249956590055519,25.6,0.0956157650006378,0.3478688958197438,,,0.3478688958197438,0.0,0.0,barometer_altitude,0.0,25.6
1.0,70.0,1.1251840450365176,25.8,0.1279196259237558,-0.40243167442464767,,,0.40243167442464767,0.0,0.0,barometer_altitude,0.0,25.8
1.0,70.0,4.707883139525051,26.0,1.0530727180681223,-3.2618618647644553,-0.003028738864347069,-0.27069832861616305,3.2730764707197633,0.0,0.0,gps_range_bearing_altitude,0.0,26.0
1.0,70.0,1.1240386935315636,26.0,0.014733358265424401,0.1364369920753461,,,0.1364369920753461,0.0,0.0,barometer_altitude,0.0,26.0
1.0,70.0,1.124337450089707,26.2,0.7796404023907559,0.9927590279062741,,,0.9927590279062741,0.0,0.0,barometer_altitude,0.0,26.2
1.0,70.0,1.1245984331943948,26.4,0.33202496227783324,0.6480116923837329,,,0.6480116923837329,0.0,0.0,barometer_altitude,0.0,26.4
1.0,70.0,1.1248237163834423,26.6,0.09495232121146394,0.3466069427639553,,,0.3466069427639553,0.0,0.0,barometer_altitude,0.0,26.6
1.0,70.0,1.1250157536644256,26.8,0.8249490445024239,1.021814746217018,,,1.021814746217018,0.0,0.0,barometer_altitude,0.0,26.8
1.0,70.0,4.6959628663559245,27.0,0.07561484986290193,0.3175725992482512,0.0010156813454744729,0.6073664874546978,0.685381235142124,0.0,0.0,gps_range_bearing_altitude,0.0,27.0
1.0,70.0,1.1238797711814155,27.0,1.5738868518769602,1.409959402545951,,,1.409959402545951,0.0,0.0,barometer_altitude,0.0,27.0
1.0,70.0,1.1241811880501016,27.2,0.1371833909510371,0.4163773342747987,,,0.4163773342747987,0.0,0.0,barometer_altitude,0.0,27.2
1.0,70.0,1.124445013820918,27.4,0.816802554147858,1.016241126596995,,,1.016241126596995,0.0,0.0,barometer_altitude,0.0,27.4
1.0,70.0,1.1246732845629215,27.6,0.608537100359567,-0.8773439981295894,,,0.8773439981295894,0.0,0.0,barometer_altitude,0.0,27.6
1.0,70.0,1.1248684193647671,27.8,0.19467222894545658,-0.496310798960252,,,0.496310798960252,0.0,0.0,barometer_altitude,0.0,27.8
1.0,70.0,4.685480131114054,28.0,2.0317197937776204,-4.608787373767086,-0.0030956107549835465,-0.9316780825453179,4.702016023887645,0.0,0.0,gps_range_bearing_altitude,0.0,28.0
1.0,70.0,1.123740546541753,28.0,0.9908868298305067,-1.1186084078539125,,,1.1186084078539125,0.0,0.0,barometer_altitude,0.0,28.0
1.0,70.0,1.124044223066245,28.2,1.6889391661883324,1.4607987933318043,,,1.4607987933318043,0.0,0.0,barometer_altitude,0.0,28.2
1.0,70.0,1.124310477721377,28.4,0.028115080614879936,0.18851934603047482,,,0.18851934603047482,0.0,0.0,barometer_altitude,0.0,28.4
1.0,70.0,1.124541313009835,28.6,0.015441388677587204,-0.1397393093393049,,,0.1397393093393049,0.0,0.0,barometer_altitude,0.0,28.6
1.0,70.0,1.1247391166620246,28.8,0.14269519392616647,-0.4248703969777381,,,0.4248703969777381,0.0,0.0,barometer_altitude,0.0,28.8
1.0,70.0,4.676285996967482,29.0,0.6434998417588925,-2.5338318608521604,0.0013518231226141708,0.8652884544425348,2.6775044044570357,0.0,0.0,gps_range_bearing_altitude,0.0,29.0
1.0,70.0,1.1236183123016688,29.0,0.22044208326287723,0.5275529572554802,,,0.5275529572554802,0.0,0.0,barometer_altitude,0.0,29.0
1.0,70.0,1.123923938800165,29.2,0.5953554317941172,0.8672116063859363,,,0.8672116063859363,0.0,0.0,barometer_altitude,0.0,29.2
1.0,70.0,1.1241922966509053,29.4,0.4258114255330873,-0.7335830029898318,,,0.7335830029898318,0.0,0.0,barometer_altitude,0.0,29.4
1.0,70.0,1.1244253584588833,29.6,0.326303317159993,-0.6423051080194142,,,0.6423051080194142,0.0,0.0,barometer_altitude,0.0,29.6
1.0,70.0,1.1246254839930083,29.8,0.19002543829523483,-0.49024569857057543,,,0.49024569857057543,0.0,0.0,barometer_altitude,0.0,29.8
1.0,70.0,4.668246167741268,30.0,0.2068347326679486,-1.1987335581907246,0.0007323726742991532,-0.8308042170966417,1.4584917987592156,0.0,0.0,gps_range_bearing_altitude,0.0,30.0
1.0,70.0,1.1235108660361444,30.0,0.0017400356806571713,0.04686583444127734,,,0.04686583444127734,0.0,0.0,barometer_altitude,0.0,30.0
1.0,70.0,1.1238181911377714,30.2,0.3543170284726069,-0.6689475541966914,,,0.6689475541966914,0.0,0.0,barometer_altitude,0.0,30.2
1.0,70.0,1.1240883841400633,30.4,0.3489198315770466,0.6639926730691741,,,0.6639926730691741,0.0,0.0,barometer_altitude,0.0,30.4
1.0,70.0,1.12432339116715,30.6,0.05637222397402263,-0.2669462537643028,,,0.2669462537643028,0.0,0.0,barometer_altitude,0.0,30.6
1.0,70.0,1.1245255472127418,30.8,0.9654851058883969,1.1049487006200707,,,1.1049487006200707,0.0,0.0,barometer_altitude,0.0,30.8
1.0,70.0,4.661238823153035,31.0,0.8910438692184502,-0.492594299055213,0.004965715002290594,-0.0605815450918783,0.4963304598681204,0.0,0.0,gps_range_bearing_altitude,0.0,31.0
1.0,70.0,1.1234163555413477,31.0,0.33306188216038524,-0.6483405847206285,,,0.6483405847206285,0.0,0.0,barometer_altitude,0.0,31.0
1.0,70.0,1.1237251670471538,31.2,0.16026428715179086,0.4498611463000515,,,0.4498611463000515,0.0,0.0,barometer_altitude,0.0,31.2
1.0,70.0,1.1239969669993548,31.4,0.12932242839402036,0.40420535690613235,,,0.40420535690613235,0.0,0.0,barometer_altitude,0.0,31.4
1.0,70.0,1.1242336781780085,31.6,1.1454127117335555,-1.203199354940395,,,1.203199354940395,0.0,0.0,barometer_altitude,0.0,31.6
1.0,70.0,1.1244376137348095,31.8,0.4019188842479373,0.7128605328246351,,,0.7128605328246351,0.0,0.0,barometer_altitude,0.0,31.8
1.0,70.0,4.65515285727871,32.0,1.8394408097847827,0.42106212095268347,-0.005057213739695587,-2.807349148747562,2.838754679095332,0.0,0.0,gps_range_bearing_altitude,0.0,32.0
1.0,70.0,1.1233331864581553,32.0,0.32003786517305394,0.6354908059943654,,,0.6354908059943654,0.0,0.0,barometer_altitude,0.0,32.0
1.0,70.0,1.1236433005586743,32.2,0.012377361297589708,0.12500935111559386,,,0.12500935111559386,0.0,0.0,barometer_altitude,0.0,32.2
1.0,70.0,1.1239165090202128,32.4,0.10361871111431913,0.36178715501681324,,,0.36178715501681324,0.0,0.0,barometer_altitude,0.0,32.4
1.0,70.0,1.1241547141148456,32.6,0.017137023115445193,0.1471613547660695,,,0.1471613547660695,0.0,0.0,barometer_altitude,0.0,32.6
1.0,70.0,1.1243602098052403,32.8,0.1492063951380342,-0.43430935765545087,,,0.43430935765545087,0.0,0.0,barometer_altitude,0.0,32.8
1.0,70.0,4.649886584399207,33.0,2.146192209406969,-0.11893710062213358,-0.0033015395189943675,-3.953673143655493,3.9554630905786876,0.0,0.0,gps_range_bearing_altitude,0.0,33.0
1.0,70.0,1.1232599675185306,33.0,0.7180513774864397,0.9518270457726885,,,0.9518270457726885,0.0,0.0,barometer_altitude,0.0,33.0
1.0,70.0,1.1235712228505663,33.2,0.0694618964521525,-0.29612421711782133,,,0.29612421711782133,0.0,0.0,barometer_altitude,0.0,33.2
1.0,70.0,1.1238456654717595,33.4,0.04677563077084936,-0.24306168330190303,,,0.24306168330190303,0.0,0.0,barometer_altitude,0.0,33.4
1.0,70.0,1.1240851796753788,33.6,0.5812833095756894,-0.8570243247056197,,,0.8570243247056197,0.0,0.0,barometer_altitude,0.0,33.6
1.0,70.0,1.1242920425992717,33.8,0.12776928138818788,-0.40187627023324524,,,0.40187627023324524,0.0,0.0,barometer_altitude,0.0,33.8
1.0,70.0,4.6453468022423685,34.0,0.2969683316444852,-0.4904216193800721,-0.0020788530169535413,-0.9190321344929231,1.0416994531129682,0.0,0.0,gps_range_bearing_altitude,0.0,34.0
1.0,70.0,1.1231954771600672,34.0,0.02317565963242796,-0.1709902699664383,,,0.1709902699664383,0.0,0.0,barometer_altitude,0.0,34.0
1.0,70.0,1.123507731443811,34.2,0.15378769700815378,-0.4405922585170572,,,0.4405922585170572,0.0,0.0,barometer_altitude,0.0,34.2
1.0,70.0,1.12378325461367,34.4,0.3453791594241414,-0.6604358207632401,,,0.6604358207632401,0.0,0.0,barometer_altitude,0.0,34.4
1.0,70.0,1.1240239152146847,34.6,0.48039801753556044,-0.7790694147173269,,,0.7790694147173269,0.0,0.0,barometer_altitude,0.0,34.6
1.0,70.0,1.1242319756428358,34.8,0.09516611145274423,-0.3468143792955516,,,0.3468143792955516,0.0,0.0,barometer_altitude,0.0,34.8
1.0,70.0,4.641448108804946,35.0,0.9319325781977505,0.960627127519956,-0.003185350040119328,1.9005906176804217,2.129567871798635,0.0,0.0,gps_range_bearing_altitude,0.0,35.0
1.0,70.0,1.1231386414347375,35.0,0.01828639062130117,0.15187887293517122,,,0.15187887293517122,0.0,0.0,barometer_altitude,0.0,35.0
1.0,70.0,1.1234517693431467,35.2,0.008467257462514331,0.10337745000774134,,,0.10337745000774134,0.0,0.0,barometer_altitude,0.0,35.2
1.0,70.0,1.123728237928743,35.4,0.9346185115684135,1.0863717998430218,,,1.0863717998430218,0.0,0.0,barometer_altitude,0.0,35.4
1.0,70.0,1.1239699019398048,35.6,0.0003102484436175384,0.01979746060581533,,,0.01979746060581533,0.0,0.0,barometer_altitude,0.0,35.6
1.0,70.0,1.1241790108511525,35.8,0.3864536329661714,0.6988503220742786,,,0.6988503220742786,0.0,0.0,barometer_altitude,0.0,35.8
1.0,70.0,4.638112418915752,36.0,0.15186946441993954,-0.8293183740174754,0.00035185188850217486,0.9088977609769131,1.230391900652628,0.0,0.0,gps_range_bearing_altitude,0.0,36.0
1.0,70.0,1.123088517433913,36.0,0.5756422634859863,0.8520995247896224,,,0.8520995247896224,0.0,0.0,barometer_altitude,0.0,36.0
1.0,70.0,1.1234024089635322,36.2,0.013945277728392743,-0.1326627314034141,,,0.1326627314034141,0.0,0.0,barometer_altitude,0.0,36.2
1.0,70.0,1.1236797044917484,36.4,0.13283598878166233,-0.4095438543677403,,,0.4095438543677403,0.0,0.0,barometer_altitude,0.0,36.4
1.0,70.0,1.1239222466687364,36.6,0.2652414084373022,0.5788378614251712,,,0.5788378614251712,0.0,0.0,barometer_altitude,0.0,36.6
1.0,70.0,1.1241322736321693,36.8,1.754424369532517,1.4889658669824115,,,1.4889658669824115,0.0,0.0,barometer_altitude,0.0,36.8
1.0,70.0,4.635268616685235,37.0,1.4465802625881432,0.6985329281604891,-0.005147508233902531,-0.6102379290193767,0.9275586658424053,0.0,0.0,gps_range_bearing_altitude,0.0,37.0
1.0,70.0,1.1230442792415476,37.0,0.007336536641798135,0.09619276875170613,,,0.09619276875170613,0.0,0.0,barometer_altitude,0.0,37.0
1.0,70.0,1.1233588382410604,37.2,0.0534909839579671,0.2598117570301355,,,0.2598117570301355,0.0,0.0,barometer_altitude,0.0,37.2
1.0,70.0,1.1236368572284139,37.4,0.09334616170168297,-0.34330032046020165,,,0.34330032046020165,0.0,0.0,barometer_altitude,0.0,37.4
1.0,70.0,1.1238801682306852,37.6,0.7690492979374528,-0.985591836906508,,,0.985591836906508,0.0,0.0,barometer_altitude,0.0,37.6
1.0,70.0,1.124090999423741,37.8,0.43540616176586405,-0.7417349716956352,,,0.7417349716956352,0.0,0.0,barometer_altitude,0.0,37.8
1.0,70.0,4.632852244644352,38.0,2.3990292221383136,-4.798598131128188,0.0030811831997716865,0.2598077466580122,4.805627282986099,0.0,0.0,gps_range_bearing_altitude,0.0,38.0
1.0,70.0,1.123005205096418,38.0,0.6005047785484708,0.8702419268062442,,,0.8702419268062442,0.0,0.0,barometer_altitude,0.0,38.0
1.0,70.0,1.12332034782993,38.2,0.3211341987758278,0.6365710803778057,,,0.6365710803778057,0.0,0.0,barometer_altitude,0.0,38.2
1.0,70.0,1.1235990001634713,38.4,0.0073633839786957376,-0.09641621272614032,,,0.09641621272614032,0.0,0.0,barometer_altitude,0.0,38.4
1.0,70.0,1.1238429847814024,38.6,0.03162741692853229,0.19986534650408316,,,0.19986534650408316,0.0,0.0,barometer_altitude,0.0,38.6
1.0,70.0,1.124054521092077,38.8,0.0007611246349006244,0.031010963948887138,,,0.031010963948887138,0.0,0.0,barometer_altitude,0.0,38.8
1.0,70.0,4.63080526416795,39.0,0.5991543760857009,1.1242287933134776,0.0013018228178212077,1.909990443581691,2.2162932046620347,0.0,0.0,gps_range_bearing_altitude,0.0,39.0
1.0,70.0,1.122970665342224,39.0,0.12130691333634011,0.3911210477966449,,,0.3911210477966449,0.0,0.0,barometer_altitude,0.0,39.0
1.0,70.0,1.1232863190744473,39.2,0.17788256013985632,0.47375865287818897,,,0.47375865287818897,0.0,0.0,barometer_altitude,0.0,39.2
1.0,70.0,1.1235655264415365,39.4,0.03548916123302882,-0.21166364619239175,,,0.21166364619239175,0.0,0.0,barometer_altitude,0.0,39.4
1.0,70.0,1.1238101018979405,39.6,0.08869648348987916,0.3346926171868603,,,0.3346926171868603,0.0,0.0,barometer_altitude,0.0,39.6
1.0,70.0,1.1240222571232044,39.8,1.9874384130653395,-1.584607659027526,,,1.584607659027526,0.0,0.0,barometer_altitude,0.0,39.8
1.0,70.0,4.629075742559955,40.0,0.11436668643240944,-0.27823097605607927,0.0013234874290617427,0.07800693852071561,0.2889624718081366,0.0,0.0,gps_range_bearing_altitude,0.0,40.0
1.0,70.0,1.1229401111551796,40.0,0.4610884473133641,0.7625155689946865,,,0.7625155689946865,0.0,0.0,barometer_altitude,0.0,40.0
1.0,70.0,1.123256212788945,40.2,1.1700915352054575,-1.2150348876794084,,,1.2150348876794084,0.0,0.0,barometer_altitude,0.0,40.2
1.0,70.0,1.1235359071879703,40.4,1.275730603193329,-1.2690140882856866,,,1.2690140882856866,0.0,0.0,barometer_altitude,0.0,40.4
1.0,70.0,1.1237810015460814,40.6,0.03786723992895092,-0.21868223879316417,,,0.21868223879316417,0.0,0.0,barometer_altitude,0.0,40.6
1.0,70.0,1.1239937007196303,40.8,0.055274574320744535,-0.2642570488710305,,,0.2642570488710305,0.0,0.0,barometer_altitude,0.0,40.8
1.0,70.0,4.6276176033953496,41.0,0.15623276816876994,0.3803677743716207,-0.0014616480355358341,0.23292700093936958,0.4460232818609462,0.0,0.0,gps_range_bearing_altitude,0.0,41.0
1.0,70.0,1.1229130641712455,41.0,0.17891219099157699,0.4749699146805284,,,0.4749699146805284,0.0,0.0,barometer_altitude,0.0,41.0
1.0,70.0,1.1232295589750037,41.2,0.005110968902788487,-0.08030085013513144,,,0.08030085013513144,0.0,0.0,barometer_altitude,0.0,41.2
1.0,70.0,1.1235096813417424,41.4,0.024613332124320944,-0.17626335210144362,,,0.17626335210144362,0.0,0.0,barometer_altitude,0.0,41.4
1.0,70.0,1.1237552320512374,41.6,0.22357696158013438,0.5313555873328966,,,0.5313555873328966,0.0,0.0,barometer_altitude,0.0,41.6
1.0,70.0,1.1239684099284704,41.8,2.120626980389718,1.6367646864681262,,,1.6367646864681262,0.0,0.0,barometer_altitude,0.0,41.8
1.0,70.0,4.6263902553395155,42.0,1.4803114180784704,0.1606213113547028,9.952791362666247e-05,3.679121157467975,3.682625653918085,0.0,0.0,gps_range_bearing_altitude,0.0,42.0
1.0,70.0,1.1228891071292564,42.0,0.002140108057735071,0.05194631203673339,,,0.05194631203673339,0.0,0.0,barometer_altitude,0.0,42.0
1.0,70.0,1.1232059475832075,42.2,1.1004353816823051,-1.1782614457871432,,,1.1782614457871432,0.0,0.0,barometer_altitude,0.0,42.2
1.0,70.0,1.1234864465568057,42.4,2.8038627712296598,-1.8812487080948728,,,1.8812487080948728,0.0,0.0,barometer_altitude,0.0,42.4
1.0,70.0,1.1237323991572519,42.6,0.5714642094652747,-0.8494883366971919,,,0.8494883366971919,0.0,0.0,barometer_altitude,0.0,42.6
1.0,70.0,1.1239459988724667,42.8,0.05169599090153873,0.2555488187043977,,,0.2555488187043977,0.0,0.0,barometer_altitude,0.0,42.8
1.0,70.0,4.625358234956716,43.0,2.8061607967267723,2.777422515423382,-0.0046188874751385,-2.4106730423620064,3.677695158720084,0.0,0.0,gps_range_bearing_altitude,0.0,43.0
1.0,70.0,1.1228678755868093,43.0,0.03217900016033492,-0.20142572251469915,,,0.20142572251469915,0.0,0.0,barometer_altitude,0.0,43.0
1.0,70.0,1.1231850203625593,43.2,0.27529867035887107,0.5893229574828212,,,0.5893229574828212,0.0,0.0,barometer_altitude,0.0,43.2
1.0,70.0,1.1234658512012274,43.4,0.055846778640823755,0.26549658529846454,,,0.26549658529846454,0.0,0.0,barometer_altitude,0.0,43.4
1.0,70.0,1.1237121581885905,43.6,0.047388734808190384,0.24462038018303645,,,0.24462038018303645,0.0,0.0,barometer_altitude,0.0,43.6
1.0,70.0,1.1239261300859023,43.8,0.01910520135614025,0.15535082996657934,,,0.15535082996657934,0.0,0.0,barometer_altitude,0.0,43.8
1.0,70.0,4.624490796662987,44.0,0.923361090497167,1.0524942064289462,0.0020337323357049186,-2.1774845465776735,2.4185092807798543,0.0,0.0,gps_range_bearing_altitude,0.0,44.0
1.0,70.0,1.122849050698997,44.0,0.7797923137121693,-0.9915413979852303,,,0.9915413979852303,0.0,0.0,barometer_altitude,0.0,44.0
1.0,70.0,1.1231664637749654,44.2,0.1957333506928493,-0.49690863402911134,,,0.49690863402911134,0.0,0.0,barometer_altitude,0.0,44.2
1.0,70.0,1.123447587419456,44.4,0.034397056340073194,0.20835957111457049,,,0.20835957111457049,0.0,0.0,barometer_altitude,0.0,44.4
1.0,70.0,1.12369420726998,44.6,0.4392465451036984,0.7447359508422551,,,0.7447359508422551,0.0,0.0,barometer_altitude,0.0,44.6
1.0,70.0,1.1239085078989504,44.8,0.12946387880440094,-0.4043945240069604,,,0.4043945240069604,0.0,0.0,barometer_altitude,0.0,44.8
1.0,70.0,4.623761497956994,45.0,1.2233684697597016,-3.6976151468171565,0.001056256825655577,0.369380528288076,3.716019491919885,0.0,0.0,gps_range_bearing_altitude,0.0,45.0
1.0,70.0,1.1228323529967172,45.0,0.007249863679171911,0.09560483098130135,,,0.09560483098130135,0.0,0.0,barometer_altitude,0.0,45.0
