accepted,gate,huber_max_inflation,innovation_std,measurement_time_s,nis,residual_0,residual_1,residual_2,residual_norm,sensor_is_dropout,sensor_is_outlier,source,stale_s,time_s
1.0,55.0,1.0620042145129631,5.969457034379204,0.0,0.057683334286425636,-1.4337056895925002,,,1.4337056895925002,0.0,0.0,barometer_altitude,0.0,0.0
1.0,55.0,1.384088875845262,6.010563097191987,0.0,0.02214526760025069,-0.44844479577386487,0.22161025731464745,-0.12938904066871323,0.516677234691928,0.0,0.0,doppler_velocity,0.0,0.0
1.0,55.0,1.0,4.2993873468280075,0.0,0.24528924310579656,2.1293439865112305,,,2.1293439865112305,0.0,0.0,gnss_pseudorange,0.0,0.0
1.0,55.0,1.3587682312469425,5.290353003172585,0.0,0.6924867780390435,-4.402409069240093,,,4.402409069240093,0.0,0.0,gnss_pseudorange,0.0,0.0
1.0,55.0,1.0,2.929084483028309,0.0,0.026195111527700304,0.4740695096552372,,,0.4740695096552372,0.0,0.0,gnss_pseudorange,0.0,0.0
1.0,55.0,1.0,2.6550505974354723,0.0,0.02825546863262055,-0.4462970942258835,,,0.4462970942258835,0.0,0.0,gnss_pseudorange,0.0,0.0
1.0,55.0,1.0,2.70797430637323,0.0,0.8407683894450448,-2.48303434625268,,,2.48303434625268,0.0,0.0,gnss_pseudorange,0.0,0.0
1.0,55.0,1.1323985698124228,1.0994113708161635,0.25,1.933506839049832,-1.5287380692467707,,,1.5287380692467707,0.0,0.0,barometer_altitude,0.0,0.25
1.0,55.0,1.0,0.5294545708597029,0.3333333333,0.15590513367381287,-0.05731219300797363,0.022603470081157484,-0.10045925979812932,0.11784594692343495,0.0,0.0,doppler_velocity,0.0166666667,0.35
1.0,55.0,1.0,0.9248684468441339,0.5,0.5577753263027334,0.6907320577311822,,,0.6907320577311822,0.0,0.0,barometer_altitude,0.0,0.5
1.0,55.0,1.0,0.49465031256914926,0.6666666667,1.1102049018960267,0.21426490794631547,-0.2097693831672256,-0.02809694807813882,0.30116786578734955,0.0,0.0,doppler_velocity,0.03333333329999999,0.7
1.0,55.0,1.1873479924067156,0.9936922466491559,0.75,2.6020748139141654,1.6029197897490661,,,1.6029197897490661,0.0,0.0,barometer_altitude,0.0,0.75
1.0,55.0,1.0,2.038794527895693,1.0,0.1601670505913937,-0.8159434273838997,,,0.8159434273838997,0.0,0.0,gnss_pseudorange,0.0,1.0
1.0,55.0,1.0,2.2172982899738023,1.0,0.023004058959824866,0.3362996056675911,,,0.3362996056675911,0.0,0.0,gnss_pseudorange,0.0,1.0
1.0,55.0,1.0,2.0889098176612566,1.0,0.0006641893835837695,-0.05383511632680893,,,0.05383511632680893,0.0,0.0,gnss_pseudorange,0.0,1.0
1.0,55.0,1.0,2.0097587453044525,1.0,0.3555578174239851,1.198392391204834,,,1.198392391204834,0.0,0.0,gnss_pseudorange,0.0,1.0
1.0,55.0,1.0,2.1298337404283902,1.0,1.140023535045603,2.2740636244416237,,,2.2740636244416237,0.0,0.0,gnss_pseudorange,0.0,1.0
1.0,55.0,1.0,0.8434196492959966,1.0,0.840653463168028,-0.773307492174709,,,0.773307492174709,0.0,0.0,barometer_altitude,0.0,1.0
1.0,55.0,1.0750819017657203,0.4745771008549736,1.0,2.8178553827458184,-0.220113279917161,0.21096212724948993,0.34832653617209336,0.46291062952925277,0.0,0.0,doppler_velocity,0.0,1.0
1.0,55.0,1.0,0.8264707633771661,1.25,0.14290779550497631,-0.31243196108360394,,,0.31243196108360394,0.0,0.0,barometer_altitude,0.0,1.25
1.0,55.0,1.0,0.46418025812390007,1.3333333333,1.8694846818154016,-0.21124657995629192,0.1890188443673162,0.2328153373399473,0.36681905944198046,0.0,0.0,doppler_velocity,0.016666666700000166,1.35
1.0,55.0,1.0,0.8146834449942691,1.5,0.20423041132973438,-0.3681705931651891,,,0.3681705931651891,0.0,0.0,barometer_altitude,0.0,1.5
1.0,55.0,1.402296965502657,0.49321845547064624,1.6666666667,4.687753749621973,0.45434421682286086,-0.20936336125307853,-0.3914572298605376,0.6352168505366113,0.0,0.0,doppler_velocity,0.03333333329999988,1.7
1.0,55.0,1.0,0.8068408203178684,1.75,0.44746256796338435,-0.5397171490375712,,,0.5397171490375712,0.0,0.0,barometer_altitude,0.0,1.75
1.0,55.0,1.0,0.8034085997351559,2.0,0.1976741252614626,0.3571999496193854,,,0.3571999496193854,0.0,0.0,barometer_altitude,0.0,2.0
1.0,55.0,1.2543800563831757,0.4548338835234289,2.0,2.1536454578747684,-0.0848117599998659,0.007561393616773104,0.40641913826814896,0.4152429713533119,0.0,0.0,doppler_velocity,0.0,2.0
1.0,55.0,1.0,1.9236769328113483,2.0,0.9325622452916568,-1.8576806262135506,,,1.8576806262135506,0.0,0.0,gnss_pseudorange,0.04999999999999982,2.05
1.0,55.0,1.0,2.0040098115876237,2.0,0.7057652354819629,-1.6835653334856033,,,1.6835653334856033,0.0,0.0,gnss_pseudorange,0.04999999999999982,2.05
1.0,55.0,1.0,1.9677161243039711,2.0,1.1150463265336277,-2.077824678272009,,,2.077824678272009,0.0,0.0,gnss_pseudorange,0.04999999999999982,2.05
1.0,55.0,1.0,1.920558732668451,2.0,0.04049328378910005,0.3864729404449463,,,0.3864729404449463,0.0,0.0,gnss_pseudorange,0.04999999999999982,2.05
1.0,55.0,1.0,2.0033709919772615,2.0,0.00028106432818497147,-0.03358646109700203,,,0.03358646109700203,0.0,0.0,gnss_pseudorange,0.04999999999999982,2.05
1.0,55.0,1.0,0.7973828183786853,2.25,2.078833004225666,-1.1496792023471016,,,1.1496792023471016,0.0,0.0,barometer_altitude,0.0,2.25
1.0,55.0,1.0,0.42006499178586876,2.3333333333,1.7288775511180483,0.06570762236154692,-0.040012993284740395,-0.31621195587289164,0.3254359112098293,0.0,0.0,doppler_velocity,0.016666666699999944,2.35
1.0,55.0,1.0,0.7928998588594939,2.5,0.038618029294956176,0.15581648188599218,,,0.15581648188599218,0.0,0.0,barometer_altitude,0.0,2.5
1.0,55.0,1.2780326332491747,0.4281715268786989,2.6666666667,2.504838823241927,-0.03521632875397884,-0.10596104772479054,-0.41408257317273256,0.4288733039618986,0.0,0.0,doppler_velocity,0.03333333330000032,2.7
1.0,55.0,1.0,0.7904733207405475,2.75,2.155235041342471,-1.1604716531259953,,,1.1604716531259953,0.0,0.0,barometer_altitude,0.0,2.75
1.0,55.0,1.0,1.88773627827718,3.0,0.1208171003307814,-0.6561536155641079,,,0.6561536155641079,0.0,0.0,gnss_pseudorange,0.0,3.0
1.0,55.0,1.0,1.9384501920535557,3.0,0.10746812854782321,0.6354691758751869,,,0.6354691758751869,0.0,0.0,gnss_pseudorange,0.0,3.0
1.0,55.0,1.0,1.920964065643686,3.0,0.055365932375162644,0.4520022012293339,,,0.4520022012293339,0.0,0.0,gnss_pseudorange,0.0,3.0
1.0,55.0,1.0,1.8883135638870685,3.0,1.5633578292001222,-2.3610398061573505,,,2.3610398061573505,0.0,0.0,gnss_pseudorange,0.0,3.0
1.0,55.0,1.0,1.949279574632987,3.0,0.16135347303750333,-0.7830027565360069,,,0.7830027565360069,0.0,0.0,gnss_pseudorange,0.0,3.0
1.0,55.0,1.0,0.7897456028356239,3.0,0.23864455613992974,-0.3858006743696478,,,0.3858006743696478,0.0,0.0,barometer_altitude,0.0,3.0
1.0,55.0,1.0,0.3919075124341015,3.0,2.135816864172974,-0.10417259871305973,0.2970747689071156,-0.0867212454433447,0.3265362507518777,0.0,0.0,doppler_velocity,0.0,3.0
1.0,55.0,1.0,0.7868242887667866,3.25,2.386053628462971,1.2153961551122734,,,1.2153961551122734,0.0,0.0,barometer_altitude,0.0,3.25
1.0,55.0,1.5228940328643508,0.4397009476493434,3.3333333333,6.405626198110639,-0.49341766664804965,0.339942336791605,-0.2748481487928835,0.6592141465401193,0.0,0.0,doppler_velocity,0.016666666699999944,3.35
1.0,55.0,1.0,0.7845721964751963,3.5,0.0006057629606821026,-0.019310088805823966,,,0.019310088805823966,0.0,0.0,barometer_altitude,0.0,3.5
1.0,55.0,1.2906179441616976,0.40995919779500056,3.6666666667,3.6884404697237283,0.41816021390839,-0.14266498984520348,-0.2024891402365042,0.48601760846409786,0.0,0.0,doppler_velocity,0.03333333330000032,3.7
1.0,55.0,1.0,0.7827588040638153,3.75,0.2766139890069949,0.4116849879995357,,,0.4116849879995357,0.0,0.0,barometer_altitude,0.0,3.75
1.0,55.0,1.0,0.7837079164906657,4.0,2.966205299014324,1.3497546643853582,,,1.3497546643853582,0.0,0.0,barometer_altitude,0.0,4.0
1.0,55.0,1.0770162818127067,0.38293317168346486,4.0,3.409611196664286,-0.18293077445105155,-0.12379057047209896,0.34895327530731696,0.41298445724600014,0.0,0.0,doppler_velocity,0.0,4.0
1.0,55.0,1.0,1.866747037014908,4.0,0.43736051453789937,1.23454025760293,,,1.23454025760293,0.0,0.0,gnss_pseudorange,0.04999999999999982,4.05
1.0,55.0,1.0,1.904763333101407,4.0,0.4373811546595359,1.2597113884985447,,,1.2597113884985447,0.0,0.0,gnss_pseudorange,0.04999999999999982,4.05
1.0,55.0,1.0,1.8944283508175515,4.0,0.24222800360256574,-0.9323744401335716,,,0.9323744401335716,0.0,0.0,gnss_pseudorange,0.04999999999999982,4.05
1.0,55.0,1.2997911921069945,2.393126680933458,4.0,3.0967476900624176,-4.2113234624266624,,,4.2113234624266624,0.0,0.0,gnss_pseudorange,0.04999999999999982,4.05
1.0,55.0,1.0,1.9197108987517941,4.0,0.9815548909937134,1.9019238576292992,,,1.9019238576292992,0.0,0.0,gnss_pseudorange,0.04999999999999982,4.05
1.0,55.0,1.0,0.781812187624908,4.25,0.02500308759208554,-0.12362299400919596,,,0.12362299400919596,0.0,0.0,barometer_altitude,0.0,4.25
1.0,55.0,1.0,0.3706561462643537,4.3333333333,1.1886630505792282,-0.0024311621147603546,-0.23079782428548468,0.010175956082524529,0.23103483790618065,0.0,0.0,doppler_velocity,0.016666666699999944,4.35
1.0,55.0,1.0,0.7804945129078246,4.5,1.3474292421284588,-0.9059888196956081,,,0.9059888196956081,0.0,0.0,barometer_altitude,0.0,4.5
1.0,55.0,1.0043856048918585,0.36655428050478,4.6666666667,4.353582498943365,-0.19857021658667762,0.22071848712694075,-0.32542093598496213,0.44050603520521076,0.0,0.0,doppler_velocity,0.03333333329999988,4.7
1.0,55.0,1.0,0.7793949519519889,4.75,0.5764420295757797,0.5917461048667292,,,0.5917461048667292,0.0,0.0,barometer_altitude,0.0,4.75
1.0,55.0,1.0,0.7806468969413602,5.0,0.027103142888048548,0.1285181499316792,,,0.1285181499316792,0.0,0.0,barometer_altitude,0.0,5.0
1.0,55.0,1.0,0.36069858750410216,5.0,0.969051923980891,0.10220127127467293,-0.11224064850455617,-0.13722386208147863,0.20463003531114216,0.0,0.0,doppler_velocity,0.0,5.0
1.0,55.0,1.0,1.856179563949753,5.0,0.6285791628062926,1.4716345556080341,,,1.4716345556080341,0.0,0.0,gnss_pseudorange,0.04999999999999982,5.05
1.0,55.0,1.080583697069942,2.024808363140209,5.0,2.989778334993102,-3.5010911785066128,,,3.5010911785066128,0.0,0.0,gnss_pseudorange,0.04999999999999982,5.05
1.0,55.0,1.0,1.8795198728931517,5.0,1.215486093811726,2.072153478860855,,,2.072153478860855,0.0,0.0,gnss_pseudorange,0.04999999999999982,5.05
1.0,55.0,1.0,1.859337370855581,5.0,0.020172751960470636,0.2640831992030144,,,0.2640831992030144,0.0,0.0,gnss_pseudorange,0.04999999999999982,5.05
1.0,55.0,1.0,1.8996962907317185,5.0,0.47599028563230505,-1.310639400035143,,,1.310639400035143,0.0,0.0,gnss_pseudorange,0.04999999999999982,5.05
1.0,55.0,1.0,0.7790011492952783,5.25,0.159740894243259,0.31134805288624534,,,0.31134805288624534,0.0,0.0,barometer_altitude,0.0,5.25
1.0,55.0,1.0,0.3582461547162421,5.3333333333,0.8402904556567815,-0.010250097534861169,0.10814563265398425,0.1543016967086963,0.18870494420864328,0.0,0.0,doppler_velocity,0.016666666699999944,5.35
1.0,55.0,1.0,0.7781653939150796,5.5,2.1776372395808163,-1.1483246317223035,,,1.1483246317223035,0.0,0.0,barometer_altitude,0.0,5.5
1.0,55.0,1.4299172774627338,0.4010130979170535,5.6666666667,3.0501207596597295,0.4632931978979258,0.09318134727684146,0.0438577281214908,0.47460178151245125,0.0,0.0,doppler_velocity,0.03333333329999988,5.7
1.0,55.0,1.0,0.7774266921604671,5.75,0.008374627156178994,0.07114464032996182,,,0.07114464032996182,0.0,0.0,barometer_altitude,0.0,5.75
1.0,55.0,1.0,1.8498690284567385,6.0,2.181578635561063,2.7322876378893852,,,2.7322876378893852,0.0,0.0,gnss_pseudorange,0.0,6.0
1.0,55.0,1.0,1.875325174053532,6.0,0.0485555526887579,0.4132339879870415,,,0.4132339879870415,0.0,0.0,gnss_pseudorange,0.0,6.0
1.0,55.0,1.0,1.8696542250819266,6.0,0.80674454399881,1.6793039664626122,,,1.6793039664626122,0.0,0.0,gnss_pseudorange,0.0,6.0
1.0,55.0,1.0,1.8526597447858597,6.0,0.3754343047588372,1.1351745389401913,,,1.1351745389401913,0.0,0.0,gnss_pseudorange,0.0,6.0
1.0,55.0,1.0,1.8868572939599688,6.0,0.9222308270063093,-1.8120028339326382,,,1.8120028339326382,0.0,0.0,gnss_pseudorange,0.0,6.0
1.0,55.0,1.0,0.778122163898842,6.0,2.5251355151943535,1.2364886406133735,,,1.2364886406133735,0.0,0.0,barometer_altitude,0.0,6.0
1.0,55.0,1.0,0.35453536272856795,6.0,2.595928391935044,0.20006144097023437,-0.03172978784819813,-0.25936283787599623,0.3290903238794306,0.0,0.0,doppler_velocity,0.0,6.0
1.0,55.0,1.0,0.777471538227235,6.25,0.00024532181247936873,0.012177344194739703,,,0.012177344194739703,0.0,0.0,barometer_altitude,0.0,6.25
1.0,55.0,1.2792646656343098,0.381038104408022,6.3333333333,3.8674253095781075,-0.2030365385878916,-0.4144817516655164,-0.07169047981742815,0.4670743873966119,0.0,0.0,doppler_velocity,0.016666666699999944,6.35
1.0,55.0,1.1948595495681396,0.9187541777322473,6.5,3.082496562582615,1.6130603919169886,,,1.6130603919169886,0.0,0.0,barometer_altitude,0.0,6.5
1.0,55.0,1.0,0.35264935341409637,6.6666666667,0.3930453480562693,0.1092322698295618,-0.059230300568329675,0.03160103182565566,0.12821287957915528,0.0,0.0,doppler_velocity,0.03333333329999988,6.7
1.0,55.0,1.024074616964678,0.7942825313054643,6.75,3.029568091753305,1.3825007329023151,,,1.3825007329023151,0.0,0.0,barometer_altitude,0.0,6.75
1.0,55.0,1.0,1.8444607390648666,7.0,1.6996373001228908,-2.4046260192990303,,,2.4046260192990303,0.0,0.0,gnss_pseudorange,0.0,7.0
1.0,55.0,1.0,1.8662367289069959,7.0,0.1167387100646716,0.6376379802823067,,,0.6376379802823067,0.0,0.0,gnss_pseudorange,0.0,7.0
1.0,55.0,1.0,1.8619168279149219,7.0,0.21451122363532604,0.8623534142971039,,,0.8623534142971039,0.0,0.0,gnss_pseudorange,0.0,7.0
1.0,55.0,1.0,1.846993669727709,7.0,0.19934422730832418,0.824645396322012,,,0.824645396322012,0.0,0.0,gnss_pseudorange,0.0,7.0
1.0,55.0,1.0,1.8772646982019205,7.0,0.6474079028694825,-1.5104783736169338,,,1.5104783736169338,0.0,0.0,gnss_pseudorange,0.0,7.0
1.0,55.0,1.0,0.777624379947532,7.0,0.020250858310999886,0.11066023434473493,,,0.11066023434473493,0.0,0.0,barometer_altitude,0.0,7.0
1.0,55.0,1.212638279439507,0.3705900504413537,7.0,5.374776680785179,0.39289480253840026,0.3108618861906427,0.10676232051951817,0.5122495790436581,0.0,0.0,doppler_velocity,0.0,7.0
1.0,55.0,1.0,0.7770507823889587,7.25,0.23278216975049978,0.3749076117663037,,,0.3749076117663037,0.0,0.0,barometer_altitude,0.0,7.25
1.0,55.0,1.0,0.34931942492672985,7.3333333333,0.2514711895304497,-0.05350734736641982,0.00906000076461444,-0.08472060476314724,0.1006116330623797,0.0,0.0,doppler_velocity,0.016666666699999944,7.35
1.0,55.0,1.0,0.7765216221394469,7.5,0.017064238699747627,0.10143714373795376,,,0.10143714373795376,0.0,0.0,barometer_altitude,0.0,7.5
1.0,55.0,1.0,0.34820864442298954,7.6666666667,0.9436239486353779,-0.15615549501602644,0.039546481131332634,0.11097725112618984,0.19561291639637834,0.0,0.0,doppler_velocity,0.03333333329999988,7.7
1.0,55.0,1.0,0.7760381387631973,7.75,0.10905226022315127,-0.25627155316657024,,,0.25627155316657024,0.0,0.0,barometer_altitude,0.0,7.75
1.0,55.0,1.0,0.7773057760335673,8.0,1.955036102334141,1.0868491891560836,,,1.0868491891560836,0.0,0.0,barometer_altitude,0.0,8.0
1.0,55.0,1.2402856066646712,0.3704177675214452,8.0,3.8072556433290226,-0.09613576317266137,0.17084179880633021,-0.4018525365593535,0.44711795571119617,0.0,0.0,doppler_velocity,0.0,8.0
1.0,55.0,1.0,1.839452677114151,8.0,0.7678540507130532,1.6118623800575733,,,1.6118623800575733,0.0,0.0,gnss_pseudorange,0.05000000000000071,8.05
1.0,55.0,1.0,1.8587493771638948,8.0,1.7707727647695803,-2.4734449721872807,,,2.4734449721872807,0.0,0.0,gnss_pseudorange,0.05000000000000071,8.05
1.0,55.0,1.0,1.8553593893140208,8.0,0.0772461511498572,-0.5156635940074921,,,0.5156635940074921,0.0,0.0,gnss_pseudorange,0.05000000000000071,8.05
1.0,55.0,1.0,1.8420316899098916,8.0,0.0016348967152271614,-0.07448044419288635,,,0.07448044419288635,0.0,0.0,gnss_pseudorange,0.05000000000000071,8.05
1.0,55.0,1.0,1.8691272373187937,8.0,0.5633643528491035,1.4029220715165138,,,1.4029220715165138,0.0,0.0,gnss_pseudorange,0.05000000000000071,8.05
1.0,55.0,1.0,0.7768995608397772,8.25,0.33817857020454445,-0.45179135635945045,,,0.45179135635945045,0.0,0.0,barometer_altitude,0.0,8.25
1.0,55.0,1.0,0.3458293218333087,8.3333333333,1.9854275202135632,0.025790719017706465,-0.2677217869079276,0.08278268892473617,0.2814126684394889,0.0,0.0,doppler_velocity,0.016666666699999055,8.35
1.0,55.0,1.0,0.776383356270025,8.5,2.113865442630141,1.1287945037525873,,,1.1287945037525873,0.0,0.0,barometer_altitude,0.0,8.5
1.0,55.0,1.0,0.34516553485522605,8.6666666667,2.392764519386365,0.10128420613079214,-0.2157483253300927,-0.19506403197788524,0.3079866991701975,0.0,0.0,doppler_velocity,0.03333333329999988,8.7
1.0,55.0,1.0,0.7759176931225055,8.75,0.8639816089109056,0.7212202367745704,,,0.7212202367745704,0.0,0.0,barometer_altitude,0.0,8.75
1.0,55.0,1.0,0.7772069165353512,9.0,0.08819785190487757,0.23081586725744785,,,0.23081586725744785,0.0,0.0,barometer_altitude,0.0,9.0
1.0,55.0,1.0,0.3434945796624737,9.0,3.680482612452456,0.12361810182903099,0.16386408178406775,-0.3187628504856733,0.37913404918115706,0.0,0.0,doppler_velocity,0.0,9.0
1.0,55.0,1.0,1.8363772565197611,9.0,0.2543134816603395,-0.9260759316384792,,,0.9260759316384792,0.0,0.0,gnss_pseudorange,0.05000000000000071,9.05
1.0,55.0,1.0,1.8537085681990626,9.0,0.002874358287436835,-0.09938295558094978,,,0.09938295558094978,0.0,0.0,gnss_pseudorange,0.05000000000000071,9.05
1.0,55.0,1.0,1.8508934483500412,9.0,0.06617436061973155,0.47613082081079483,,,0.47613082081079483,0.0,0.0,gnss_pseudorange,0.05000000000000071,9.05
1.0,55.0,1.0,1.8388129373067885,9.0,0.5144093782944015,1.3188396319746971,,,1.3188396319746971,0.0,0.0,gnss_pseudorange,0.05000000000000071,9.05
1.0,55.0,1.0,1.863394433703065,9.0,0.009666795453126114,0.18320868536829948,,,0.18320868536829948,0.0,0.0,gnss_pseudorange,0.05000000000000071,9.05
1.0,55.0,1.0,0.7761990015838276,9.25,1.9802915833124424,1.0922892276582274,,,1.0922892276582274,0.0,0.0,barometer_altitude,0.0,9.25
1.0,55.0,1.3643039411651146,0.3814827124001129,9.3333333333,3.976537734296384,0.4420344769374971,0.021698389784270855,-0.20313826688834258,0.4869604238488342,0.0,0.0,doppler_velocity,0.016666666699999055,9.35
1.0,55.0,1.0,0.7757937930800451,9.5,0.03212923595514585,0.13905816673766935,,,0.13905816673766935,0.0,0.0,barometer_altitude,0.0,9.5
1.0,55.0,1.0,0.34351473467597704,9.6666666667,3.0552228161073542,0.2695080460598476,0.028567895669249666,0.2171740398396661,0.347297099230971,0.0,0.0,doppler_velocity,0.03333333329999988,9.7
1.0,55.0,1.4532050634193183,1.1075481765754043,9.75,3.137589254479652,1.9618268356160797,,,1.9618268356160797,0.0,0.0,barometer_altitude,0.0,9.75
1.0,55.0,1.0,1.8354587244739324,10.0,0.19455544412470718,0.8095922023057938,,,0.8095922023057938,0.0,0.0,gnss_pseudorange,0.0,10.0
1.0,55.0,1.0,1.8510476793671065,10.0,0.07102005356505726,0.4932965785264969,,,0.4932965785264969,0.0,0.0,gnss_pseudorange,0.0,10.0
1.0,55.0,1.0,1.848504547332824,10.0,0.4108595246272959,-1.184860449284315,,,1.184860449284315,0.0,0.0,gnss_pseudorange,0.0,10.0
1.0,55.0,1.0,1.8375736349026595,10.0,0.4486061099400527,1.2307712510228157,,,1.2307712510228157,0.0,0.0,gnss_pseudorange,0.0,10.0
1.0,55.0,1.0,1.8597262883276635,10.0,0.06762963320331537,0.4836348034441471,,,0.4836348034441471,0.0,0.0,gnss_pseudorange,0.0,10.0
1.0,55.0,1.0,0.7769604068363037,10.0,0.7278988163391045,-0.662879204406849,,,0.662879204406849,0.0,0.0,barometer_altitude,0.0,10.0
1.0,55.0,1.0,0.34181923848505225,10.0,1.872750407983264,0.02564802769735053,0.19366180657783083,0.1853635275769978,0.2692997475073856,0.0,0.0,doppler_velocity,0.0,10.0
1.0,55.0,1.0,0.7764876197475,10.25,0.03413102585591279,0.14345285852361656,,,0.14345285852361656,0.0,0.0,barometer_altitude,0.0,10.25
1.0,55.0,1.0,0.3416012890767142,10.3333333333,2.6690428383472504,0.09998148103251125,-0.2972542348324958,0.07534004378912917,0.3225406933604733,0.0,0.0,doppler_velocity,0.016666666699999055,10.35
1.0,55.0,1.0,0.776049116800568,10.5,0.24078104447055593,-0.3808029954980725,,,0.3808029954980725,0.0,0.0,barometer_altitude,0.0,10.5
1.0,55.0,1.0,0.3413617065528697,10.6666666667,2.434075587208756,0.072915056639129,-0.16573335140689505,0.24718278876724475,0.3064041127596056,0.0,0.0,doppler_velocity,0.03333333329999988,10.7
1.0,55.0,1.0,0.77564517838392,10.75,2.614099666438552,1.2540768992427473,,,1.2540768992427473,0.0,0.0,barometer_altitude,0.0,10.75
1.0,55.0,1.0,0.7767534454867893,11.0,0.005049563335490664,0.05519631700923355,,,0.05519631700923355,0.0,0.0,barometer_altitude,0.0,11.0
1.0,55.0,1.0,0.34021951207779083,11.0,1.7742957822196996,0.002537441189424783,0.25779815060999667,-0.04730397524137031,0.26211446190426135,0.0,0.0,doppler_velocity,0.0,11.0
1.0,55.0,1.0,1.832401854950653,11.0,0.25692449570843595,0.9288027212023735,,,0.9288027212023735,0.0,0.0,gnss_pseudorange,0.05000000000000071,11.05
1.0,55.0,1.0,1.8470286262864013,11.0,0.04480933740766017,0.3909830115735531,,,0.3909830115735531,0.0,0.0,gnss_pseudorange,0.05000000000000071,11.05
1.0,55.0,1.0,1.8448655144467756,11.0,0.5465774884857243,1.3639252930879593,,,1.3639252930879593,0.0,0.0,gnss_pseudorange,0.05000000000000071,11.05
1.0,55.0,1.0,1.8346018493170662,11.0,0.2410468748422036,0.9007257521152496,,,0.9007257521152496,0.0,0.0,gnss_pseudorange,0.05000000000000071,11.05
1.0,55.0,1.0,1.8553622935973768,11.0,2.546016094820005,2.960460688918829,,,2.960460688918829,0.0,0.0,gnss_pseudorange,0.05000000000000071,11.05
1.0,55.0,1.0,0.7758276932677749,11.25,1.0050376566900945,0.7777794151141961,,,0.7777794151141961,0.0,0.0,barometer_altitude,0.0,11.25
1.0,55.0,1.0,0.33995918152425564,11.3333333333,0.840615749746547,-0.12807938088044324,-0.052961140171777554,-0.11473155453861039,0.17992370544722128,0.0,0.0,doppler_velocity,0.016666666699999055,11.35
1.0,55.0,1.0,0.775477650803274,11.5,0.2552964176179386,-0.39182455259094695,,,0.39182455259094695,0.0,0.0,barometer_altitude,0.0,11.5
1.0,55.0,1.0,0.3399101204560135,11.6666666667,1.8924507705170281,0.06241590142817799,0.03149790804119368,0.2593089423782676,0.2685684094591157,0.0,0.0,doppler_velocity,0.03333333329999988,11.7
1.0,55.0,1.0,0.7751482708868013,11.75,0.019484534052282,-0.10820063135987823,,,0.10820063135987823,0.0,0.0,barometer_altitude,0.0,11.75
1.0,55.0,1.0,1.8318017606429016,12.0,1.727067931375287,-2.407316442579031,,,2.407316442579031,0.0,0.0,gnss_pseudorange,0.0,12.0
1.0,55.0,1.0,1.8453691327347268,12.0,2.02846783733125,2.628253884613514,,,2.628253884613514,0.0,0.0,gnss_pseudorange,0.0,12.0
1.0,55.0,1.0,1.8433696215283883,12.0,0.7389416557026893,1.5845921523869038,,,1.5845921523869038,0.0,0.0,gnss_pseudorange,0.0,12.0
1.0,55.0,1.0,1.833791839430116,12.0,0.039814904294068226,0.36590881645679474,,,0.36590881645679474,0.0,0.0,gnss_pseudorange,0.0,12.0
1.0,55.0,1.0,1.8530981321586086,12.0,0.002728162917265641,0.09679068624973297,,,0.09679068624973297,0.0,0.0,gnss_pseudorange,0.0,12.0
1.0,55.0,1.0,0.7756911832125831,12.0,0.0002535279492972657,0.012350990194008205,,,0.012350990194008205,0.0,0.0,barometer_altitude,0.0,12.0
1.0,55.0,1.0,0.3387361923758796,12.0,0.44004274491849904,-0.046834729452267965,-0.023102788627594517,-0.11810175956869495,0.12913270824411713,0.0,0.0,doppler_velocity,0.0,12.0
1.0,55.0,1.0,0.7753866237238293,12.25,0.0023319654318011826,0.03744375188799154,,,0.03744375188799154,0.0,0.0,barometer_altitude,0.0,12.25
1.0,55.0,1.0,0.33885426942747526,12.3333333333,2.4037903138114665,-0.21158707915254382,0.09429590980435654,0.1954953761410403,0.3031159064824263,0.0,0.0,doppler_velocity,0.016666666699999055,12.35
1.0,55.0,1.0,0.7750912480604903,12.5,1.4589420092175982,0.9362069221909621,,,0.9362069221909621,0.0,0.0,barometer_altitude,0.0,12.5
1.0,55.0,1.0,0.33889904847443575,12.6666666667,2.04820453698655,-0.1610375230191181,0.17725293907504724,-0.14535739341400633,0.28014364181788887,0.0,0.0,doppler_velocity,0.03333333329999988,12.7
1.0,55.0,1.0,0.7748092863681163,12.75,0.026557497904856946,-0.12626657350971016,,,0.12626657350971016,0.0,0.0,barometer_altitude,0.0,12.75
1.0,55.0,1.0,1.8305223209967252,13.0,0.0001833755337877981,-0.02478824183344841,,,0.02478824183344841,0.0,0.0,gnss_pseudorange,0.0,13.0
1.0,55.0,1.0,1.843366180491277,13.0,0.04602187906385684,0.39545201137661934,,,0.39545201137661934,0.0,0.0,gnss_pseudorange,0.0,13.0
1.0,55.0,1.0,1.8415388222108449,13.0,0.0387013099751316,0.3622794598340988,,,0.3622794598340988,0.0,0.0,gnss_pseudorange,0.0,13.0
1.0,55.0,1.0,1.8324654651289123,13.0,0.3186746210351687,1.0344500802457333,,,1.0344500802457333,0.0,0.0,gnss_pseudorange,0.0,13.0
1.0,55.0,1.0,1.8506786694079382,13.0,0.2138272955783887,0.855780903249979,,,0.855780903249979,0.0,0.0,gnss_pseudorange,0.0,13.0
1.0,55.0,1.0,0.7753386742981279,13.0,0.07074555290279266,-0.2062248611649693,,,0.2062248611649693,0.0,0.0,barometer_altitude,0.0,13.0
1.0,55.0,1.0,0.3378565289019783,13.0,2.0643578021947144,0.15116408442362328,-0.15236331783049106,0.17985495205944224,0.28002315050768894,0.0,0.0,doppler_velocity,0.0,13.0
1.0,55.0,1.0,0.7750751933042732,13.25,0.10485298275180248,-0.2509771781130894,,,0.2509771781130894,0.0,0.0,barometer_altitude,0.0,13.25
1.0,55.0,1.0,0.33803297177437375,13.3333333333,0.77023126164743,-0.0953344649206258,0.06961262770058863,-0.1237094033507583,0.17099296656436896,0.0,0.0,doppler_velocity,0.016666666699999055,13.35
1.0,55.0,1.0,0.7748162983518946,13.5,1.7521287620017294,1.0256088435393735,,,1.0256088435393735,0.0,0.0,barometer_altitude,0.0,13.5
1.0,55.0,1.0,0.3381329125712275,13.6666666667,3.6745512231654054,0.03468416462341395,0.24990188855901607,0.27552412367850543,0.3735873230046696,0.0,0.0,doppler_velocity,0.03333333329999988,13.7
1.0,55.0,1.0,0.7745665811508861,13.75,0.021012770055864584,0.11227948432211576,,,0.11227948432211576,0.0,0.0,barometer_altitude,0.0,13.75
1.0,55.0,1.0,0.7755851205325351,14.0,2.6085372529077464,-1.2526449453446276,,,1.2526449453446276,0.0,0.0,barometer_altitude,0.0,14.0
1.0,55.0,1.0,0.3374134582486933,14.0,2.2795121983917017,-0.13701012604986218,-0.0011611978101266907,0.2588805320334642,0.2929031459142814,0.0,0.0,doppler_velocity,0.0,14.0
1.0,55.0,1.2681882023627373,2.305348907069703,14.0,3.176757839756073,4.10892977565527,,,4.10892977565527,0.0,0.0,gnss_pseudorange,0.05000000000000071,14.05
1.0,55.0,1.0,1.8409845680018466,14.0,0.44909189275282113,-1.2337232679128647,,,1.2337232679128647,0.0,0.0,gnss_pseudorange,0.05000000000000071,14.05
1.0,55.0,1.0,1.8393781928021653,14.0,0.9562961959836915,1.7987352572381496,,,1.7987352572381496,0.0,0.0,gnss_pseudorange,0.05000000000000071,14.05
1.0,55.0,1.0317819974856612,1.8870397978847337,14.0,3.1383674682843994,-3.3429736718535423,,,3.3429736718535423,0.0,0.0,gnss_pseudorange,0.05000000000000071,14.05
1.0,55.0,1.0,1.8482604894486645,14.0,0.09196547336439136,-0.5604999586939812,,,0.5604999586939812,0.0,0.0,gnss_pseudorange,0.05000000000000071,14.05
1.0,55.0,1.0,0.7749094039400245,14.25,0.7279931976851503,-0.6611722110735485,,,0.6611722110735485,0.0,0.0,barometer_altitude,0.0,14.25
1.0,55.0,1.0,0.3373954470059356,14.3333333333,3.545462747663649,0.11705889034798034,-0.17023488305742474,-0.3017827180002133,0.3657260014036079,0.0,0.0,doppler_velocity,0.016666666699999055,14.35
1.0,55.0,1.0,0.7746685119957613,14.5,1.9862096757119907,-1.0917631966097758,,,1.0917631966097758,0.0,0.0,barometer_altitude,0.0,14.5
1.0,55.0,1.0,0.3375300175596484,14.6666666667,3.3463231189312443,0.14887324471518326,-0.24667980104080245,0.20976859029249795,0.35639448467514,0.0,0.0,doppler_velocity,0.03333333329999988,14.7
1.0,55.0,1.0,0.7744351579930111,14.75,1.2000348294433099,0.8483635221265331,,,0.8483635221265331,0.0,0.0,barometer_altitude,0.0,14.75
1.0,55.0,1.0,0.7754302993526065,15.0,1.9208459590017608,-1.0747044221003677,,,1.0747044221003677,0.0,0.0,barometer_altitude,0.0,15.0
1.0,55.0,1.0,0.3368698129995534,15.0,1.789785970034408,0.06335997992912112,-0.11280914744971726,-0.2246240071759628,0.2592225595983838,0.0,0.0,doppler_velocity,0.0,15.0
1.0,55.0,1.0,0.7751504721842876,15.25,1.1260548724704773,-0.8225566030218374,,,0.8225566030218374,0.0,0.0,barometer_altitude,0.0,15.25
1.0,55.0,1.0,0.33704769600898843,15.3333333333,1.2380455444097953,-0.18724852258754154,0.10546102754617115,0.030750543926913967,0.21709360537360928,0.0,0.0,doppler_velocity,0.016666666699999055,15.35
1.0,55.0,1.0,0.774879444190995,15.5,1.3335941740596229,-0.8948412276843243,,,0.8948412276843243,0.0,0.0,barometer_altitude,0.0,15.5
1.0,55.0,1.0,0.3371639649076404,15.6666666667,0.30842913094503616,-0.004215582715904276,-0.04468490121235691,0.09787769992981547,0.10767801854391511,0.0,0.0,doppler_velocity,0.03333333329999988,15.7
1.0,55.0,1.0,0.7746206124529526,15.75,0.9143316860576278,0.7406975949444501,,,0.7406975949444501,0.0,0.0,barometer_altitude,0.0,15.75
1.0,55.0,1.0,0.7755783889111844,16.0,2.290344443867307,-1.1737513356884506,,,1.1737513356884506,0.0,0.0,barometer_altitude,0.0,16.0
1.0,55.0,1.0,0.3365143074066695,16.0,0.48409336757482335,-0.022595097604508396,-0.11891092835882078,0.06051619344453766,0.13532389658863128,0.0,0.0,doppler_velocity,0.0,16.0
1.0,55.0,1.0,0.775277838186053,16.25,0.025052225038045568,-0.12271015979835909,,,0.12271015979835909,0.0,0.0,barometer_altitude,0.0,16.25
1.0,55.0,1.0,0.33668787791156474,16.3333333333,0.04510963151693756,-0.027282884398939444,0.029360648532718248,-0.010286724558512206,0.041378982171271464,0.0,0.0,doppler_velocity,0.01666666670000083,16.35
1.0,55.0,1.0,0.7749896049352067,16.5,0.16412291720338587,-0.31396446097777186,,,0.31396446097777186,0.0,0.0,barometer_altitude,0.0,16.5
1.0,55.0,1.0,0.3368062107100228,16.6666666667,0.7054730533513208,0.1319352119220767,0.03203101285541066,-0.09085603104563772,0.16336371784099632,0.0,0.0,doppler_velocity,0.03333333329999988,16.7
1.0,55.0,1.0,0.774716345835771,16.75,1.712289167525968,-1.0137509492911931,,,1.0137509492911931,0.0,0.0,barometer_altitude,0.0,16.75
1.0,55.0,1.0,0.7756386952715102,17.0,0.0523564794205171,-0.17747806499779983,,,0.17747806499779983,0.0,0.0,barometer_altitude,0.0,17.0
1.0,55.0,1.0,0.33617980350439874,17.0,0.8616591794792854,0.005880574645271253,-0.1384692017191147,0.11490415200839349,0.18003128931287327,0.0,0.0,doppler_velocity,0.0,17.0
1.0,55.0,1.0,0.775328047595054,17.25,0.016255113948663715,-0.098850871841492,,,0.098850871841492,0.0,0.0,barometer_altitude,0.0,17.25
1.0,55.0,1.0,0.33635872827895225,17.3333333333,0.008518636693951996,-0.0018986349311802542,0.01070499195320651,0.014192226925772433,0.017877946538479583,0.0,0.0,doppler_velocity,0.01666666670000083,17.35
1.0,55.0,1.0,0.7750316436239694,17.5,1.0938315457017866,-0.810577709453753,,,0.810577709453753,0.0,0.0,barometer_altitude,0.0,17.5
1.0,55.0,1.0,0.3364853141503963,17.6666666667,1.684178466570868,-0.05378806357123267,-0.17394456321388563,0.17395203221778027,0.25181178758570477,0.0,0.0,doppler_velocity,0.03333333329999988,17.7
1.0,55.0,1.0,0.7747516907448588,17.75,0.09910185734776335,-0.24389529909754515,,,0.24389529909754515,0.0,0.0,barometer_altitude,0.0,17.75
1.0,55.0,1.0,0.7756441267139926,18.0,1.3693511149742519,0.907653147852642,,,0.907653147852642,0.0,0.0,barometer_altitude,0.0,18.0
1.0,55.0,1.0,0.3358838442820681,18.0,1.357414650821982,0.022226267916654052,-0.003867037335594903,-0.2234900555560388,0.22462583532554548,0.0,0.0,doppler_velocity,0.0,18.0
1.0,55.0,1.0,0.7753301400245636,18.25,0.5756236602573286,0.5882419401191612,,,0.5882419401191612,0.0,0.0,barometer_altitude,0.0,18.25
1.0,55.0,1.0,0.3360703758543912,18.3333333333,0.33849795319390924,-0.09253350916413439,-0.02022669715240255,-0.061486421247265666,0.11292541606618128,0.0,0.0,doppler_velocity,0.01666666670000083,18.35
1.0,55.0,1.0,0.7750313247342563,18.5,0.5146519492377388,0.5560016327188322,,,0.5560016327188322,0.0,0.0,barometer_altitude,0.0,18.5
1.0,55.0,1.1566537195748023,0.3521090356170354,18.6666666667,3.892809333006336,-0.37475580514223594,-0.13924189369779938,0.13714186939307227,0.42265601946379666,0.0,0.0,doppler_velocity,0.03333333329999988,18.7
1.0,55.0,1.0,0.774749624996165,18.75,0.004898191964367535,-0.054222467291381804,,,0.054222467291381804,0.0,0.0,barometer_altitude,0.0,18.75
1.0,55.0,1.0,0.775618081575628,19.0,0.2182315277633267,0.3623319835549097,,,0.3623319835549097,0.0,0.0,barometer_altitude,0.0,19.0
1.0,55.0,1.0,0.3359026372091305,19.0,2.022244585272654,0.14626137120608362,0.17756442340132805,0.15214057807352455,0.27580476547999694,0.0,0.0,doppler_velocity,0.0,19.0
1.0,55.0,1.0,0.7753047324454063,19.25,0.07101063538987619,-0.20660181583014037,,,0.20660181583014037,0.0,0.0,barometer_altitude,0.0,19.25
1.0,55.0,1.0,0.33603190794374127,19.3333333333,2.730313059827115,0.16996563053641722,-0.1865648616394917,-0.1973972101275342,0.3204066505682091,0.0,0.0,doppler_velocity,0.01666666670000083,19.35
1.0,55.0,1.0,0.7750068971508209,19.5,0.599941821573619,-0.6002886558477485,,,0.6002886558477485,0.0,0.0,barometer_altitude,0.0,19.5
1.0,55.0,1.3265172294025989,0.3709357832821129,19.6666666667,3.4482938093779327,-0.06548721623515874,0.429791582326442,0.11834083745863133,0.4505706754098711,0.0,0.0,doppler_velocity,0.03333333329999988,19.7
1.0,55.0,1.0,0.774726367190691,19.75,2.4049583511274832,-1.2014400828491887,,,1.2014400828491887,0.0,0.0,barometer_altitude,0.0,19.75
1.0,55.0,1.0,1.834874770055442,20.0,0.4504582848186888,1.231498021632433,,,1.231498021632433,0.0,0.0,gnss_pseudorange,0.0,20.0
1.0,55.0,1.0,1.8517149498982008,20.0,0.05226221647283496,-0.4233192764222622,,,0.4233192764222622,0.0,0.0,gnss_pseudorange,0.0,20.0
1.0,55.0,1.0,1.8491226935052256,20.0,0.367860711068336,-1.1215210556983948,,,1.1215210556983948,0.0,0.0,gnss_pseudorange,0.0,20.0
1.0,55.0,1.0,1.8386588838825626,20.0,0.26004127364751395,-0.9376101642847061,,,0.9376101642847061,0.0,0.0,gnss_pseudorange,0.0,20.0
1.0,55.0,1.0,1.8585786358340304,20.0,0.17392607864420725,0.7751099169254303,,,0.7751099169254303,0.0,0.0,gnss_pseudorange,0.0,20.0
1.0,55.0,1.0,0.775064846351985,20.0,0.2415436514682791,-0.38092182226414195,,,0.38092182226414195,0.0,0.0,barometer_altitude,0.0,20.0
1.0,55.0,1.0,0.3357187954967534,20.0,2.47129266675377,0.22479482440929033,0.19898881789499678,0.05727393910471246,0.30562978720835143,0.0,0.0,doppler_velocity,0.0,20.0
1.0,55.0,1.0,0.774813857234915,20.25,0.03296640275165884,-0.14068025904887804,,,0.14068025904887804,0.0,0.0,barometer_altitude,0.0,20.25
1.0,55.0,1.0,0.3358500371425011,20.3333333333,0.5363788293983541,0.010338502936953375,-0.014533039820346816,0.1399962405105014,0.14112774796782998,0.0,0.0,doppler_velocity,0.01666666670000083,20.35
1.0,55.0,1.0,0.7745706696746719,20.5,0.49430705526028285,0.5445771971125026,,,0.5445771971125026,0.0,0.0,barometer_altitude,0.0,20.5
1.0,55.0,1.0,0.3359471165724656,20.6666666667,3.420852031685417,-0.23600145441385934,0.17020425334258543,-0.20962660281937795,0.3586216487483113,0.0,0.0,doppler_velocity,0.03333333329999988,20.7
1.0,55.0,1.0,0.7743381316183873,20.75,0.7900143833316581,0.688253051196213,,,0.688253051196213,0.0,0.0,barometer_altitude,0.0,20.75
1.0,55.0,1.0,0.7751945122058215,21.0,1.2794466609726227,0.87684288475333,,,0.87684288475333,0.0,0.0,barometer_altitude,0.0,21.0
1.0,55.0,1.0,0.3353649834235448,21.0,0.3116764605426657,0.022406110735087026,-0.07322238671505421,-0.07610711773870282,0.10796223916265679,0.0,0.0,doppler_velocity,0.0,21.0
1.0,55.0,1.0,1.8321286515161233,21.0,0.014551603264899142,0.2210097275674343,,,0.2210097275674343,0.0,0.0,gnss_pseudorange,0.05000000000000071,21.05
1.0,55.0,1.0,1.8475634966891872,21.0,0.2013472418787246,-0.8290337584912777,,,0.8290337584912777,0.0,0.0,gnss_pseudorange,0.05000000000000071,21.05
1.0,55.0,1.0,1.8453210215246556,21.0,0.000724629886222509,0.049674104899168015,,,0.049674104899168015,0.0,0.0,gnss_pseudorange,0.05000000000000071,21.05
1.0,55.0,1.0,1.8354449137010298,21.0,1.0237631661627582,1.8571248650550842,,,1.8571248650550842,0.0,0.0,gnss_pseudorange,0.05000000000000071,21.05
1.0,55.0,1.0,1.8542492753482165,21.0,0.00845607732697707,0.17051107436418533,,,0.17051107436418533,0.0,0.0,gnss_pseudorange,0.05000000000000071,21.05
1.0,55.0,1.0,0.7744816492991786,21.25,0.9689026783870053,0.7623443925782567,,,0.7623443925782567,0.0,0.0,barometer_altitude,0.0,21.25
1.0,55.0,1.0,0.3353475239953771,21.3333333333,2.8817703003027155,0.23163903216685355,-0.10032736383751623,0.21002320815525977,0.3283777841474809,0.0,0.0,doppler_velocity,0.01666666670000083,21.35
1.0,55.0,1.0,0.7742748946530464,21.5,1.2423369314210875,0.8630081075185814,,,0.8630081075185814,0.0,0.0,barometer_altitude,0.0,21.5
1.0,55.0,1.0,0.3355261381371831,21.6666666667,0.2069743230425669,-0.03427577630442258,0.011701992937089511,-0.07997554656666561,0.08779438210163226,0.0,0.0,doppler_velocity,0.03333333329999988,21.7
1.0,55.0,1.0,0.774074682785516,21.75,0.16973507888238779,0.31891038860129584,,,0.31891038860129584,0.0,0.0,barometer_altitude,0.0,21.75
1.0,55.0,1.0,1.8314829114052285,22.0,0.04857074729854226,0.4036363437771797,,,0.4036363437771797,0.0,0.0,gnss_pseudorange,0.0,22.0
1.0,55.0,1.0,1.845718572875843,22.0,0.7393479357279373,1.5870474614202976,,,1.5870474614202976,0.0,0.0,gnss_pseudorange,0.0,22.0
1.0,55.0,1.1584336432501856,2.1229745705897014,22.0,3.125667375652524,-3.753325004130602,,,3.753325004130602,0.0,0.0,gnss_pseudorange,0.0,22.0
1.0,55.0,1.0,1.8343563462870691,22.0,0.012386645651653804,0.20415525510907173,,,0.20415525510907173,0.0,0.0,gnss_pseudorange,0.0,22.0
1.0,55.0,1.0,1.8521888786307743,22.0,0.793423000787007,1.649824183434248,,,1.649824183434248,0.0,0.0,gnss_pseudorange,0.0,22.0
1.0,55.0,1.0,0.774475256859,22.0,0.03620848732494319,-0.14737124016890846,,,0.14737124016890846,0.0,0.0,barometer_altitude,0.0,22.0
1.0,55.0,1.0,0.33480808042494153,22.0,1.509307557826285,0.0540547582200297,0.17280973063357505,-0.1534225921086011,0.23732596077377802,0.0,0.0,doppler_velocity,0.0,22.0
1.0,55.0,1.0,0.7742888212481538,22.25,2.2849833196238114,-1.1704274702346424,,,1.1704274702346424,0.0,0.0,barometer_altitude,0.0,22.25
1.0,55.0,1.0,0.3350795864303081,22.3333333333,0.6858467204872475,-0.117301216160687,-0.05026288284285424,0.09672623954424997,0.16013087809920462,0.0,0.0,doppler_velocity,0.01666666670000083,22.35
1.0,55.0,1.0,0.7741030943398737,22.5,0.0018086501263870928,0.03292123243259937,,,0.03292123243259937,0.0,0.0,barometer_altitude,0.0,22.5
1.0,55.0,1.0,0.33528742365311937,22.6666666667,2.14235873136755,-0.22597451233800925,0.08284072484204742,0.1496064980984303,0.2833887262966411,0.0,0.0,doppler_velocity,0.03333333329999988,22.7
1.0,55.0,1.6975710526521357,1.2874151366658688,22.75,3.1687373057893025,-2.2917209210803833,,,2.2917209210803833,0.0,0.0,barometer_altitude,0.0,22.75
1.0,55.0,1.0,1.8305842505726093,23.0,0.3370670450450819,-1.0627910010516644,,,1.0627910010516644,0.0,0.0,gnss_pseudorange,0.0,23.0
1.0,55.0,1.0,1.844103884317409,23.0,0.4225530822496005,1.1987428218126297,,,1.1987428218126297,0.0,0.0,gnss_pseudorange,0.0,23.0
1.0,55.0,1.0,1.842265710748049,23.0,0.1566058342689559,-0.7290481925010681,,,0.7290481925010681,0.0,0.0,gnss_pseudorange,0.0,23.0
1.0,55.0,1.0,1.8330391396508736,23.0,1.9226457512993662,2.541682943701744,,,2.541682943701744,0.0,0.0,gnss_pseudorange,0.0,23.0
1.0,55.0,1.0,1.8499174948777175,23.0,0.02346789171189457,0.28339318186044693,,,0.28339318186044693,0.0,0.0,gnss_pseudorange,0.0,23.0
1.0,55.0,1.0,0.7752813645260748,23.0,0.012270104756012094,-0.08587830818885323,,,0.08587830818885323,0.0,0.0,barometer_altitude,0.0,23.0
1.0,55.0,1.0,0.33466469227751566,23.0,1.0850830595564755,-0.04838445011418813,-0.0886921137513538,0.17337716442941886,0.20066635791811538,0.0,0.0,doppler_velocity,0.0,23.0
1.0,55.0,1.0,0.7750020284805292,23.25,1.0584627597653227,-0.7973346368047771,,,0.7973346368047771,0.0,0.0,barometer_altitude,0.0,23.25
1.0,55.0,1.0,0.3349327254926699,23.3333333333,2.9758378521857987,0.020499315915539995,-0.2592010532109973,-0.2088724660318898,0.33351628896492946,0.0,0.0,doppler_velocity,0.01666666670000083,23.35
1.0,55.0,1.0,0.7747351798184372,23.5,0.8784094118567055,0.726108912465719,,,0.726108912465719,0.0,0.0,barometer_altitude,0.0,23.5
1.0,55.0,1.0,0.3351404487584169,23.6666666667,2.21121255818454,0.20697458695028104,0.12309713603552336,0.15759662790406498,0.28779868253715113,0.0,0.0,doppler_velocity,0.03333333329999988,23.7
1.0,55.0,1.0,0.7744827435908996,23.75,2.5614161995798037,1.2395150992725235,,,1.2395150992725235,0.0,0.0,barometer_altitude,0.0,23.75
1.0,55.0,1.0,1.8294860090615774,24.0,0.09954126833133875,-0.5772057883441448,,,0.5772057883441448,0.0,0.0,gnss_pseudorange,0.0,24.0
1.0,55.0,1.0,1.8422919373835502,24.0,0.04856932511258142,0.4060125760734081,,,0.4060125760734081,0.0,0.0,gnss_pseudorange,0.0,24.0
1.0,55.0,1.0,1.840564999437067,24.0,0.5472106810400076,1.361533846706152,,,1.361533846706152,0.0,0.0,gnss_pseudorange,0.0,24.0
1.0,55.0,1.0,1.8317620019062186,24.0,0.006693851672259256,0.14986737072467804,,,0.14986737072467804,0.0,0.0,gnss_pseudorange,0.0,24.0
1.0,55.0,1.0,1.8479560986857742,24.0,0.021858514787990037,0.27321338653564453,,,0.27321338653564453,0.0,0.0,gnss_pseudorange,0.0,24.0
1.0,55.0,1.0,0.7748148637571526,24.0,0.42659362741391055,0.5060636286851548,,,0.5060636286851548,0.0,0.0,barometer_altitude,0.0,24.0
1.0,55.0,1.0,0.33446137698097406,24.0,0.781493569692532,0.007368181567418475,0.09747806668815845,0.1394757423707093,0.17032247736200876,0.0,0.0,doppler_velocity,0.0,24.0
1.0,55.0,1.0,0.7745864543882355,24.25,0.18533399620588317,-0.3334628388181642,,,0.3334628388181642,0.0,0.0,barometer_altitude,0.0,24.25
1.0,55.0,1.0,0.3347527275036179,24.3333333333,1.5811532077692583,-0.18949642145156886,0.1514074389420832,-0.02198997379194717,0.24355012883864746,0.0,0.0,doppler_velocity,0.01666666670000083,24.35
1.0,55.0,1.0,0.7743644053885279,24.5,0.03444474915149075,-0.14371658701709578,,,0.14371658701709578,0.0,0.0,barometer_altitude,0.0,24.5
1.0,55.0,1.0,0.33497894723191696,24.6666666667,0.3313801377416179,0.06286211979590206,0.0674759971113239,-0.06238298085095939,0.11133863925543953,0.0,0.0,doppler_velocity,0.03333333329999988,24.7
1.0,55.0,1.0,0.7741514682862811,24.75,0.46810146181147944,-0.5296584929803885,,,0.5296584929803885,0.0,0.0,barometer_altitude,0.0,24.75
1.0,55.0,1.0,0.7749827545051119,25.0,1.2200402822903462,-0.8560105622046308,,,0.8560105622046308,0.0,0.0,barometer_altitude,0.0,25.0
1.0,55.0,1.0,0.3345288658032148,25.0,2.158332104771264,0.1723111845078229,-0.1954762990110972,0.11321072012443018,0.2841105329491621,0.0,0.0,doppler_velocity,0.0,25.0
1.0,55.0,1.0,1.8278010923673933,25.0,0.8209101719296206,1.6560626067221165,,,1.6560626067221165,0.0,0.0,gnss_pseudorange,0.05000000000000071,25.05
1.0,55.0,1.0,1.8401484712815468,25.0,0.42503473151151705,1.1996790505945683,,,1.1996790505945683,0.0,0.0,gnss_pseudorange,0.05000000000000071,25.05
1.0,55.0,1.0,1.8385484350328192,25.0,0.6195632302764453,1.4471644759178162,,,1.4471644759178162,0.0,0.0,gnss_pseudorange,0.05000000000000071,25.05
1.0,55.0,1.0,1.8300634338476889,25.0,0.17448748100938974,0.7644485831260681,,,0.7644485831260681,0.0,0.0,gnss_pseudorange,0.05000000000000071,25.05
1.0,55.0,1.0,1.8457364237604204,25.0,0.5474070195894106,1.3656042627990246,,,1.3656042627990246,0.0,0.0,gnss_pseudorange,0.05000000000000071,25.05
1.0,55.0,1.0,0.7742988641171132,25.25,0.010830484287753106,0.08058098290355531,,,0.08058098290355531,0.0,0.0,barometer_altitude,0.0,25.25
1.0,55.0,1.0,0.33461917094504195,25.3333333333,0.9920002803474431,-0.028829046212802467,0.06871175979998079,-0.17665076134905952,0.19172352835672657,0.0,0.0,doppler_velocity,0.01666666670000083,25.35
1.0,55.0,1.0,0.774107789839893,25.5,0.05527042456782092,0.18199013121653707,,,0.18199013121653707,0.0,0.0,barometer_altitude,0.0,25.5
1.0,55.0,1.0,0.33485443365598794,25.6666666667,1.0037026185236106,0.18074771137059642,0.06394714669098234,-0.030020731685157398,0.1940624050828461,0.0,0.0,doppler_velocity,0.03333333329999988,25.7
1.0,55.0,1.0,0.773922379839037,25.75,0.0850387352497084,0.22568661448067928,,,0.22568661448067928,0.0,0.0,barometer_altitude,0.0,25.75
1.0,55.0,1.0,0.7747617174068563,26.0,0.557549395542553,-0.578508611141757,,,0.578508611141757,0.0,0.0,barometer_altitude,0.0,26.0
1.0,55.0,1.0,0.33441793536078135,26.0,0.8584503911311838,0.06755808051829604,-0.05134885150193902,-0.15680605327481342,0.17829452357688494,0.0,0.0,doppler_velocity,0.0,26.0
1.0,55.0,1.0,1.8270701142914736,26.0,0.0026956455945725422,-0.09486076235771179,,,0.09486076235771179,0.0,0.0,gnss_pseudorange,0.05000000000000071,26.05
1.0,55.0,1.0,1.83892258662749,26.0,0.1660556764183918,0.7493596598505974,,,0.7493596598505974,0.0,0.0,gnss_pseudorange,0.05000000000000071,26.05
1.0,55.0,1.0,1.8373996102655945,26.0,0.008119079960252604,-0.16556061431765556,,,0.16556061431765556,0.0,0.0,gnss_pseudorange,0.05000000000000071,26.05
1.0,55.0,1.0,1.829226486705127,26.0,0.5176088091721316,-1.3160376399755478,,,1.3160376399755478,0.0,0.0,gnss_pseudorange,0.05000000000000071,26.05
1.0,55.0,1.0,1.8443686399913883,26.0,3.954304195416811e-05,-0.011597990989685059,,,0.011597990989685059,0.0,0.0,gnss_pseudorange,0.05000000000000071,26.05
1.0,55.0,1.0,0.7741094910155483,26.25,0.5833573156552712,-0.5912480432769343,,,0.5912480432769343,0.0,0.0,barometer_altitude,0.0,26.25
1.0,55.0,1.0,0.33451490827754393,26.3333333333,0.8942092057359471,-0.09846917566030555,0.009682470253301378,-0.15295346719629654,0.1821666597179482,0.0,0.0,doppler_velocity,0.01666666670000083,26.35
1.0,55.0,1.0,0.7739388880484179,26.5,2.525096620710364,1.229831661307145,,,1.229831661307145,0.0,0.0,barometer_altitude,0.0,26.5
1.0,55.0,1.0,0.3347539782172311,26.6666666667,2.2754984710916917,-0.2409263095027967,-0.016367930959459986,0.16334903076808585,0.2915412520165956,0.0,0.0,doppler_velocity,0.03333333329999988,26.7
1.0,55.0,1.0,0.7737717549590912,26.75,1.6692722438639407,0.9997155760066789,,,0.9997155760066789,0.0,0.0,barometer_altitude,0.0,26.75
1.0,55.0,1.0,0.7746179206172208,27.0,2.6221991787920587,1.25435474957645,,,1.25435474957645,0.0,0.0,barometer_altitude,0.0,27.0
1.0,55.0,1.0,0.3343256594279652,27.0,1.0287360913575263,-0.04682263329841874,0.0955045239165011,-0.16371222040335556,0.19523105333658525,0.0,0.0,doppler_velocity,0.0,27.0
1.0,55.0,26.471480599570054,47.649672111974084,27.0,3.23986305250463,85.76759714260697,,,85.76759714260697,0.0,1.0,gnss_pseudorange,0.05000000000000071,27.05
1.0,55.0,26.24910277211004,47.24984603849021,27.0,3.2397996300529743,85.04709298163652,,,85.04709298163652,0.0,1.0,gnss_pseudorange,0.05000000000000071,27.05
1.0,55.0,26.117006915816923,47.01207345638857,27.0,3.239798622279261,84.61910240724683,,,84.61910240724683,0.0,1.0,gnss_pseudorange,0.05000000000000071,27.05
1.0,55.0,26.792812011676066,48.22816572811222,27.0,3.239851652411559,86.80871091783047,,,86.80871091783047,0.0,1.0,gnss_pseudorange,0.05000000000000071,27.05
1.0,55.0,26.030068121344584,46.85585981010923,27.0,3.239759756975708,84.33742071315646,,,84.33742071315646,0.0,1.0,gnss_pseudorange,0.05000000000000071,27.05
1.0,55.0,1.0,0.7744096968532299,27.25,2.5341338847724546,-1.2327799444386187,,,1.2327799444386187,0.0,0.0,barometer_altitude,0.0,27.25
1.0,55.0,1.5171294770513564,0.39258123580345994,27.3333333333,3.611900549656284,-0.49154995056463946,-0.1468917184346351,0.011156594528682992,0.5131500759487979,0.0,0.0,doppler_velocity,0.01666666670000083,27.35
1.0,55.0,1.0,0.7742065887085584,27.5,0.4862934618340484,-0.5398909880846219,,,0.5398909880846219,0.0,0.0,barometer_altitude,0.0,27.5
1.0,55.0,1.0,0.33534851361138623,27.6666666667,0.21376438147144677,-0.06334662676772851,-0.017744185757449626,0.06069709447571354,0.08950859472049862,0.0,0.0,doppler_velocity,0.03333333329999988,27.7
1.0,55.0,1.0,0.7740107779344126,27.75,0.8028189097211123,0.693514913811299,,,0.693514913811299,0.0,0.0,barometer_altitude,0.0,27.75
1.0,55.0,1.564886250533793,1.1897167327085403,28.0,3.1531595528218643,-2.1125964382206206,,,2.1125964382206206,0.0,0.0,barometer_altitude,0.0,28.0
1.0,55.0,1.0,0.33487560868084953,28.0,1.893986847706021,-0.022178540562329374,-0.26224219501766577,0.04072689375303373,0.26631097683709776,0.0,0.0,doppler_velocity,0.0,28.0
1.0,55.0,1.0,1.8281074177084702,28.0,0.2556441963191018,-0.9243143163621426,,,0.9243143163621426,0.0,0.0,gnss_pseudorange,0.05000000000000071,28.05
1.0,55.0,1.0,1.8405402269606992,28.0,0.3057251063629301,-1.017679125070572,,,1.017679125070572,0.0,0.0,gnss_pseudorange,0.05000000000000071,28.05
1.0,55.0,1.0,1.8388588983629592,28.0,0.2097431025438305,0.8421554230153561,,,0.8421554230153561,0.0,0.0,gnss_pseudorange,0.05000000000000071,28.05
1.0,55.0,1.0,1.8305999985357528,28.0,0.02118024076938322,0.26641514152288437,,,0.26641514152288437,0.0,0.0,gnss_pseudorange,0.05000000000000071,28.05
1.0,55.0,1.0,1.8456973332632767,28.0,0.14808171172271659,-0.7102499268949032,,,0.7102499268949032,0.0,0.0,gnss_pseudorange,0.05000000000000071,28.05
1.0,55.0,1.0,0.7752574571688111,28.25,0.09515362938430137,-0.23914352768026959,,,0.23914352768026959,0.0,0.0,barometer_altitude,0.0,28.25
1.0,55.0,1.0,0.33501659102732056,28.3333333333,2.2400724872899938,-0.08366038783931629,-0.22140765459989853,0.16631220623700363,0.28927523217910034,0.0,0.0,doppler_velocity,0.01666666670000083,28.35
1.0,55.0,1.0,0.7751393269992194,28.5,0.06308197863764682,0.19468497021883024,,,0.19468497021883024,0.0,0.0,barometer_altitude,0.0,28.5
1.0,55.0,1.0,0.33532305381641403,28.6666666667,0.44301707645771593,0.11193337753077515,-0.013170431321300358,-0.06283870382094109,0.12903969918026034,0.0,0.0,doppler_velocity,0.03333333329999988,28.7
1.0,55.0,1.0,0.775016541024408,28.75,1.957161315656293,-1.08423714869204,,,1.08423714869204,0.0,0.0,barometer_altitude,0.0,28.75
1.0,55.0,1.0,0.7759761864322533,29.0,0.0048292153020342765,0.05392456838161763,,,0.05392456838161763,0.0,0.0,barometer_altitude,0.0,29.0
1.0,55.0,1.0,0.33490958621964506,29.0,3.915433542405607,-0.08484303839936658,-0.1985033930878961,-0.31449282430197134,0.3814546824587094,0.0,0.0,doppler_velocity,0.0,29.0
1.0,55.0,1.0,1.828080221419934,29.0,1.0818493458889868,1.9014225639402866,,,1.9014225639402866,0.0,0.0,gnss_pseudorange,0.05000000000000071,29.05
1.0,55.0,1.0,1.8403852204010374,29.0,1.0681882892542265,-1.9020969234406948,,,1.9020969234406948,0.0,0.0,gnss_pseudorange,0.05000000000000071,29.05
1.0,55.0,1.0,1.8387080411240537,29.0,1.5680074831185313,2.3024321496486664,,,2.3024321496486664,0.0,0.0,gnss_pseudorange,0.05000000000000071,29.05
1.0,55.0,1.0,1.8304737799135735,29.0,0.6178211779227685,1.4387817084789276,,,1.4387817084789276,0.0,0.0,gnss_pseudorange,0.05000000000000071,29.05
1.0,55.0,1.0,1.8455697506358784,29.0,0.03576104051617868,-0.34900812432169914,,,0.34900812432169914,0.0,0.0,gnss_pseudorange,0.05000000000000071,29.05
1.0,55.0,1.0,0.7753240725943438,29.25,1.1270969213335655,0.8231214136707621,,,0.8231214136707621,0.0,0.0,barometer_altitude,0.0,29.25
1.0,55.0,1.0,0.3350422624147969,29.3333333333,2.3053602589007776,0.24091126619027392,0.08353652071513151,0.1463585367228583,0.2940023975110524,0.0,0.0,doppler_velocity,0.01666666670000083,29.35
1.0,55.0,1.0,0.7751957941158117,29.5,0.03413725111960635,-0.1432272591561059,,,0.1432272591561059,0.0,0.0,barometer_altitude,0.0,29.5
1.0,55.0,1.0,0.3353372813265708,29.6666666667,0.29167981958558886,0.07501099934204092,-0.009273595767957499,-0.07211885356250852,0.10446903196607926,0.0,0.0,doppler_velocity,0.03333333329999988,29.7
1.0,55.0,1.1295602776769231,0.8694377615420976,29.75,3.0761631317782707,-1.5249063748638463,,,1.5249063748638463,0.0,0.0,barometer_altitude,0.0,29.75
1.0,55.0,1.0,0.7763582138112065,30.0,0.4027736152081508,-0.49271145441699105,,,0.49271145441699105,0.0,0.0,barometer_altitude,0.0,30.0
1.0,55.0,1.0,0.33494126950313563,30.0,2.740701729303459,-0.30591144496118616,-0.09676688394541455,0.011226370640844072,0.32104777430237974,0.0,0.0,doppler_velocity,0.0,30.0
1.0,55.0,1.0,1.8281191246617592,30.0,0.23690914202565685,0.8898061476647854,,,0.8898061476647854,0.0,0.0,gnss_pseudorange,0.05000000000000071,30.05
1.0,55.0,1.0,1.8402760567678853,30.0,0.07571123378688353,-0.5063643679022789,,,0.5063643679022789,0.0,0.0,gnss_pseudorange,0.05000000000000071,30.05
1.0,55.0,1.0,1.8386044207907553,30.0,0.41360458600061173,-1.1824450641870499,,,1.1824450641870499,0.0,0.0,gnss_pseudorange,0.05000000000000071,30.05
1.0,55.0,1.0,1.8304115115242798,30.0,0.15624347717586648,-0.7235185764729977,,,0.7235185764729977,0.0,0.0,gnss_pseudorange,0.05000000000000071,30.05
1.0,55.0,1.0,1.8454796088346883,30.0,0.2748558730592751,0.9675240330398083,,,0.9675240330398083,0.0,0.0,gnss_pseudorange,0.05000000000000071,30.05
1.0,55.0,1.0,0.7756485623920012,30.25,0.5014574040303454,-0.5492651137348759,,,0.5492651137348759,0.0,0.0,barometer_altitude,0.0,30.25
1.0,55.0,1.0,0.33506427063936645,30.3333333333,2.2278707663074035,0.19850962804810734,0.20745324931203452,0.0363022730461164,0.2894145437019948,0.0,0.0,doppler_velocity,0.01666666670000083,30.35
1.0,55.0,1.0,0.7754827343896236,30.5,0.42073723203892016,0.5030111427709301,,,0.5030111427709301,0.0,0.0,barometer_altitude,0.0,30.5
1.0,55.0,1.0,0.33535015524226647,30.6666666667,0.11018973220978527,-0.01339615790402604,-0.058548270483877674,-0.023121924619132622,0.06435821953205163,0.0,0.0,doppler_velocity,0.03333333329999988,30.7
1.0,55.0,1.0,0.7753182082026558,30.75,0.8340183797718161,0.7080563046884691,,,0.7080563046884691,0.0,0.0,barometer_altitude,0.0,30.75
1.0,55.0,1.0,1.8288773463606423,31.0,0.015348174338757741,-0.22657549753785133,,,0.22657549753785133,0.0,0.0,gnss_pseudorange,0.0,31.0
1.0,55.0,1.0,1.8408190131290278,31.0,0.1748429789874747,-0.7697242870926857,,,0.7697242870926857,0.0,0.0,gnss_pseudorange,0.0,31.0
1.0,55.0,1.0,1.839114031712454,31.0,0.1317551575369885,0.6675633266568184,,,0.6675633266568184,0.0,0.0,gnss_pseudorange,0.0,31.0
1.0,55.0,1.0,1.8309960644620265,31.0,2.9292155009605114,3.1337408050894737,,,3.1337408050894737,0.0,0.0,gnss_pseudorange,0.0,31.0
1.0,55.0,1.0,1.8459672321732217,31.0,0.02174768956061639,0.27222659438848495,,,0.27222659438848495,0.0,0.0,gnss_pseudorange,0.0,31.0
1.0,55.0,1.0,0.7757004234622163,31.0,0.36455429537548406,-0.46835497563213835,,,0.46835497563213835,0.0,0.0,barometer_altitude,0.0,31.0
1.0,55.0,1.0461383477831747,0.3392448332600927,31.0,5.231357088670611,-0.2924028379215642,0.05554245641449751,0.3389488246817486,0.45107725484918837,0.0,0.0,doppler_velocity,0.0,31.0
1.0,55.0,1.0,0.7756413581143038,31.25,0.6514447196347004,0.6260366260845274,,,0.6260366260845274,0.0,0.0,barometer_altitude,0.0,31.25
1.0,55.0,1.0,0.33512868875847746,31.3333333333,1.2476403588954574,-0.05293337765382944,0.17384704318500688,0.11710482591776432,0.21619037246658893,0.0,0.0,doppler_velocity,0.01666666670000083,31.35
1.0,55.0,1.0,0.7754768613944915,31.5,1.3887739841754587,0.9138704403421514,,,0.9138704403421514,0.0,0.0,barometer_altitude,0.0,31.5
1.0,55.0,1.0,0.3353998178382228,31.6666666667,2.2086145427420165,0.19565101937410034,-0.21081006731505825,-0.020766834271715676,0.28835996127960084,0.0,0.0,doppler_velocity,0.03333333329999988,31.7
1.0,55.0,1.0,0.775313612532623,31.75,0.3248966649137386,-0.4419264909467415,,,0.4419264909467415,0.0,0.0,barometer_altitude,0.0,31.75
1.0,55.0,1.0,1.8288417073916736,32.0,0.9704133097081699,-1.8015838898718357,,,1.8015838898718357,0.0,0.0,gnss_pseudorange,0.0,32.0
1.0,55.0,1.0,1.8407266980795802,32.0,1.9401372026898398,2.56392627581954,,,2.56392627581954,0.0,0.0,gnss_pseudorange,0.0,32.0
1.0,55.0,1.0,1.839028240300221,32.0,0.08536794964172699,0.5373234860599041,,,0.5373234860599041,0.0,0.0,gnss_pseudorange,0.0,32.0
1.0,55.0,1.0,1.8309225408894705,32.0,1.3015591827830224,2.088824398815632,,,2.088824398815632,0.0,0.0,gnss_pseudorange,0.0,32.0
1.0,55.0,1.0,1.84590981512462,32.0,0.2295429715472593,-0.8843872621655464,,,0.8843872621655464,0.0,0.0,gnss_pseudorange,0.0,32.0
1.0,55.0,1.0,0.7757008564925306,32.0,0.41153494469421525,-0.4976197745835549,,,0.4976197745835549,0.0,0.0,barometer_altitude,0.0,32.0
1.0,55.0,1.0,0.33474527037971974,32.0,1.9293837417574888,0.14126266599486925,0.20435328026661453,-0.10262742398665932,0.2687894940540665,0.0,0.0,doppler_velocity,0.0,32.0
1.0,55.0,1.0,0.7755488551039129,32.25,0.025988847331436096,0.12502667167530035,,,0.12502667167530035,0.0,0.0,barometer_altitude,0.0,32.25
1.0,55.0,1.0,0.33509519168460467,32.3333333333,2.4072442303718975,0.19590405078330875,-0.2192067141149141,0.06334126295015655,0.3007359243896342,0.0,0.0,doppler_velocity,0.016666666700004384,32.35
1.0,55.0,1.0,0.7753930726284819,32.5,0.7874536838740128,-0.6880728570447161,,,0.6880728570447161,0.0,0.0,barometer_altitude,0.0,32.5
1.0,55.0,1.0,0.3353760117717399,32.6666666667,3.4053958192664178,-0.1394806298812057,-0.16278345674161643,-0.2850315526300614,0.35664588304859357,0.0,0.0,doppler_velocity,0.03333333329999988,32.7
1.0,55.0,1.0,0.775237628025533,32.75,1.1144525487504484,0.8184000268934,,,0.8184000268934,0.0,0.0,barometer_altitude,0.0,32.75
1.0,55.0,1.0,0.7761490095141109,33.0,0.06661254706516713,0.20031945392908312,,,0.20031945392908312,0.0,0.0,barometer_altitude,0.0,33.0
1.0,55.0,1.0,0.3349493997481042,33.0,1.8852391942219429,0.07206549133474738,0.04108375675589801,0.2510447338446554,0.2643950992390559,0.0,0.0,doppler_velocity,0.0,33.0
1.0,55.0,1.0,1.8279695407866223,33.0,0.9250731800033066,-1.7581543512642384,,,1.7581543512642384,0.0,0.0,gnss_pseudorange,0.04999999999999716,33.05
1.0,55.0,1.0,1.8399692671288823,33.0,1.3363252825736442,-2.1269959434866905,,,2.1269959434866905,0.0,0.0,gnss_pseudorange,0.04999999999999716,33.05
1.0,55.0,1.0,1.8383149879214207,33.0,0.49080551215221985,1.2878777608275414,,,1.2878777608275414,0.0,0.0,gnss_pseudorange,0.04999999999999716,33.05
1.0,55.0,1.217828761142345,2.2169168886732415,33.0,3.167842999710177,-3.945765186101198,,,3.945765186101198,0.0,0.0,gnss_pseudorange,0.04999999999999716,33.05
1.0,55.0,1.0,1.8455184018637183,33.0,0.6916485567572387,-1.5348329618573189,,,1.5348329618573189,0.0,0.0,gnss_pseudorange,0.04999999999999716,33.05
1.0,55.0,1.0,0.7755053268864649,33.25,0.05283143614982716,0.17825059720303216,,,0.17825059720303216,0.0,0.0,barometer_altitude,0.0,33.25
1.0,55.0,1.2240649236873085,0.36356327609076,33.3333333333,7.160594109810778,0.3965970352746879,-0.3422256063262757,-0.22797114277147487,0.5712953841495582,0.0,0.0,doppler_velocity,0.016666666700004384,33.35
1.0,55.0,1.0,0.775353604682815,33.5,0.12586470808548916,0.2750754276090106,,,0.2750754276090106,0.0,0.0,barometer_altitude,0.0,33.5
1.0,55.0,1.0,0.3358099251424967,33.6666666667,1.034749264393136,-0.13051939683922598,-0.13537951099561635,0.06071736513238618,0.19760952248641023,0.0,0.0,doppler_velocity,0.03333333329999988,33.7
1.0,55.0,1.385146816908755,1.0571982714229051,33.75,3.1285727981455542,1.8699482028268193,,,1.8699482028268193,0.0,0.0,barometer_altitude,0.0,33.75
1.0,55.0,1.0,0.7769174327758923,34.0,0.049956788744823594,-0.1736489347038912,,,0.1736489347038912,0.0,0.0,barometer_altitude,0.0,34.0
1.0,55.0,1.058197050210639,0.3410718584079915,34.0,5.3427256218293095,0.11532513867826566,0.28239563089225656,-0.34285584426824706,0.4589088252660754,0.0,0.0,doppler_velocity,0.0,34.0
1.0,55.0,1.0,1.8283401522858314,34.0,0.20629406839227662,0.8304249085485935,,,0.8304249085485935,0.0,0.0,gnss_pseudorange,0.04999999999999716,34.05
1.0,55.0,1.1058438143888372,2.0269709452005227,34.0,3.1245146078047386,-3.582933958619833,,,3.582933958619833,0.0,0.0,gnss_pseudorange,0.04999999999999716,34.05
1.0,55.0,1.0,1.838703093712335,34.0,0.11757201203376627,-0.630468774586916,,,0.630468774586916,0.0,0.0,gnss_pseudorange,0.04999999999999716,34.05
1.0,55.0,1.0,1.830692093413525,34.0,0.13504117406975516,0.6727417930960655,,,0.6727417930960655,0.0,0.0,gnss_pseudorange,0.04999999999999716,34.05
1.0,55.0,1.0,1.8455691392320213,34.0,0.31322713563734433,-1.0329041182994843,,,1.0329041182994843,0.0,0.0,gnss_pseudorange,0.04999999999999716,34.05
1.0,55.0,1.0,0.7762546396747124,34.25,0.23736611895072746,-0.37819307596863894,,,0.37819307596863894,0.0,0.0,barometer_altitude,0.0,34.25
1.0,55.0,1.175578233228161,0.3664751601774584,34.3333333333,5.9458495357883425,-0.3680041984940239,-0.3808873475659242,0.07978512454559633,0.5356005300070104,0.0,0.0,doppler_velocity,0.016666666700004384,34.35
1.0,55.0,1.0,0.7760203001368712,34.5,0.0013756998049058668,-0.02878292460515297,,,0.02878292460515297,0.0,0.0,barometer_altitude,0.0,34.5
1.0,55.0,1.0,0.3361666209441743,34.6666666667,0.9671951318466029,-0.06268235526672683,0.17522424500527767,-0.04439003476524228,0.1913193374594245,0.0,0.0,doppler_velocity,0.03333333329999988,34.7
1.0,55.0,1.0,0.7757958371262971,34.75,0.003594154353804828,-0.04650994297371369,,,0.04650994297371369,0.0,0.0,barometer_altitude,0.0,34.75
1.0,55.0,1.1321392560702854,0.872757738903536,35.0,3.0667602043419624,1.5283879956948851,,,1.5283879956948851,0.0,0.0,barometer_altitude,0.0,35.0
1.0,55.0,1.0,0.3355824271406952,35.0,1.67666740243132,0.13837811573750258,0.16869102769252386,-0.12420084012199994,0.2510597825738565,0.0,0.0,doppler_velocity,0.0,35.0
1.0,55.0,1.0,1.8283998700394164,35.0,0.00545718503594869,-0.13506894931197166,,,0.13506894931197166,0.0,0.0,gnss_pseudorange,0.04999999999999716,35.05
1.0,55.0,1.0,1.840557849931021,35.0,1.470352897730985,2.231825642287731,,,2.231825642287731,0.0,0.0,gnss_pseudorange,0.04999999999999716,35.05
1.0,55.0,1.0,1.8387387074300012,35.0,0.08270371377182573,0.5287891365587711,,,0.5287891365587711,0.0,0.0,gnss_pseudorange,0.04999999999999716,35.05
1.0,55.0,1.0,1.8306674905018885,35.0,0.31694498897511064,-1.0306267589330673,,,1.0306267589330673,0.0,0.0,gnss_pseudorange,0.04999999999999716,35.05
1.0,55.0,1.0,1.8456428604321398,35.0,0.288907454713125,0.9920351058244705,,,0.9920351058244705,0.0,0.0,gnss_pseudorange,0.04999999999999716,35.05
1.0,55.0,1.0,0.7762774991503063,35.25,2.1712343484554886,1.1438533501105184,,,1.1438533501105184,0.0,0.0,barometer_altitude,0.0,35.25
1.0,55.0,1.0,0.33555406291503287,35.3333333333,2.474590192584431,-0.15746315026112612,-0.1729751271957194,0.19499051600322503,0.3045264186400537,0.0,0.0,doppler_velocity,0.016666666700004384,35.35
1.0,55.0,1.0,0.7760382056485945,35.5,1.182221846020245,-0.84378653942575,,,0.84378653942575,0.0,0.0,barometer_altitude,0.0,35.5
1.0,55.0,1.0,0.33573401409944,35.6666666667,1.834304358218426,-0.20555964398198512,0.07491165367712771,0.14515915120908063,0.26255990225162545,0.0,0.0,doppler_velocity,0.03333333329999988,35.7
1.0,55.0,1.0,0.7758094059514858,35.75,0.1008703403379575,0.24639777613214164,,,0.24639777613214164,0.0,0.0,barometer_altitude,0.0,35.75
1.0,55.0,1.0,1.8291076904742627,36.0,0.0015527731496317169,0.07207643240690231,,,0.07207643240690231,0.0,0.0,gnss_pseudorange,0.0,36.0
1.0,55.0,1.0,1.8410715346023756,36.0,0.00507906863030988,0.13120872154831886,,,0.13120872154831886,0.0,0.0,gnss_pseudorange,0.0,36.0
1.0,55.0,1.0,1.8392499234992965,36.0,0.6751987182946634,1.511320423334837,,,1.511320423334837,0.0,0.0,gnss_pseudorange,0.0,36.0
1.0,55.0,1.0,1.8312115121353707,36.0,0.005558386397695954,0.1365252174437046,,,0.1365252174437046,0.0,0.0,gnss_pseudorange,0.0,36.0
1.0,55.0,1.0,1.8461365051343246,36.0,0.012074071075656546,0.20285731554031372,,,0.20285731554031372,0.0,0.0,gnss_pseudorange,0.0,36.0
1.0,55.0,1.0,0.7761261452945524,36.0,0.007942346213551848,0.06916823933380556,,,0.06916823933380556,0.0,0.0,barometer_altitude,0.0,36.0
1.0,55.0,1.0,0.33499995716317715,36.0,3.150705362654713,-0.056367061761637416,0.3081220057034909,-0.14157790988459706,0.343745139045883,0.0,0.0,doppler_velocity,0.0,36.0
