accepted,adaptive_measurement_scale,gate,innovation_std,measurement_time_s,nis,residual_0,residual_1,residual_2,residual_norm,sensor_is_dropout,sensor_is_outlier,source,stale_s,time_s
1.0,1.0,55.0,5.963430220938282,0.0,0.05779998606312567,-1.4337056895925002,,,1.4337056895925002,0.0,0.0,barometer_altitude,0.0,0.0
1.0,1.0,55.0,6.008094539868693,0.0,0.022186377185673477,-0.44844479577386487,0.22161025731464745,-0.12938904066871323,0.516677234691928,0.0,0.0,doppler_velocity,0.0,0.0
1.0,1.0,55.0,4.294738746145027,0.0,0.2453223450794383,2.127185206860304,,,2.127185206860304,0.0,0.0,gnss_pseudorange,0.0,0.0
1.0,1.0,55.0,5.0192484806068425,0.0,0.7683280966313971,-4.399588454514742,,,4.399588454514742,0.0,0.0,gnss_pseudorange,0.0,0.0
1.0,1.0,55.0,2.5834719638968067,0.0,0.0013419164997696483,0.09463820606470108,,,0.09463820606470108,0.0,0.0,gnss_pseudorange,0.0,0.0
1.0,1.0,55.0,2.6135763834174957,0.0,0.020245863283743136,-0.3718804493546486,,,0.3718804493546486,0.0,0.0,gnss_pseudorange,0.0,0.0
1.0,1.0,55.0,2.6810328497866993,0.0,0.8040909827353994,-2.4041121937334538,,,2.4041121937334538,0.0,0.0,gnss_pseudorange,0.0,0.0
1.0,1.0,55.0,0.998657725889669,0.25,2.3653477092645,-1.5359043202383447,,,1.5359043202383447,0.0,0.0,barometer_altitude,0.0,0.25
1.0,1.0,55.0,0.5008680894489063,0.3333333333,0.15828364404781095,-0.056212135587923484,0.022603470081157484,-0.09777288428030262,0.11502285836977937,0.0,0.0,doppler_velocity,0.0166666667,0.35
1.0,1.0,55.0,0.8998592139787456,0.5,0.6697886175694221,0.7364503100228319,,,0.7364503100228319,0.0,0.0,barometer_altitude,0.0,0.5
1.0,1.0,55.0,0.49402628979615076,0.6666666667,1.1022378595950064,0.21194832258209217,-0.20976938316722515,-0.02802974380594469,0.2995178660740418,0.0,0.0,doppler_velocity,0.03333333329999999,0.7
1.0,1.0,55.0,0.8579512036443383,0.75,3.745364487509272,1.6603881760313328,,,1.6603881760313328,0.0,0.0,barometer_altitude,0.0,0.75
1.0,1.0,55.0,2.0314412120574716,1.0,0.15947035571349794,-0.811230443418026,,,0.811230443418026,0.0,0.0,gnss_pseudorange,0.0,1.0
1.0,1.0,55.0,2.142650704068841,1.0,0.03632937164150685,0.4083949103951454,,,0.4083949103951454,0.0,0.0,gnss_pseudorange,0.0,1.0
1.0,1.0,55.0,2.0558986172812426,1.0,0.002532171790653142,-0.10345423594117165,,,0.10345423594117165,0.0,0.0,gnss_pseudorange,0.0,1.0
1.0,1.0,55.0,2.003201682294897,1.0,0.3761586586084877,1.2285991422832012,,,1.2285991422832012,0.0,0.0,gnss_pseudorange,0.0,1.0
1.0,1.0,55.0,2.1260419110590103,1.0,1.163272986547629,2.2930453456938267,,,2.2930453456938267,0.0,0.0,gnss_pseudorange,0.0,1.0
1.0,1.0,55.0,0.8312807538224755,1.0,0.9144034146105315,-0.7949075926538001,,,0.7949075926538001,0.0,0.0,barometer_altitude,0.0,1.0
1.0,1.0,55.0,0.4685962878650708,1.0,2.8930741566099347,-0.22026920556255902,0.2114678929127256,0.3438855345413684,0.45988526125427365,0.0,0.0,doppler_velocity,0.0,1.0
1.0,1.0,55.0,0.8182298995075429,1.25,0.18967678315650544,-0.3563546523815546,,,0.3563546523815546,0.0,0.0,barometer_altitude,0.0,1.25
1.0,1.0,55.0,0.45905950917926236,1.3333333333,1.812351901403066,-0.21362929474130254,0.18925700707930293,0.2140908226576013,0.35677804114952216,0.0,0.0,doppler_velocity,0.016666666700000166,1.35
1.0,1.0,55.0,0.8089349879105444,1.5,0.2545068856652354,-0.4080969868122679,,,0.4080969868122679,0.0,0.0,barometer_altitude,0.0,1.5
1.0,1.0,55.0,0.44058876877513603,1.6666666667,6.177190649830111,0.44618729474098373,-0.20929621508426477,-0.39585927995787096,0.6321333539417457,0.0,0.0,doppler_velocity,0.03333333329999988,1.7
1.0,1.0,55.0,0.8020605832402364,1.75,0.4857780401403026,-0.5590184129755755,,,0.5590184129755755,0.0,0.0,barometer_altitude,0.0,1.75
1.0,1.0,55.0,0.7991301969782324,2.0,0.18488366329642325,0.34361080395467525,,,0.34361080395467525,0.0,0.0,barometer_altitude,0.0,2.0
1.0,1.0,55.0,0.4162665559243566,2.0,3.9973359939920665,-0.17261456849727708,0.007544574281765026,0.4470099861245056,0.47923964522316487,0.0,0.0,doppler_velocity,0.0,2.0
1.0,1.0,55.0,1.9217301470081154,2.0,0.9022972792165623,-1.8254385888576508,,,1.8254385888576508,0.0,0.0,gnss_pseudorange,0.04999999999999982,2.05
1.0,1.0,55.0,1.9848372166147878,2.0,0.6471682946113625,-1.5967374481260777,,,1.5967374481260777,0.0,0.0,gnss_pseudorange,0.04999999999999982,2.05
1.0,1.0,55.0,1.9557904367686427,2.0,1.1512426632221042,-2.0984844528138638,,,2.0984844528138638,0.0,0.0,gnss_pseudorange,0.04999999999999982,2.05
1.0,1.0,55.0,1.918285938352467,2.0,0.04440243420259087,0.40421900898218155,,,0.40421900898218155,0.0,0.0,gnss_pseudorange,0.04999999999999982,2.05
1.0,1.0,55.0,2.001849829648033,2.0,2.2834345327843427e-06,0.0030250027775764465,,,0.0030250027775764465,0.0,0.0,gnss_pseudorange,0.04999999999999982,2.05
1.0,1.0,55.0,0.7933180552255702,2.25,2.2020914910756533,-1.1772400214691459,,,1.1772400214691459,0.0,0.0,barometer_altitude,0.0,2.25
1.0,1.0,55.0,0.40628679154364117,2.3333333333,1.9756581824072021,-0.002023676473932312,-0.03982178160556771,-0.32636199190492987,0.3287887153125335,0.0,0.0,doppler_velocity,0.016666666699999944,2.35
1.0,1.0,55.0,0.7900277752807534,2.5,0.017467326674889153,0.10441324218660952,,,0.10441324218660952,0.0,0.0,barometer_altitude,0.0,2.5
1.0,1.0,55.0,0.39696193243796063,2.6666666667,4.0984003069869805,-0.07726422812093858,-0.10591261590802725,-0.44398703777024595,0.4629381523093593,0.0,0.0,doppler_velocity,0.03333333330000032,2.7
1.0,1.0,55.0,0.787324701748179,2.75,2.24981006599069,-1.1809372049911957,,,1.1809372049911957,0.0,0.0,barometer_altitude,0.0,2.75
1.0,1.0,55.0,1.8863361906753153,3.0,0.11072062290582699,-0.6276728697121143,,,0.6276728697121143,0.0,0.0,gnss_pseudorange,0.0,3.0
1.0,1.0,55.0,1.9295646977219831,3.0,0.12948823329325945,0.6943436972796917,,,0.6943436972796917,0.0,0.0,gnss_pseudorange,0.0,3.0
1.0,1.0,55.0,1.9146867557265965,3.0,0.04738049057817935,0.4167710170149803,,,0.4167710170149803,0.0,0.0,gnss_pseudorange,0.0,3.0
1.0,1.0,55.0,1.8866751678946123,3.0,1.5509520365013156,-2.349612895399332,,,2.349612895399332,0.0,0.0,gnss_pseudorange,0.0,3.0
1.0,1.0,55.0,1.9483060141568094,3.0,0.14883205382088363,-0.7516322545707226,,,0.7516322545707226,0.0,0.0,gnss_pseudorange,0.0,3.0
1.0,1.0,55.0,0.7863473804474237,3.0,0.2680029804845664,-0.40708420909288634,,,0.40708420909288634,0.0,0.0,barometer_altitude,0.0,3.0
1.0,1.0,55.0,0.38474029376470154,3.0,2.2574915752619824,-0.13351393908572007,0.2973202630053029,-0.07458789489005768,0.33434811916303364,0.0,0.0,doppler_velocity,0.0,3.0
1.0,1.0,55.0,0.7844045429801421,3.25,2.2912109785828747,1.1873332804826617,,,1.1873332804826617,0.0,0.0,barometer_altitude,0.0,3.25
1.0,1.0,55.0,0.37987766018413055,3.3333333333,9.380186320446244,-0.5159294678602286,0.3400526123877632,-0.2650479303901326,0.6723610640142493,0.0,0.0,doppler_velocity,0.016666666699999944,3.35
1.0,1.0,55.0,0.7827269307814402,3.5,0.003798598536395006,-0.048241630158258886,,,0.048241630158258886,0.0,0.0,barometer_altitude,0.0,3.5
1.0,1.0,55.0,0.3752140141815996,3.6666666667,6.349725717843935,0.48472106363654177,-0.1507527914700515,-0.20217562454135743,0.5464026874271768,0.0,0.0,doppler_velocity,0.03333333330000032,3.7
1.0,1.0,55.0,0.7812853011742408,3.75,0.2372250799115261,0.380530923007413,,,0.380530923007413,0.0,0.0,barometer_altitude,0.0,3.75
1.0,1.0,55.0,0.7822363964824572,4.0,2.8564722802735703,1.322065664401734,,,1.322065664401734,0.0,0.0,barometer_altitude,0.0,4.0
1.0,1.0,55.0,0.36848032527722596,4.0,3.6403235795789444,-0.15550029085461148,-0.13098666319979646,0.34984149202254017,0.4046318276317901,0.0,0.0,doppler_velocity,0.0,4.0
1.0,1.0,55.0,1.8658390886311687,4.0,0.4468192961662306,1.247211616486311,,,1.247211616486311,0.0,0.0,gnss_pseudorange,0.04999999999999982,4.05
1.0,1.0,55.0,1.89947885886107,4.0,0.48594088276390185,1.3241164572536945,,,1.3241164572536945,0.0,0.0,gnss_pseudorange,0.04999999999999982,4.05
1.0,1.0,55.0,1.8904587833586946,4.0,0.2632087807452513,-0.969878651201725,,,0.969878651201725,0.0,0.0,gnss_pseudorange,0.04999999999999982,4.05
1.0,1.0,55.0,1.8678791247661142,4.0,5.002068098176263,-4.177568390965462,,,4.177568390965462,0.0,0.0,gnss_pseudorange,0.04999999999999982,4.05
1.0,1.0,55.0,1.9172246555991996,4.0,0.8794050791430683,1.79790810495615,,,1.79790810495615,0.0,0.0,gnss_pseudorange,0.04999999999999982,4.05
1.0,1.0,55.0,0.780296330613992,4.25,0.04355982456801091,-0.16285557326403932,,,0.16285557326403932,0.0,0.0,barometer_altitude,0.0,4.25
1.0,1.0,55.0,0.3655434387038576,4.3333333333,1.2469254089358157,0.007639770145036806,-0.236094555517941,0.001640402736216351,0.23622382638976133,0.0,0.0,doppler_velocity,0.016666666699999944,4.35
1.0,1.0,55.0,0.7792707525495309,4.5,1.4612533972790693,-0.9420005223519183,,,0.9420005223519183,0.0,0.0,barometer_altitude,0.0,4.5
1.0,1.0,55.0,0.3629673292739151,4.6666666667,4.401862569317401,-0.18992958732761878,0.21582206686324046,-0.33176103030065873,0.43899634840590096,0.0,0.0,doppler_velocity,0.03333333329999988,4.7
1.0,1.0,55.0,0.7783643264366347,4.75,0.5041432539745315,0.5526623806633779,,,0.5526623806633779,0.0,0.0,barometer_altitude,0.0,4.75
1.0,1.0,55.0,0.7796307821880826,5.0,0.014016000581997567,0.09229985770167559,,,0.09229985770167559,0.0,0.0,barometer_altitude,0.0,5.0
1.0,1.0,55.0,0.3586682196378164,5.0,1.033322193882579,0.10331256430366409,-0.11577728361286344,-0.1419140207002888,0.21027946788760463,0.0,0.0,doppler_velocity,0.0,5.0
1.0,1.0,55.0,1.854641980813223,5.0,0.5731257650542044,1.404058013111353,,,1.404058013111353,0.0,0.0,gnss_pseudorange,0.04999999999999982,5.05
1.0,1.0,55.0,1.8820466819051633,5.0,3.241478306383121,-3.3884567841887474,,,3.3884567841887474,0.0,0.0,gnss_pseudorange,0.04999999999999982,5.05
1.0,1.0,55.0,1.8758478411795751,5.0,1.1172569151290441,1.9827781915664673,,,1.9827781915664673,0.0,0.0,gnss_pseudorange,0.04999999999999982,5.05
1.0,1.0,55.0,1.8570261119121974,5.0,0.043940615957864984,0.3892701305449009,,,0.3892701305449009,0.0,0.0,gnss_pseudorange,0.04999999999999982,5.05
1.0,1.0,55.0,1.897980877643068,5.0,0.5272872951505059,-1.3782102838158607,,,1.3782102838158607,0.0,0.0,gnss_pseudorange,0.04999999999999982,5.05
1.0,1.0,55.0,0.7781840693712865,5.25,0.12555512012394018,0.2757398594125391,,,0.2757398594125391,0.0,0.0,barometer_altitude,0.0,5.25
1.0,1.0,55.0,0.35687351599370304,5.3333333333,0.7973125897514228,-0.0076303174420147,0.10448077019560253,0.15068946216890977,0.18352593030328848,0.0,0.0,doppler_velocity,0.016666666699999944,5.35
1.0,1.0,55.0,0.7774761902077928,5.5,2.3025089820651337,-1.1797439650321877,,,1.1797439650321877,0.0,0.0,barometer_altitude,0.0,5.5
1.0,1.0,55.0,0.3553533433756593,5.6666666667,5.365740607903367,0.4657600732492071,0.09027864559565746,0.042213652179374006,0.4763031304894124,0.0,0.0,doppler_velocity,0.03333333329999988,5.7
1.0,1.0,55.0,0.7768371746736125,5.75,0.0026682078692769375,0.04012728998233683,,,0.04012728998233683,0.0,0.0,barometer_altitude,0.0,5.75
1.0,1.0,55.0,1.8484755856814605,6.0,2.163346808314719,2.7187970653176308,,,2.7187970653176308,0.0,0.0,gnss_pseudorange,0.0,6.0
1.0,1.0,55.0,1.871452894357628,6.0,0.06335111125420288,0.4710380807518959,,,0.4710380807518959,0.0,0.0,gnss_pseudorange,0.0,6.0
1.0,1.0,55.0,1.8667604486806684,6.0,0.7864986560649457,1.6555320136249065,,,1.6555320136249065,0.0,0.0,gnss_pseudorange,0.0,6.0
1.0,1.0,55.0,1.8506942829021429,6.0,0.412534327936676,1.1886793822050095,,,1.1886793822050095,0.0,0.0,gnss_pseudorange,0.0,6.0
1.0,1.0,55.0,1.8855351211378535,6.0,0.954961188142473,-1.8425848111510277,,,1.8425848111510277,0.0,0.0,gnss_pseudorange,0.0,6.0
1.0,1.0,55.0,0.7776030100663911,6.0,2.4110647377352565,1.2074311303856007,,,1.2074311303856007,0.0,0.0,barometer_altitude,0.0,6.0
1.0,1.0,55.0,0.3520815375375831,6.0,2.2318258831951274,0.15292051616795987,-0.03400283542994442,-0.2588505269829132,0.30256317092746604,0.0,0.0,doppler_velocity,0.0,6.0
1.0,1.0,55.0,0.7770280591506247,6.25,0.0003130344558714635,-0.013747786323065725,,,0.013747786323065725,0.0,0.0,barometer_altitude,0.0,6.25
1.0,1.0,55.0,0.3512165993549687,6.3333333333,5.6574106610968675,-0.23568458612962928,-0.41634553349149606,-0.0706240608616453,0.4836099516862763,0.0,0.0,doppler_velocity,0.016666666699999944,6.35
1.0,1.0,55.0,0.7764919353007498,6.5,4.187098832081516,1.588888989458141,,,1.588888989458141,0.0,0.0,barometer_altitude,0.0,6.5
1.0,1.0,55.0,0.350287907359581,6.6666666667,0.18316918872616328,0.0776257828819844,-0.028727635282319586,0.02583570333217966,0.08670941565725925,0.0,0.0,doppler_velocity,0.03333333329999988,6.7
1.0,1.0,55.0,0.7759996354952254,6.75,2.9396181220392954,1.3304757868078667,,,1.3304757868078667,0.0,0.0,barometer_altitude,0.0,6.75
1.0,1.0,55.0,1.8433030483490065,7.0,1.7055234522416023,-2.407274354249239,,,2.407274354249239,0.0,0.0,gnss_pseudorange,0.0,7.0
1.0,1.0,55.0,1.8633529502496073,7.0,0.13287530643562018,0.6792306341230869,,,0.6792306341230869,0.0,0.0,gnss_pseudorange,0.0,7.0
1.0,1.0,55.0,1.8596569758914892,7.0,0.2220793087426102,0.8763687685132027,,,0.8763687685132027,0.0,0.0,gnss_pseudorange,0.0,7.0
1.0,1.0,55.0,1.8455197988917458,7.0,0.2405257780668191,0.9051061645150185,,,0.9051061645150185,0.0,0.0,gnss_pseudorange,0.0,7.0
1.0,1.0,55.0,1.8760419166609192,7.0,0.7146799414029037,-1.5859822928905487,,,1.5859822928905487,0.0,0.0,gnss_pseudorange,0.0,7.0
1.0,1.0,55.0,0.77680060480149,7.0,0.006126914911973462,0.06080376608224469,,,0.06080376608224469,0.0,0.0,barometer_altitude,0.0,7.0
1.0,1.0,55.0,0.3477937310640141,7.0,6.407081752466289,0.36907372638144764,0.33582503121303153,0.10386603417436713,0.5096881597108491,0.0,0.0,doppler_velocity,0.0,7.0
1.0,1.0,55.0,0.7763430838914476,7.25,0.17975066797612257,0.32914627531245344,,,0.32914627531245344,0.0,0.0,barometer_altitude,0.0,7.25
1.0,1.0,55.0,0.34730399616786944,7.3333333333,0.42531253885103204,-0.09262127298427814,0.03358204959501654,-0.08580474651031944,0.13064803399948466,0.0,0.0,doppler_velocity,0.016666666699999944,7.35
1.0,1.0,55.0,0.7759093397993578,7.5,0.0058255336596992925,0.05922142285844245,,,0.05922142285844245,0.0,0.0,barometer_altitude,0.0,7.5
1.0,1.0,55.0,0.34673864625325723,7.6666666667,1.2984560002081136,-0.1900185357672548,0.06048817587787925,0.11107691115392071,0.22826288254479907,0.0,0.0,doppler_velocity,0.03333333329999988,7.7
1.0,1.0,55.0,0.7755051797816394,7.75,0.14516355807259027,-0.29547007689549787,,,0.29547007689549787,0.0,0.0,barometer_altitude,0.0,7.75
1.0,1.0,55.0,0.7768326228303288,8.0,1.8272729813972097,1.0500964049759176,,,1.0500964049759176,0.0,0.0,barometer_altitude,0.0,8.0
1.0,1.0,55.0,0.3450087139670422,8.0,5.380704387798393,-0.1266656862521245,0.18873936490740562,-0.4000858918712694,0.46014722080417,0.0,0.0,doppler_velocity,0.0,8.0
1.0,1.0,55.0,1.8384681788429094,8.0,0.7489770487576228,1.5910739749670029,,,1.5910739749670029,0.0,0.0,gnss_pseudorange,0.05000000000000071,8.05
1.0,1.0,55.0,1.8565365072782491,8.0,1.7869594001598326,-2.4817660339176655,,,2.4817660339176655,0.0,0.0,gnss_pseudorange,0.05000000000000071,8.05
1.0,1.0,55.0,1.8535687226528472,8.0,0.0720037366249481,-0.49737758561968803,,,0.49737758561968803,0.0,0.0,gnss_pseudorange,0.05000000000000071,8.05
1.0,1.0,55.0,1.8408123622260404,8.0,0.0008896331393987033,-0.05490539222955704,,,0.05490539222955704,0.0,0.0,gnss_pseudorange,0.05000000000000071,8.05
1.0,1.0,55.0,1.8681941020996176,8.0,0.533449846705161,1.3644850887358189,,,1.3644850887358189,0.0,0.0,gnss_pseudorange,0.05000000000000071,8.05
1.0,1.0,55.0,0.7758926532229973,8.25,0.33470699847854674,-0.4488839075430917,,,0.4488839075430917,0.0,0.0,barometer_altitude,0.0,8.25
1.0,1.0,55.0,0.3444827713291889,8.3333333333,1.8872532512266356,-0.0016655725383181164,-0.2519419893724484,0.10683822999805204,0.27366393173003994,0.0,0.0,doppler_velocity,0.016666666699999055,8.35
1.0,1.0,55.0,0.7755258605183685,8.5,2.1270865682781537,1.1310683940788806,,,1.1310683940788806,0.0,0.0,barometer_altitude,0.0,8.5
1.0,1.0,55.0,0.3441558469613183,8.6666666667,1.950722304291563,0.07840169653562157,-0.202971375920471,-0.17210173391410533,0.2774224437188786,0.0,0.0,doppler_velocity,0.03333333329999988,8.7
1.0,1.0,55.0,0.775179667444038,8.75,0.870491041726005,0.7232434779051147,,,0.7232434779051147,0.0,0.0,barometer_altitude,0.0,8.75
1.0,1.0,55.0,0.7764531204651902,9.0,0.09450518899646966,0.23869486002384122,,,0.23869486002384122,0.0,0.0,barometer_altitude,0.0,9.0
1.0,1.0,55.0,0.34276103524559687,9.0,3.372169451409616,0.10517349933493492,0.17429516295311087,-0.29949794691565923,0.3621315907206965,0.0,0.0,doppler_velocity,0.0,9.0
1.0,1.0,55.0,1.8356374344583652,9.0,0.26412706585122575,-0.9433945417404175,,,0.9433945417404175,0.0,0.0,gnss_pseudorange,0.05000000000000071,9.05
1.0,1.0,55.0,1.8520273076056752,9.0,0.003589672257372234,-0.11096213012933731,,,0.11096213012933731,0.0,0.0,gnss_pseudorange,0.05000000000000071,9.05
1.0,1.0,55.0,1.8495080815317488,9.0,0.06951491963261279,0.48763542249798775,,,0.48763542249798775,0.0,0.0,gnss_pseudorange,0.05000000000000071,9.05
1.0,1.0,55.0,1.8378971824263706,9.0,0.5258965827432122,1.3328196480870247,,,1.3328196480870247,0.0,0.0,gnss_pseudorange,0.05000000000000071,9.05
1.0,1.0,55.0,1.8626718830121924,9.0,0.0066556490072548925,0.1519607976078987,,,0.1519607976078987,0.0,0.0,gnss_pseudorange,0.05000000000000071,9.05
1.0,1.0,55.0,0.7755783271286545,9.25,2.0004973727753774,1.0969697641965297,,,1.0969697641965297,0.0,0.0,barometer_altitude,0.0,9.25
1.0,1.0,55.0,0.3424042101458758,9.3333333333,5.576155498382803,0.4272726036718488,0.030809784152996844,-0.18699697353259181,0.46741736035199194,0.0,0.0,doppler_velocity,0.016666666699999055,9.35
1.0,1.0,55.0,0.7752567485647759,9.5,0.03426637391983799,0.14350916259959945,,,0.14350916259959945,0.0,0.0,barometer_altitude,0.0,9.5
1.0,1.0,55.0,0.34223586588799554,9.6666666667,2.6986513193984507,0.22459738746660207,0.03640316350070716,0.230837867779355,0.3241223503101895,0.0,0.0,doppler_velocity,0.03333333329999988,9.7
1.0,1.0,55.0,0.7749500895533026,9.75,6.443374823962504,1.9671180830173682,,,1.9671180830173682,0.0,0.0,barometer_altitude,0.0,9.75
1.0,1.0,55.0,1.8344208676740505,10.0,0.22672659271327067,0.8734744638204575,,,0.8734744638204575,0.0,0.0,gnss_pseudorange,0.0,10.0
1.0,1.0,55.0,1.8493496940773289,10.0,0.06533566044445531,0.4727093391120434,,,0.4727093391120434,0.0,0.0,gnss_pseudorange,0.0,10.0
1.0,1.0,55.0,1.8470909251903476,10.0,0.3606454932590789,-1.1092476807534695,,,1.1092476807534695,0.0,0.0,gnss_pseudorange,0.0,10.0
1.0,1.0,55.0,1.8364509928620558,10.0,0.4605405252532079,1.2462732382118702,,,1.2462732382118702,0.0,0.0,gnss_pseudorange,0.0,10.0
1.0,1.0,55.0,1.8590128256490621,10.0,0.05920072740546733,0.4523201212286949,,,0.4523201212286949,0.0,0.0,gnss_pseudorange,0.0,10.0
1.0,1.0,55.0,0.7756459746061449,10.0,0.8617215409924492,-0.7200240745987116,,,0.7200240745987116,0.0,0.0,barometer_altitude,0.0,10.0
1.0,1.0,55.0,0.3408239498599412,10.0,1.9186778412322059,-0.007596371087803533,0.20009765551092196,0.18455637899030564,0.2723193596141937,0.0,0.0,doppler_velocity,0.0,10.0
1.0,1.0,55.0,0.775349937640313,10.25,0.013426702111950146,0.08984262511903296,,,0.08984262511903296,0.0,0.0,barometer_altitude,0.0,10.25
1.0,1.0,55.0,0.3408445432565002,10.3333333333,2.467656594079927,0.07192774469578822,-0.291586675760624,0.07638478710259711,0.30988873106142933,0.0,0.0,doppler_velocity,0.016666666699999055,10.35
1.0,1.0,55.0,0.7750594441729313,10.5,0.3078044477501007,-0.4300039629443404,,,0.4300039629443404,0.0,0.0,barometer_altitude,0.0,10.5
1.0,1.0,55.0,0.3407825977153644,10.6666666667,2.3512987629914055,0.04998388688214561,-0.16096560178903774,0.24913166651612506,0.30079046056724595,0.0,0.0,doppler_velocity,0.03333333329999988,10.7
1.0,1.0,55.0,0.7747803362102271,10.75,2.432807056812107,1.208460399218069,,,1.208460399218069,0.0,0.0,barometer_altitude,0.0,10.75
1.0,1.0,55.0,0.7759451922607521,11.0,0.0004183977755073499,0.01587178347041629,,,0.01587178347041629,0.0,0.0,barometer_altitude,0.0,11.0
1.0,1.0,55.0,0.33978632140361525,11.0,1.8262195156029057,-0.016277660069466293,0.2618386309137608,-0.04334183791846602,0.26590025530315,0.0,0.0,doppler_velocity,0.0,11.0
1.0,1.0,55.0,1.8317190960829548,11.0,0.2794993595404697,0.9683877378702164,,,0.9683877378702164,0.0,0.0,gnss_pseudorange,0.05000000000000071,11.05
1.0,1.0,55.0,1.845786613725483,11.0,0.04144064425080659,0.37574632465839386,,,0.37574632465839386,0.0,0.0,gnss_pseudorange,0.05000000000000071,11.05
1.0,1.0,55.0,1.8438203915497795,11.0,0.5890824221461631,1.4151635877788067,,,1.4151635877788067,0.0,0.0,gnss_pseudorange,0.05000000000000071,11.05
1.0,1.0,55.0,1.8338359518861662,11.0,0.24676335053222134,0.9109631553292274,,,0.9109631553292274,0.0,0.0,gnss_pseudorange,0.05000000000000071,11.05
1.0,1.0,55.0,1.8548373083943894,11.0,2.5058175405682612,2.9361655935645103,,,2.9361655935645103,0.0,0.0,gnss_pseudorange,0.05000000000000071,11.05
1.0,1.0,55.0,0.7751511306896334,11.25,0.9146974020593676,0.7413530995553117,,,0.7413530995553117,0.0,0.0,barometer_altitude,0.0,11.25
1.0,1.0,55.0,0.3396262648475757,11.3333333333,0.9190948064304116,-0.14395193117202254,-0.04958022471667878,-0.11023908740199417,0.18797077847988924,0.0,0.0,doppler_velocity,0.016666666699999055,11.35
1.0,1.0,55.0,0.7748857718159465,11.5,0.30073343585218826,-0.42494091103306175,,,0.42494091103306175,0.0,0.0,barometer_altitude,0.0,11.5
1.0,1.0,55.0,0.33964355531261287,11.6666666667,1.921932066154673,0.04856353267811997,0.03439979465606813,0.26385125517889374,0.270479661782612,0.0,0.0,doppler_velocity,0.03333333329999988,11.7
1.0,1.0,55.0,0.7746291100672782,11.75,0.03234905399216694,-0.13932357373879256,,,0.13932357373879256,0.0,0.0,barometer_altitude,0.0,11.75
1.0,1.0,55.0,1.8312480785726515,12.0,1.67757178200819,-2.371852830052376,,,2.371852830052376,0.0,0.0,gnss_pseudorange,0.0,12.0
1.0,1.0,55.0,1.844353197748739,12.0,2.000151276489629,2.608407948166132,,,2.608407948166132,0.0,0.0,gnss_pseudorange,0.0,12.0
1.0,1.0,55.0,1.8425107474896236,12.0,0.7808777658884326,1.628176786005497,,,1.628176786005497,0.0,0.0,gnss_pseudorange,0.0,12.0
1.0,1.0,55.0,1.833170093920306,12.0,0.040596332584459265,0.3693568557500839,,,0.3693568557500839,0.0,0.0,gnss_pseudorange,0.0,12.0
1.0,1.0,55.0,1.8526682015007523,12.0,0.0018398751008976931,0.07946791499853134,,,0.07946791499853134,0.0,0.0,gnss_pseudorange,0.0,12.0
1.0,1.0,55.0,0.7752398149410017,12.0,0.00039019788172763216,-0.015313643160283164,,,0.015313643160283164,0.0,0.0,barometer_altitude,0.0,12.0
1.0,1.0,55.0,0.3385318954411149,12.0,0.4349778415730277,-0.05780901435915098,-0.020741915958149892,-0.11276334011826494,0.12840436166041627,0.0,0.0,doppler_velocity,0.0,12.0
1.0,0.96,55.0,0.7749915643247592,12.25,0.00021985872364693948,0.0114912911018763,,,0.0114912911018763,0.0,0.0,barometer_altitude,0.0,12.25
1.0,0.96,55.0,0.3328942139004524,12.3333333333,2.6673150939790258,-0.2208431243367066,0.09632602616347397,0.20077813322163196,0.3136275620273316,0.0,0.0,doppler_velocity,0.016666666699999055,12.35
1.0,0.96,55.0,0.760031736121817,12.5,1.4345419692439736,0.9103079938208651,,,0.9103079938208651,0.0,0.0,barometer_altitude,0.0,12.5
1.0,0.96,55.0,0.3328109008169097,12.6666666667,2.165088494584071,-0.16788575799957428,0.1784480267890678,-0.14144577726546492,0.2829067583325556,0.0,0.0,doppler_velocity,0.03333333329999988,12.7
1.0,0.96,55.0,0.7596827426161384,12.75,0.03946789865354397,-0.150922594669467,,,0.150922594669467,0.0,0.0,barometer_altitude,0.0,12.75
1.0,0.96,55.0,1.7942455634388332,13.0,1.5413687774234357e-06,0.00222758948802948,,,0.00222758948802948,0.0,0.0,gnss_pseudorange,0.0,13.0
1.0,0.9216,55.0,1.806953718566617,13.0,0.044326977201904025,0.3804355449974537,,,0.3804355449974537,0.0,0.0,gnss_pseudorange,0.0,13.0
1.0,0.884736,55.0,1.770358837147386,13.0,0.05056879969051647,0.3981095775961876,,,0.3981095775961876,0.0,0.0,gnss_pseudorange,0.0,13.0
1.0,0.84934656,55.0,1.7269173878289346,13.0,0.36001219025280307,1.0361679755151272,,,1.0361679755151272,0.0,0.0,gnss_pseudorange,0.0,13.0
1.0,0.8153726976,55.0,1.7130929568630435,13.0,0.24470699751198213,0.8474305644631386,,,0.8474305644631386,0.0,0.0,gnss_pseudorange,0.0,13.0
1.0,0.782757789696,55.0,0.7046218256828681,13.0,0.10389277681300967,-0.22711654265178538,,,0.22711654265178538,0.0,0.0,barometer_altitude,0.0,13.0
1.0,0.7514474781081599,55.0,0.3045346560568177,13.0,2.5598957098256965,0.14619387439688936,-0.15208082127075118,0.18554773713093453,0.28094338907326155,0.0,0.0,doppler_velocity,0.0,13.0
1.0,0.7213895789838335,55.0,0.6776551166768391,13.25,0.16701337130965999,-0.27693914254017216,,,0.27693914254017216,0.0,0.0,barometer_altitude,0.0,13.25
1.0,0.6925339958244802,55.0,0.29383722535394274,13.3333333333,1.0990366179655322,-0.10402911191708242,0.07497792356562138,-0.12279193820849299,0.1775432489211217,0.0,0.0,doppler_velocity,0.016666666699999055,13.35
1.0,0.6648326359915009,55.0,0.6515974061877089,13.5,2.4148507618711967,1.0125686918403431,,,1.0125686918403431,0.0,0.0,barometer_altitude,0.0,13.5
1.0,0.6648326359915009,55.0,0.28337539244144455,13.6666666667,5.304996516377594,0.03164215926816283,0.2514304254197417,0.2778239772785802,0.3760380930448312,0.0,0.0,doppler_velocity,0.03333333329999988,13.7
1.0,0.6648326359915009,55.0,0.6382700011002315,13.75,0.0100209541439816,0.06389383712304664,,,0.06389383712304664,0.0,0.0,barometer_altitude,0.0,13.75
1.0,0.6648326359915009,55.0,0.6386343562970864,14.0,4.154312046751446,-1.3016728180148647,,,1.3016728180148647,0.0,0.0,barometer_altitude,0.0,14.0
1.0,0.6648326359915009,55.0,0.28143555367472806,14.0,3.2300830952852198,-0.1408205979072754,-0.011992833879716613,0.25383958332729845,0.2905319309872936,0.0,0.0,doppler_velocity,0.0,14.0
1.0,0.6648326359915009,55.0,1.5002737168994449,14.0,7.617350258453723,4.140687581151724,,,4.140687581151724,0.0,0.0,gnss_pseudorange,0.05000000000000071,14.05
1.0,0.6648326359915009,55.0,1.515016071279453,14.0,0.6333378214968229,-1.2056880369782448,,,1.2056880369782448,0.0,0.0,gnss_pseudorange,0.05000000000000071,14.05
1.0,0.6648326359915009,55.0,1.5124494543474127,14.0,1.3662492254619336,1.7678517140448093,,,1.7678517140448093,0.0,0.0,gnss_pseudorange,0.05000000000000071,14.05
1.0,0.718019246870821,55.0,1.502318678128461,14.0,4.663988072774263,-3.244447734206915,,,3.244447734206915,0.0,0.0,gnss_pseudorange,0.05000000000000071,14.05
1.0,0.7754607866204867,55.0,1.5784317124953005,14.0,0.18615790476776808,-0.6810304634273052,,,0.6810304634273052,0.0,0.0,gnss_pseudorange,0.05000000000000071,14.05
1.0,0.8374976495501256,55.0,0.6840130268752536,14.25,0.978384674388474,-0.6765800587886304,,,0.6765800587886304,0.0,0.0,barometer_altitude,0.0,14.25
1.0,0.9044974615141357,55.0,0.30918958249750794,14.3333333333,4.577546422837713,0.12617361141230887,-0.1778241978784112,-0.3123407466833,0.3809172713419622,0.0,0.0,doppler_velocity,0.016666666699999055,14.35
1.0,0.9768572584352666,55.0,0.7348419856924574,14.5,2.2738388235019285,-1.1080868492911549,,,1.1080868492911549,0.0,0.0,barometer_altitude,0.0,14.5
1.0,1.055005839110088,55.0,0.3308443023094723,14.6666666667,3.520922542149666,0.15686931927910663,-0.25291558788414825,0.1997901385155484,0.3584555444876486,0.0,0.0,doppler_velocity,0.03333333329999988,14.7
1.0,1.1394063062388953,55.0,0.7903766240696144,14.75,1.1168883866141905,0.8352932555994244,,,0.8352932555994244,0.0,0.0,barometer_altitude,0.0,14.75
1.0,1.230558810738007,55.0,0.8208518217209886,15.0,1.7239469817155115,-1.077771559281942,,,1.077771559281942,0.0,0.0,barometer_altitude,0.0,15.0
1.0,1.230558810738007,55.0,0.3663300776134083,15.0,1.6630078349636324,0.07304705246646392,-0.12206605157547212,-0.23201272358557026,0.2721505038151838,0.0,0.0,doppler_velocity,0.0,15.0
1.0,1.230558810738007,55.0,0.8519104069624958,15.25,1.0149445681528693,-0.8582525163819525,,,0.8582525163819525,0.0,0.0,barometer_altitude,0.0,15.25
1.0,1.230558810738007,55.0,0.3674914104478729,15.3333333333,0.8786788330720349,-0.175743501357708,0.0927553587475396,0.014269262655321413,0.19923088792297752,0.0,0.0,doppler_velocity,0.016666666699999055,15.35
1.0,1.230558810738007,55.0,0.852342752340353,15.5,1.223502741776826,-0.942793861225482,,,0.942793861225482,0.0,0.0,barometer_altitude,0.0,15.5
1.0,1.230558810738007,55.0,0.3684252683115854,15.6666666667,0.20982673319592307,0.00034091176845407745,-0.05285342093804246,0.08162004522828027,0.09723904621475003,0.0,0.0,doppler_velocity,0.03333333329999988,15.7
1.0,1.230558810738007,55.0,0.8527339495207632,15.75,0.6436678464118151,0.6841391775767249,,,0.6841391775767249,0.0,0.0,barometer_altitude,0.0,15.75
1.0,1.230558810738007,55.0,0.8540014424128108,16.0,2.038626839519472,-1.2193474461940923,,,1.2193474461940923,0.0,0.0,barometer_altitude,0.0,16.0
1.0,1.230558810738007,55.0,0.36853115401822106,16.0,0.4170526304834431,-0.018400766577130412,-0.12751383130912752,0.04830202102360144,0.13759160810428483,0.0,0.0,doppler_velocity,0.0,16.0
1.0,1.230558810738007,55.0,0.8543263427113083,16.25,0.044745617105248575,-0.18071701679581054,,,0.18071701679581054,0.0,0.0,barometer_altitude,0.0,16.25
1.0,1.230558810738007,55.0,0.3691991243741858,16.3333333333,0.028658198966002163,-0.02381362355219352,0.018726046395606044,-0.019618734035158902,0.03609221807312871,0.0,0.0,doppler_velocity,0.01666666670000083,16.35
1.0,1.230558810738007,55.0,0.854600857758996,16.5,0.18868833975458552,-0.3712238375528898,,,0.3712238375528898,0.0,0.0,barometer_altitude,0.0,16.5
1.0,1.230558810738007,55.0,0.36971660822976204,16.6666666667,0.6258270945041805,0.1346866120236463,0.023106934903641685,-0.09916651099467885,0.16884433896908452,0.0,0.0,doppler_velocity,0.03333333329999988,16.7
1.0,1.230558810738007,55.0,0.854831328742265,16.75,1.5784771922004608,-1.0739883879968346,,,1.0739883879968346,0.0,0.0,barometer_altitude,0.0,16.75
1.0,1.230558810738007,55.0,0.856117364002629,17.0,0.08326895303841018,-0.2470443112395344,,,0.2470443112395344,0.0,0.0,barometer_altitude,0.0,17.0
1.0,1.230558810738007,55.0,0.3694595977617791,17.0,0.7181114222405309,0.011143408542320543,-0.1458143513538972,0.10621384006649492,0.1807411973966362,0.0,0.0,doppler_velocity,0.0,17.0
1.0,1.1813364583084867,55.0,0.8562540253864168,17.25,0.03684387522201422,-0.16435589195071998,,,0.16435589195071998,0.0,0.0,barometer_altitude,0.0,17.25
1.0,1.1340829999761473,55.0,0.3633346519226987,17.3333333333,0.002103208685980888,0.003146107302143264,0.0017288343350321256,0.008884984414484154,0.009582787035106826,0.0,0.0,doppler_velocity,0.01666666670000083,17.35
1.0,1.0887196799771013,55.0,0.8240093395123299,17.5,1.1231609991983214,-0.8732792507786371,,,0.8732792507786371,0.0,0.0,barometer_altitude,0.0,17.5
1.0,1.0451708927780172,55.0,0.3509199215218357,17.6666666667,1.5747182307809893,-0.04910738725931907,-0.18179954240371732,0.17045943413143716,0.25400596013882726,0.0,0.0,doppler_velocity,0.03333333329999988,17.7
1.0,1.0033640570668965,55.0,0.7928922660582846,17.75,0.15024650976867135,-0.3073380828021328,,,0.3073380828021328,0.0,0.0,barometer_altitude,0.0,17.75
1.0,0.9632294947842206,55.0,0.7789661469224485,18.0,1.186142138529726,0.8483732209585497,,,0.8483732209585497,0.0,0.0,barometer_altitude,0.0,18.0
1.0,0.9247003149928518,55.0,0.3322107909664138,18.0,1.4269422741391828,0.02644022708358662,-0.010862880097473937,-0.22579104918753978,0.22759324608927597,0.0,0.0,doppler_velocity,0.0,18.0
1.0,0.9247003149928518,55.0,0.7493681505023863,18.25,0.5125261461373414,0.5364796386985091,,,0.5364796386985091,0.0,0.0,barometer_altitude,0.0,18.25
1.0,0.9247003149928518,55.0,0.32613880855380173,18.3333333333,0.3484409271541449,-0.08899317184997813,-0.026218662613830768,-0.061262724967344195,0.11117699571225194,0.0,0.0,doppler_velocity,0.01666666670000083,18.35
1.0,0.8877123023931377,55.0,0.7485791544185731,18.5,0.4545124172754926,0.5046736216094843,,,0.5046736216094843,0.0,0.0,barometer_altitude,0.0,18.5
1.0,0.8877123023931377,55.0,0.32014472324100496,18.6666666667,5.150024336062481,-0.3699654590784114,-0.14405720587515025,0.13807961925332102,0.42034854671902605,0.0,0.0,doppler_velocity,0.03333333329999988,18.7
1.0,0.8877123023931377,55.0,0.7337979178045564,18.75,0.023071711979155706,-0.11145931914444418,,,0.11145931914444418,0.0,0.0,barometer_altitude,0.0,18.75
1.0,0.8877123023931377,55.0,0.7344437405559955,19.0,0.17777701573274704,0.30966800742282885,,,0.30966800742282885,0.0,0.0,barometer_altitude,0.0,19.0
1.0,0.8877123023931377,55.0,0.3189385141028434,19.0,2.4458300387743077,0.17007689420964667,0.17615797820403423,0.15186809973835047,0.28813486937035215,0.0,0.0,doppler_velocity,0.0,19.0
1.0,0.8877123023931377,55.0,0.7336617796067131,19.25,0.1283665077232147,-0.2628583382366543,,,0.2628583382366543,0.0,0.0,barometer_altitude,0.0,19.25
1.0,0.8877123023931377,55.0,0.31874997884211725,19.3333333333,3.291164267496783,0.18898432784537889,-0.19064411883107413,-0.19836772504971023,0.33378138138225116,0.0,0.0,doppler_velocity,0.01666666670000083,19.35
1.0,0.8877123023931377,55.0,0.7329738265847594,19.5,0.7784072596445729,-0.6466836869732902,,,0.6466836869732902,0.0,0.0,barometer_altitude,0.0,19.5
1.0,0.8877123023931377,55.0,0.31861035153558126,19.6666666667,5.917161675460398,-0.05064069336166099,0.42884511673031667,0.12110674949891065,0.44848573973068595,0.0,0.0,doppler_velocity,0.03333333329999988,19.7
1.0,0.8877123023931377,55.0,0.7323653638451959,19.75,2.8767564092344293,-1.24216515252877,,,1.24216515252877,0.0,0.0,barometer_altitude,0.0,19.75
1.0,0.8877123023931377,55.0,1.730788716909229,20.0,0.4406690602472581,1.148947898298502,,,1.148947898298502,0.0,0.0,gnss_pseudorange,0.0,20.0
1.0,0.8877123023931377,55.0,1.7475132831182427,20.0,0.016778881973454996,-0.2263612039387226,,,0.2263612039387226,0.0,0.0,gnss_pseudorange,0.0,20.0
1.0,0.8877123023931377,55.0,1.7448380181743528,20.0,0.5324747402172599,-1.2732234261929989,,,1.2732234261929989,0.0,0.0,gnss_pseudorange,0.0,20.0
1.0,0.8877123023931377,55.0,1.7344015884394262,20.0,0.20881022980475367,-0.7925479523837566,,,0.7925479523837566,0.0,0.0,gnss_pseudorange,0.0,20.0
1.0,0.8877123023931377,55.0,1.7543195986000657,20.0,0.17282158267063255,0.7293025031685829,,,0.7293025031685829,0.0,0.0,gnss_pseudorange,0.0,20.0
1.0,0.8877123023931377,55.0,0.7324239250051042,20.0,0.31429030529813073,-0.4106085749569246,,,0.4106085749569246,0.0,0.0,barometer_altitude,0.0,20.0
1.0,0.8877123023931377,55.0,0.31752219480331995,20.0,2.6153099210971753,0.23704067837770637,0.1687247080063643,0.060841638783827645,0.29725076166008035,0.0,0.0,doppler_velocity,0.0,20.0
1.0,0.8877123023931377,55.0,0.731918762042353,20.25,0.05195252092857607,-0.16682694350870975,,,0.16682694350870975,0.0,0.0,barometer_altitude,0.0,20.25
1.0,0.8877123023931377,55.0,0.3176623763230489,20.3333333333,0.6784321530941668,0.01932294358001485,-0.041488229986699654,0.14320245202924486,0.15033825741711224,0.0,0.0,doppler_velocity,0.01666666670000083,20.35
1.0,0.8877123023931377,55.0,0.7314583924716749,20.5,0.5048881123553643,0.5197412658788068,,,0.5197412658788068,0.0,0.0,barometer_altitude,0.0,20.5
1.0,0.8877123023931377,55.0,0.31776694002127837,20.6666666667,3.471314394765318,-0.2280940939816567,0.1468538843714921,-0.20775886558969603,0.3416968324339952,0.0,0.0,doppler_velocity,0.03333333329999988,20.7
1.0,0.8522038102974122,55.0,0.7310397573889859,20.75,0.8254299757415279,0.6641728441747148,,,0.6641728441747148,0.0,0.0,barometer_altitude,0.0,20.75
1.0,0.8522038102974122,55.0,0.7179489471315362,21.0,1.4103210888575566,0.8526142031085726,,,0.8526142031085726,0.0,0.0,barometer_altitude,0.0,21.0
1.0,0.8522038102974122,55.0,0.31167847705889284,21.0,0.4691532032466648,0.031203559864657393,-0.09425126350464863,-0.07301449361092516,0.12323992493388576,0.0,0.0,doppler_velocity,0.0,21.0
1.0,0.8181156578855157,55.0,1.6939370692218831,21.0,0.007493592545545407,0.14663657546043396,,,0.14663657546043396,0.0,0.0,gnss_pseudorange,0.05000000000000071,21.05
1.0,0.785391031570095,55.0,1.6768884889925701,21.0,0.1571744599303353,-0.6648063696920872,,,0.6648063696920872,0.0,0.0,gnss_pseudorange,0.05000000000000071,21.05
1.0,0.7539753903072912,55.0,1.6423898240609516,21.0,0.0021814272059151128,-0.07670905068516731,,,0.07670905068516731,0.0,0.0,gnss_pseudorange,0.05000000000000071,21.05
1.0,0.7539753903072912,55.0,1.6005536058196896,21.0,1.5445301288828415,1.989154040813446,,,1.989154040813446,0.0,0.0,gnss_pseudorange,0.05000000000000071,21.05
1.0,0.7539753903072912,55.0,1.620629688396798,21.0,0.007383460052966065,0.13925594836473465,,,0.13925594836473465,0.0,0.0,gnss_pseudorange,0.05000000000000071,21.05
1.0,0.7539753903072912,55.0,0.6772619328214935,21.25,1.1903604950000157,0.7389174424197336,,,0.7389174424197336,0.0,0.0,barometer_altitude,0.0,21.25
1.0,0.7539753903072912,55.0,0.2958056249896019,21.3333333333,3.9697686358692215,0.23745186416974207,-0.1178226102771967,0.21301218564517088,0.34005844574653715,0.0,0.0,doppler_velocity,0.01666666670000083,21.35
1.0,0.7539753903072912,55.0,0.6764691382289327,21.5,1.4846755829638087,0.8242591391056209,,,0.8242591391056209,0.0,0.0,barometer_altitude,0.0,21.5
1.0,0.7539753903072912,55.0,0.2955151867372209,21.6666666667,0.287670562395729,-0.035721649506701425,-0.0004984089236688138,-0.08384453705630968,0.0911383072539846,0.0,0.0,doppler_velocity,0.03333333329999988,21.7
1.0,0.7539753903072912,55.0,0.6757786736090188,21.75,0.16571512467636623,0.2750968110526202,,,0.2750968110526202,0.0,0.0,barometer_altitude,0.0,21.75
1.0,0.7539753903072912,55.0,1.5955153252088796,22.0,0.05366751584130389,0.36962107568979263,,,0.36962107568979263,0.0,0.0,gnss_pseudorange,0.0,22.0
1.0,0.7539753903072912,55.0,1.6104646423307885,22.0,1.1570324163253423,1.732303399592638,,,1.732303399592638,0.0,0.0,gnss_pseudorange,0.0,22.0
1.0,0.7539753903072912,55.0,1.6079629186356643,22.0,5.672681148607002,-3.8297481574118137,,,3.8297481574118137,0.0,0.0,gnss_pseudorange,0.0,22.0
1.0,0.7539753903072912,55.0,1.598112625231738,22.0,0.03296398452669842,0.2901531122624874,,,0.2901531122624874,0.0,0.0,gnss_pseudorange,0.0,22.0
1.0,0.7539753903072912,55.0,1.616755171460054,22.0,0.9547188865593829,1.5797269083559513,,,1.5797269083559513,0.0,0.0,gnss_pseudorange,0.0,22.0
1.0,0.7539753903072912,55.0,0.6757287790270956,22.0,0.085499883136273,-0.19758554822858798,,,0.19758554822858798,0.0,0.0,barometer_altitude,0.0,22.0
1.0,0.7539753903072912,55.0,0.2943696618244575,22.0,1.8666324685038342,0.049966094811718875,0.16534676684666114,-0.15482180719721927,0.23196110863933794,0.0,0.0,doppler_velocity,0.0,22.0
1.0,0.7539753903072912,55.0,0.6751659495115756,22.25,3.2263850505700193,-1.2127425903709366,,,1.2127425903709366,0.0,0.0,barometer_altitude,0.0,22.25
1.0,0.7539753903072912,55.0,0.29444569019390865,22.3333333333,0.9911174455591097,-0.12183672578465021,-0.060348595360321285,0.10067816782557193,0.1691810692382628,0.0,0.0,doppler_velocity,0.01666666670000083,22.35
1.0,0.7539753903072912,55.0,0.6746601644280206,22.5,4.002614552644038e-06,0.0013497612404478332,,,0.0013497612404478332,0.0,0.0,barometer_altitude,0.0,22.5
1.0,0.7539753903072912,55.0,0.29450336179536124,22.6666666667,2.7744438079230282,-0.22720670807383314,0.07522271040620586,0.1515252684386631,0.28326886756227354,0.0,0.0,doppler_velocity,0.03333333329999988,22.7
1.0,0.8142934215318746,55.0,0.6742060975902525,22.75,11.872980580905056,-2.323124873275731,,,2.323124873275731,0.0,0.0,barometer_altitude,0.0,22.75
1.0,0.8794368952544246,55.0,1.6534454462340307,23.0,0.508414586145827,-1.178959459066391,,,1.178959459066391,0.0,0.0,gnss_pseudorange,0.0,23.0
1.0,0.9497918468747786,55.0,1.7288186639778593,23.0,0.4700855003933894,1.185326162725687,,,1.185326162725687,0.0,0.0,gnss_pseudorange,0.0,23.0
1.0,0.9497918468747786,55.0,1.7918164566683359,23.0,0.19366224746589492,-0.7885259762406349,,,0.7885259762406349,0.0,0.0,gnss_pseudorange,0.0,23.0
1.0,0.9497918468747786,55.0,1.7834714242808836,23.0,2.0397773666660863,2.5471677035093307,,,2.5471677035093307,0.0,0.0,gnss_pseudorange,0.0,23.0
1.0,0.9497918468747786,55.0,1.79932899601134,23.0,0.019515059292630477,0.25135962292551994,,,0.25135962292551994,0.0,0.0,gnss_pseudorange,0.0,23.0
1.0,0.9497918468747786,55.0,0.7516222745039236,23.0,0.00023794609765646657,-0.01159415055032298,,,0.01159415055032298,0.0,0.0,barometer_altitude,0.0,23.0
1.0,0.9497918468747786,55.0,0.3245093133269274,23.0,1.350139375748112,-0.04374688148323358,-0.09703341794676257,0.1892485424252972,0.2171273466149271,0.0,0.0,doppler_velocity,0.0,23.0
1.0,0.9497918468747786,55.0,0.7517399612745952,23.25,0.9198163792904542,-0.7209716814012523,,,0.7209716814012523,0.0,0.0,barometer_altitude,0.0,23.25
1.0,0.9497918468747786,55.0,0.3252909673709236,23.3333333333,3.1279188826198263,0.02433608632989248,-0.26750365084215955,-0.1954230277765293,0.33217556818207766,0.0,0.0,doppler_velocity,0.01666666670000083,23.35
1.0,0.9497918468747786,55.0,0.7518347647604559,23.5,1.093021168007403,0.7860255985596325,,,0.7860255985596325,0.0,0.0,barometer_altitude,0.0,23.5
1.0,0.9497918468747786,55.0,0.32590147663956903,23.6666666667,2.4279429123811633,0.21067304677972132,0.11396515019211462,0.16908784581121145,0.29319257783722613,0.0,0.0,doppler_velocity,0.03333333329999988,23.7
1.0,0.9497918468747786,55.0,0.7519102556338526,23.75,3.017559204425003,1.3061525668924787,,,1.3061525668924787,0.0,0.0,barometer_altitude,0.0,23.75
1.0,0.9497918468747786,55.0,1.780677299116283,24.0,0.15014725557573322,-0.6899917870759964,,,0.6899917870759964,0.0,0.0,gnss_pseudorange,0.0,24.0
1.0,0.9497918468747786,55.0,1.7923174824758863,24.0,0.052147643518222146,0.4092910848557949,,,0.4092910848557949,0.0,0.0,gnss_pseudorange,0.0,24.0
1.0,0.9497918468747786,55.0,1.790824355297504,24.0,0.5171887589183892,1.2878863215446472,,,1.2878863215446472,0.0,0.0,gnss_pseudorange,0.0,24.0
1.0,0.9497918468747786,55.0,1.7828481662563767,24.0,0.008085162960615502,0.1603093110024929,,,0.1603093110024929,0.0,0.0,gnss_pseudorange,0.0,24.0
1.0,0.9497918468747786,55.0,1.7980186061605692,24.0,0.01942137708154675,0.25057295337319374,,,0.25057295337319374,0.0,0.0,gnss_pseudorange,0.0,24.0
1.0,0.9497918468747786,55.0,0.7524635409191079,24.0,0.5923069922141628,0.5791071028917258,,,0.5791071028917258,0.0,0.0,barometer_altitude,0.0,24.0
1.0,0.9497918468747786,55.0,0.32559552323387037,24.0,0.8760622319107845,0.011260211989295499,0.09015805820926787,0.15020361366561624,0.1755459865457462,0.0,0.0,doppler_velocity,0.0,24.0
1.0,0.9497918468747786,55.0,0.7525250757793025,24.25,0.11815333449365248,-0.25866875185072047,,,0.25866875185072047,0.0,0.0,barometer_altitude,0.0,24.25
1.0,0.9497918468747786,55.0,0.32610836605824045,24.3333333333,1.5685113397483346,-0.1858772548422607,0.14519482302615688,-0.013344767374974531,0.2362413454871605,0.0,0.0,doppler_velocity,0.01666666670000083,24.35
1.0,0.9497918468747786,55.0,0.7525633295441191,24.5,0.009931930481431735,-0.07499976247547124,,,0.07499976247547124,0.0,0.0,barometer_altitude,0.0,24.5
1.0,0.9118001729997874,55.0,0.32650422029032355,24.6666666667,0.3176960073591333,0.065962552804681,0.06219649480897682,-0.05546550906269648,0.10628210119590915,0.0,0.0,doppler_velocity,0.03333333329999988,24.7
1.0,0.8753281660797959,55.0,0.7382492777229334,24.75,0.39806265013065234,-0.4657777576312725,,,0.4657777576312725,0.0,0.0,barometer_altitude,0.0,24.75
1.0,0.840315039436604,55.0,0.7251662216288182,25.0,1.2044005493991634,-0.7958350069679199,,,0.7958350069679199,0.0,0.0,barometer_altitude,0.0,25.0
1.0,0.8067024378591399,55.0,0.3094297818258129,25.0,2.6497046105644593,0.1751645548995313,-0.20010292569870258,0.11854167364263601,0.29116306523377694,0.0,0.0,doppler_velocity,0.0,25.0
1.0,0.7744343403447742,55.0,1.644124007865333,25.0,0.9049122454924526,1.564003799110651,,,1.564003799110651,0.0,0.0,gnss_pseudorange,0.05000000000000071,25.05
1.0,0.7434569667309832,55.0,1.6244192977863363,25.0,0.544796936713829,1.1989897452294827,,,1.1989897452294827,0.0,0.0,gnss_pseudorange,0.05000000000000071,25.05
1.0,0.7434569667309832,55.0,1.5913721704513517,25.0,0.779674594136655,1.4051686450839043,,,1.4051686450839043,0.0,0.0,gnss_pseudorange,0.05000000000000071,25.05
1.0,0.7434569667309832,55.0,1.5828179696705058,25.0,0.24583644158636944,0.7847911603748798,,,0.7847911603748798,0.0,0.0,gnss_pseudorange,0.05000000000000071,25.05
1.0,0.7434569667309832,55.0,1.599105006059525,25.0,0.6978838821624924,1.335883442312479,,,1.335883442312479,0.0,0.0,gnss_pseudorange,0.05000000000000071,25.05
1.0,0.7434569667309832,55.0,0.6712773073979174,25.25,0.041976085786300285,0.13753173932961715,,,0.13753173932961715,0.0,0.0,barometer_altitude,0.0,25.25
1.0,0.7434569667309832,55.0,0.2936317175620075,25.3333333333,1.2552888357597203,-0.028881767076708087,0.06804423429849871,-0.17412199551815283,0.1891630080485237,0.0,0.0,doppler_velocity,0.01666666670000083,25.35
1.0,0.7434569667309832,55.0,0.6706646945161119,25.5,0.12902579859998586,0.24090383988260555,,,0.24090383988260555,0.0,0.0,barometer_altitude,0.0,25.5
1.0,0.7434569667309832,55.0,0.2932982831004836,25.6666666667,1.2966575461675314,0.18174251785415763,0.06125378876129406,-0.023717285754388334,0.1932482317568193,0.0,0.0,doppler_velocity,0.03333333329999988,25.7
1.0,0.7434569667309832,55.0,0.6701277882256419,25.75,0.1742895801367241,0.2797649728947391,,,0.2797649728947391,0.0,0.0,barometer_altitude,0.0,25.75
1.0,0.7137186880617438,55.0,0.6707692766675034,26.0,0.6211167305212646,-0.5286397016069202,,,0.5286397016069202,0.0,0.0,barometer_altitude,0.0,26.0
1.0,0.6851699405392739,55.0,0.28738755953042777,26.0,1.0980696144263127,0.06356536364939203,-0.055405305423782636,-0.1513063920716145,0.1732164184097778,0.0,0.0,doppler_velocity,0.0,26.0
1.0,0.657763142917703,55.0,1.518075843745123,26.0,0.014732199994835705,-0.18425839021801949,,,0.18425839021801949,0.0,0.0,gnss_pseudorange,0.05000000000000071,26.05
1.0,0.6314526172009949,55.0,1.5011778947176089,26.0,0.24293720531047994,0.7399104759097099,,,0.7399104759097099,0.0,0.0,gnss_pseudorange,0.05000000000000071,26.05
1.0,0.6061945125129551,55.0,1.4704186540841209,26.0,0.017969327185605614,-0.19710920751094818,,,0.19710920751094818,0.0,0.0,gnss_pseudorange,0.05000000000000071,26.05
1.0,0.5819467320124369,55.0,1.4334478355721842,26.0,0.833123920537696,-1.3083884306252003,,,1.3083884306252003,0.0,0.0,gnss_pseudorange,0.05000000000000071,26.05
1.0,0.5586688627319394,55.0,1.4229911801113362,26.0,0.0019182858147995768,-0.062324509024620056,,,0.062324509024620056,0.0,0.0,gnss_pseudorange,0.05000000000000071,26.05
1.0,0.5363221082226618,55.0,0.5869544515237788,26.25,0.8414947307305527,-0.5384310555721186,,,0.5384310555721186,0.0,0.0,barometer_altitude,0.0,26.25
1.0,0.5148692238937553,55.0,0.25522141877532195,26.3333333333,1.4373759126912196,-0.10369990872696988,0.008200975268417343,-0.1420859745286127,0.17609472230331225,0.0,0.0,doppler_velocity,0.01666666670000083,26.35
1.0,0.5148692238937553,55.0,0.564137200443188,26.5,5.363191840078949,1.3064608648366374,,,1.3064608648366374,0.0,0.0,barometer_altitude,0.0,26.5
1.0,0.5148692238937553,55.0,0.2499167477658694,26.6666666667,4.2162560654289,-0.23808196255876624,-0.01831112247636535,0.1752019862683867,0.29616558560130885,0.0,0.0,doppler_velocity,0.03333333329999988,26.7
1.0,0.5148692238937553,55.0,0.5627545383811279,26.75,3.2963385842495425,1.0217271010473041,,,1.0217271010473041,0.0,0.0,barometer_altitude,0.0,26.75
1.0,0.5148692238937553,55.0,0.5628115622181916,27.0,4.919713364040002,1.2483400700778589,,,1.2483400700778589,0.0,0.0,barometer_altitude,0.0,27.0
1.0,0.5148692238937553,55.0,0.24820737630720413,27.0,1.9515656963679682,-0.02803337194179889,0.0949745277349694,-0.17300081024355696,0.19933717968767117,0.0,0.0,doppler_velocity,0.0,27.0
0.0,0.5560587618052558,55.0,1.3208755087125605,27.0,4211.532023515546,85.71995637565851,,,85.71995637565851,0.0,1.0,gnss_pseudorange,0.05000000000000071,27.05
0.0,0.6005434627496763,55.0,1.383466800063206,27.0,3783.9696684220385,85.1025483161211,,,85.1025483161211,0.0,1.0,gnss_pseudorange,0.05000000000000071,27.05
0.0,0.6485869397696504,55.0,1.434402568323491,27.0,3477.8374404489086,84.59129886701703,,,84.59129886701703,0.0,1.0,gnss_pseudorange,0.05000000000000071,27.05
0.0,0.7004738949512225,55.0,1.4787804465715975,27.0,3453.243585670321,86.89950573816895,,,86.89950573816895,0.0,1.0,gnss_pseudorange,0.05000000000000071,27.05
0.0,0.7565118065473203,55.0,1.5502846256633187,27.0,2953.609170498975,84.2535005658865,,,84.2535005658865,0.0,1.0,gnss_pseudorange,0.05000000000000071,27.05
1.0,0.817032751071106,55.0,0.6718627475072927,27.25,3.5200844126698847,-1.2605413619073573,,,1.2605413619073573,0.0,0.0,barometer_altitude,0.0,27.25
1.0,0.8823953711567945,55.0,0.301345000427018,27.3333333333,8.151190010522361,-0.4732952754835331,-0.15331579670741347,0.010278327145152715,0.497614102818605,0.0,0.0,doppler_velocity,0.01666666670000083,27.35
1.0,0.9529870008493381,55.0,0.722660175690675,27.5,0.6253555023740198,-0.5714754917828486,,,0.5714754917828486,0.0,0.0,barometer_altitude,0.0,27.5
1.0,1.0292259609172851,55.0,0.3234497907306478,27.6666666667,0.12325387281763542,-0.014687086317753284,-0.024500033779419672,0.05885623759278023,0.06542185310181635,0.0,0.0,doppler_velocity,0.03333333329999988,27.7
1.0,1.111564037790668,55.0,0.7779374141932546,27.75,0.7199919196428096,0.660098081019143,,,0.660098081019143,0.0,0.0,barometer_altitude,0.0,27.75
1.0,1.2004891608139214,55.0,0.8080798931169308,28.0,6.959503376596895,-2.131785115674276,,,2.131785115674276,0.0,0.0,barometer_altitude,0.0,28.0
1.0,1.2965282936790352,55.0,0.35919125653804596,28.0,1.7404896843279927,0.019725037494055186,-0.2686153080646305,0.049885836041160356,0.27391943609083996,0.0,0.0,doppler_velocity,0.0,28.0
1.0,1.4002505571733581,55.0,2.0694081839487923,28.0,0.24475585557999638,-1.023794300854206,,,1.023794300854206,0.0,0.0,gnss_pseudorange,0.05000000000000071,28.05
1.0,1.512270601747227,55.0,2.1579829918789204,28.0,0.1809627501920235,-0.9179998524487019,,,0.9179998524487019,0.0,0.0,gnss_pseudorange,0.05000000000000071,28.05
1.0,1.6332522498870052,55.0,2.2397772390418824,28.0,0.1114247279959838,0.7476453185081482,,,0.7476453185081482,0.0,0.0,gnss_pseudorange,0.05000000000000071,28.05
1.0,1.7639124298779658,55.0,2.3198992228844153,28.0,0.02262619668402696,0.34895939752459526,,,0.34895939752459526,0.0,0.0,gnss_pseudorange,0.05000000000000071,28.05
1.0,1.7639124298779658,55.0,2.4196141256452,28.0,0.10337201426858168,-0.7779426835477352,,,0.7779426835477352,0.0,0.0,gnss_pseudorange,0.05000000000000071,28.05
1.0,1.7639124298779658,55.0,1.010311409805986,28.25,0.04721497039957594,-0.2195306273779778,,,0.2195306273779778,0.0,0.0,barometer_altitude,0.0,28.25
1.0,1.7639124298779658,55.0,0.42983683244091686,28.3333333333,1.4220448687605327,-0.046907246862488705,-0.23437217448233605,0.1744802761586936,0.2959289995053054,0.0,0.0,doppler_velocity,0.01666666670000083,28.35
1.0,1.7639124298779658,55.0,1.0112145644251223,28.5,0.04935158892635208,0.22464351503603552,,,0.22464351503603552,0.0,0.0,barometer_altitude,0.0,28.5
1.0,1.7639124298779658,55.0,0.43133202069876103,28.6666666667,0.3771102515130423,0.14096071074136418,-0.03941127339034345,-0.04463568720790154,0.15302128941908888,0.0,0.0,doppler_velocity,0.03333333329999988,28.7
1.0,1.7639124298779658,55.0,1.0121369749212865,28.75,1.080887803108568,-1.0522758387697593,,,1.0522758387697593,0.0,0.0,barometer_altitude,0.0,28.75
1.0,1.6933559326828471,55.0,1.01357648876298,29.0,0.002643967510158477,0.052117621198604525,,,0.052117621198604525,0.0,0.0,barometer_altitude,0.0,29.0
1.0,1.6256216953755331,55.0,0.42417803008325805,29.0,2.4452484490609843,-0.0507144102510253,-0.22378913295364788,-0.306117690270265,0.3825723039265345,0.0,0.0,doppler_velocity,0.0,29.0
1.0,1.5605968275605118,55.0,2.31457121625838,29.0,0.6330694248474102,1.8416038639843464,,,1.8416038639843464,0.0,0.0,gnss_pseudorange,0.05000000000000071,29.05
1.0,1.4981729544580913,55.0,2.277194129801417,29.0,0.6133616900408045,-1.783439490944147,,,1.783439490944147,0.0,0.0,gnss_pseudorange,0.05000000000000071,29.05
1.0,1.4382460362797675,55.0,2.2316116661324705,29.0,1.0176133953640594,2.2511790096759796,,,2.2511790096759796,0.0,0.0,gnss_pseudorange,0.05000000000000071,29.05
1.0,1.3807161948285769,55.0,2.1815173507657253,29.0,0.47401205263589263,1.5019426979124546,,,1.5019426979124546,0.0,0.0,gnss_pseudorange,0.05000000000000071,29.05
1.0,1.3254875470354337,55.0,2.1500783006385915,29.0,0.03671653047795494,-0.4119885005056858,,,0.4119885005056858,0.0,0.0,gnss_pseudorange,0.05000000000000071,29.05
1.0,1.3254875470354337,55.0,0.8844393100296408,29.25,0.7922490452343266,0.7872250394453459,,,0.7872250394453459,0.0,0.0,barometer_altitude,0.0,29.25
1.0,1.3254875470354337,55.0,0.3808454225705062,29.3333333333,1.911768024179691,0.2643495824929616,0.052226377457353035,0.14111971360148667,0.3041760507230749,0.0,0.0,doppler_velocity,0.01666666670000083,29.35
1.0,1.3254875470354337,55.0,0.8850564838951174,29.5,0.03226791153766237,-0.15898509725666088,,,0.15898509725666088,0.0,0.0,barometer_altitude,0.0,29.5
1.0,1.3254875470354337,55.0,0.38145667952458134,29.6666666667,0.3548773664988799,0.10236220899381365,-0.03546689781054846,-0.07400411589134129,0.13119653897590494,0.0,0.0,doppler_velocity,0.03333333329999988,29.7
1.0,1.3254875470354337,55.0,0.8856126942600046,29.75,3.039037681708517,-1.5438740786616876,,,1.5438740786616876,0.0,0.0,barometer_altitude,0.0,29.75
1.0,1.3254875470354337,55.0,0.8871410404756406,30.0,0.3340507405157731,-0.5127419966649569,,,0.5127419966649569,0.0,0.0,barometer_altitude,0.0,30.0
1.0,1.3254875470354337,55.0,0.38135354508503216,30.0,1.9066587556396892,-0.27959740916291764,-0.12042831840462109,0.010151557137451236,0.3045993191008406,0.0,0.0,doppler_velocity,0.0,30.0
1.0,1.3254875470354337,55.0,2.0956056209140224,30.0,0.1660386018400269,0.8539139106869698,,,0.8539139106869698,0.0,0.0,gnss_pseudorange,0.05000000000000071,30.05
1.0,1.3254875470354337,55.0,2.1052351613115676,30.0,0.04508031549188222,-0.4469861723482609,,,0.4469861723482609,0.0,0.0,gnss_pseudorange,0.05000000000000071,30.05
1.0,1.3254875470354337,55.0,2.1042423053615376,30.0,0.32683117797065786,-1.2029774524271488,,,1.2029774524271488,0.0,0.0,gnss_pseudorange,0.05000000000000071,30.05
1.0,1.3254875470354337,55.0,2.097646359204315,30.0,0.09561682368051351,-0.6486335806548595,,,0.6486335806548595,0.0,0.0,gnss_pseudorange,0.05000000000000071,30.05
1.0,1.3254875470354337,55.0,2.109790260229187,30.0,0.1919496515791178,0.9243425540626049,,,0.9243425540626049,0.0,0.0,gnss_pseudorange,0.05000000000000071,30.05
1.0,1.3254875470354337,55.0,0.8872214865792427,30.25,0.41634454968519413,-0.5724775928949413,,,0.5724775928949413,0.0,0.0,barometer_altitude,0.0,30.25
1.0,1.2724680451540162,55.0,0.3816864344687413,30.3333333333,1.6639890905363934,0.2147796617229858,0.1835887736294402,0.035632236262371955,0.2847890397358359,0.0,0.0,doppler_velocity,0.01666666670000083,30.35
1.0,1.2724680451540162,55.0,0.8706652394207803,30.5,0.2976062945487844,0.47497665234364206,,,0.47497665234364206,0.0,0.0,barometer_altitude,0.0,30.5
1.0,1.2724680451540162,55.0,0.37530770674103325,30.6666666667,0.13363925512238578,0.005266006303834558,-0.0758816388926089,-0.022571272234963746,0.07934239896628514,0.0,0.0,doppler_velocity,0.03333333329999988,30.7
1.0,1.2215693233478555,55.0,0.8709255804721762,30.75,0.6203398637119795,0.6859554197289839,,,0.6859554197289839,0.0,0.0,barometer_altitude,0.0,30.75
1.0,1.1727065504139413,55.0,2.015715331312729,31.0,0.016424426757281056,-0.25832968205213547,,,0.25832968205213547,0.0,0.0,gnss_pseudorange,0.0,31.0
1.0,1.1257982883973836,55.0,1.9864483185292425,31.0,0.12502857884286767,-0.7023958191275597,,,0.7023958191275597,0.0,0.0,gnss_pseudorange,0.0,31.0
1.0,1.0807663568614883,55.0,1.9465008540992041,31.0,0.10335962149896519,0.6257920674979687,,,0.6257920674979687,0.0,0.0,gnss_pseudorange,0.0,31.0
1.0,1.0375357025870287,55.0,1.9012807234617377,31.0,2.819084607557158,3.1922750249505043,,,3.1922750249505043,0.0,0.0,gnss_pseudorange,0.0,31.0
1.0,0.9960342744835474,55.0,1.8778451036138617,31.0,0.01523320590687953,0.23176904022693634,,,0.23176904022693634,0.0,0.0,gnss_pseudorange,0.0,31.0
1.0,0.9561929035042055,55.0,0.7775168993605936,31.0,0.3833186744063792,-0.48138197678332517,,,0.48138197678332517,0.0,0.0,barometer_altitude,0.0,31.0
1.0,0.9561929035042055,55.0,0.33107639809546263,31.0,5.372503654521262,-0.2769946893234838,0.0391972068606804,0.34199644243573596,0.441841652153565,0.0,0.0,doppler_velocity,0.0,31.0
1.0,0.9561929035042055,55.0,0.7623219852028338,31.25,0.6050622519782178,0.5929778548236442,,,0.5929778548236442,0.0,0.0,barometer_altitude,0.0,31.25
1.0,0.9561929035042055,55.0,0.33058213116351337,31.3333333333,1.0488401941545153,-0.033640522407587525,0.15863829555786685,0.10926609522667886,0.19554250978098386,0.0,0.0,doppler_velocity,0.01666666670000083,31.35
1.0,0.9561929035042055,55.0,0.7616799586970534,31.5,1.3121953423632922,0.87251273500911,,,0.87251273500911,0.0,0.0,barometer_altitude,0.0,31.5
1.0,0.9561929035042055,55.0,0.3302340280138879,31.6666666667,2.6756342315241266,0.2131608721013869,-0.22677522448165433,-0.03042261962746201,0.3127140796617987,0.0,0.0,doppler_velocity,0.03333333329999988,31.7
1.0,0.9561929035042055,55.0,0.7611180849076211,31.75,0.40960112128914794,-0.48711624108530316,,,0.48711624108530316,0.0,0.0,barometer_altitude,0.0,31.75
1.0,0.9561929035042055,55.0,1.7895402308521215,32.0,1.0360946894999108,-1.821550391614437,,,1.821550391614437,0.0,0.0,gnss_pseudorange,0.0,32.0
1.0,0.9561929035042055,55.0,1.8013311115423518,32.0,2.1518539123766263,2.6424084044992924,,,2.6424084044992924,0.0,0.0,gnss_pseudorange,0.0,32.0
1.0,0.9561929035042055,55.0,1.7995961625476464,32.0,0.08036409914587793,0.5101596415042877,,,0.5101596415042877,0.0,0.0,gnss_pseudorange,0.0,32.0
1.0,0.9561929035042055,55.0,1.7915999534539067,32.0,1.4687931796864058,2.1713076680898666,,,2.1713076680898666,0.0,0.0,gnss_pseudorange,0.0,32.0
1.0,0.9561929035042055,55.0,1.8060667705844966,32.0,0.2672717937540029,-0.9337064661085606,,,0.9337064661085606,0.0,0.0,gnss_pseudorange,0.0,32.0
1.0,0.9561929035042055,55.0,0.7613117179877577,32.0,0.4922895669889885,-0.5341618045594316,,,0.5341618045594316,0.0,0.0,barometer_altitude,0.0,32.0
1.0,0.9561929035042055,55.0,0.32901112577605307,32.0,1.9811381251441746,0.15121760596857925,0.19317161111125164,-0.1073132075117568,0.2677651213295834,0.0,0.0,doppler_velocity,0.0,32.0
1.0,0.9561929035042055,55.0,0.760827656910807,32.25,0.016200437366076098,0.09683885838958872,,,0.09683885838958872,0.0,0.0,barometer_altitude,0.0,32.25
1.0,0.9561929035042055,55.0,0.329057227035543,32.3333333333,2.7090975322609996,0.2032199163883952,-0.23096631829435324,0.06015570508932577,0.3134684728296432,0.0,0.0,doppler_velocity,0.016666666700004384,32.35
1.0,0.9561929035042055,55.0,0.7603872283378669,32.5,0.887120201491843,-0.7161863646320796,,,0.7161863646320796,0.0,0.0,barometer_altitude,0.0,32.5
1.0,0.9561929035042055,55.0,0.32910768855817557,32.6666666667,3.612011355026046,-0.13465412048993386,-0.17105419509642636,-0.2870903776911071,0.3602945389370015,0.0,0.0,doppler_velocity,0.03333333329999988,32.7
1.0,0.9561929035042055,55.0,0.7599863532602542,32.75,1.108154957491394,0.800029572669601,,,0.800029572669601,0.0,0.0,barometer_altitude,0.0,32.75
1.0,0.9561929035042055,55.0,0.7607752829884377,33.0,0.05544273837332399,0.17913429153327343,,,0.17913429153327343,0.0,0.0,barometer_altitude,0.0,33.0
1.0,0.9561929035042055,55.0,0.3284854306252304,33.0,1.9625226994449192,0.07726568924372046,0.035125842980222186,0.2503606079294912,0.2643562853086774,0.0,0.0,doppler_velocity,0.0,33.0
1.0,0.9561929035042055,55.0,1.7882046261411486,33.0,0.9887231799019679,-1.778093408793211,,,1.778093408793211,0.0,0.0,gnss_pseudorange,0.04999999999999716,33.05
1.0,0.9561929035042055,55.0,1.8001594252954984,33.0,1.33338708524723,-2.0786869563162327,,,2.0786869563162327,0.0,0.0,gnss_pseudorange,0.04999999999999716,33.05
1.0,0.9561929035042055,55.0,1.7984817238756308,33.0,0.49629373446971736,1.2669965289533138,,,1.2669965289533138,0.0,0.0,gnss_pseudorange,0.04999999999999716,33.05
1.0,0.9561929035042055,55.0,1.7903816734923557,33.0,4.713247944317005,-3.886921476572752,,,3.886921476572752,0.0,0.0,gnss_pseudorange,0.04999999999999716,33.05
1.0,0.9561929035042055,55.0,1.8050775570544428,33.0,0.7984500307937121,-1.6129456646740437,,,1.6129456646740437,0.0,0.0,gnss_pseudorange,0.04999999999999716,33.05
1.0,0.9561929035042055,55.0,0.759829273786908,33.25,0.03583950109231168,0.14384573816158763,,,0.14384573816158763,0.0,0.0,barometer_altitude,0.0,33.25
1.0,0.9561929035042055,55.0,0.3284742276209821,33.3333333333,9.347587600163353,0.40369362014333987,-0.3474737374546212,-0.2309719020552811,0.5805639988012972,0.0,0.0,doppler_velocity,0.016666666700004384,33.35
1.0,0.9561929035042055,55.0,0.7595068764995416,33.5,0.10307521122936229,0.24384217699430621,,,0.24384217699430621,0.0,0.0,barometer_altitude,0.0,33.5
1.0,0.9561929035042055,55.0,0.328677300713393,33.6666666667,1.156996542697989,-0.14285897485814658,-0.13382048015972378,0.05912269699235201,0.20448007459737746,0.0,0.0,doppler_velocity,0.03333333329999988,33.7
1.0,0.9561929035042055,55.0,0.7592062755405553,33.75,5.871517986590501,1.8396490778388852,,,1.8396490778388852,0.0,0.0,barometer_altitude,0.0,33.75
1.0,0.9561929035042055,55.0,0.7600031607464041,34.0,0.12211219331034599,-0.2655797234826167,,,0.2655797234826167,0.0,0.0,barometer_altitude,0.0,34.0
1.0,0.9561929035042055,55.0,0.3281816955734935,34.0,6.057530934161433,0.10448122316044106,0.28409820081389925,-0.3534902168051681,0.4653852673600243,0.0,0.0,doppler_velocity,0.0,34.0
1.0,0.9561929035042055,55.0,1.78797941812459,34.0,0.22363594784746993,0.8455383740365505,,,0.8455383740365505,0.0,0.0,gnss_pseudorange,0.04999999999999716,34.05
1.0,0.9561929035042055,55.0,1.7999124527334203,34.0,3.829131978328449,-3.522098921239376,,,3.522098921239376,0.0,0.0,gnss_pseudorange,0.04999999999999716,34.05
1.0,0.9561929035042055,55.0,1.7982448998762826,34.0,0.12373863083196031,-0.6325596570968628,,,0.6325596570968628,0.0,0.0,gnss_pseudorange,0.04999999999999716,34.05
1.0,0.9561929035042055,55.0,1.7901329370340504,34.0,0.19299334869355603,0.7864234484732151,,,0.7864234484732151,0.0,0.0,gnss_pseudorange,0.04999999999999716,34.05
1.0,0.9561929035042055,55.0,1.8049027197510727,34.0,0.37904137823472533,-1.1112124808132648,,,1.1112124808132648,0.0,0.0,gnss_pseudorange,0.04999999999999716,34.05
1.0,0.9561929035042055,55.0,0.7591769782031498,34.25,0.3651380872650673,-0.4587452684190936,,,0.4587452684190936,0.0,0.0,barometer_altitude,0.0,34.25
1.0,0.9561929035042055,55.0,0.3282643907251727,34.3333333333,8.118690627081918,-0.37635908951974884,-0.3815194724522477,0.07585559984184437,0.5412553409914231,0.0,0.0,doppler_velocity,0.016666666700004384,34.35
1.0,0.9561929035042055,55.0,0.758929155794308,34.5,0.018517089543782134,-0.10327319206233199,,,0.10327319206233199,0.0,0.0,barometer_altitude,0.0,34.5
1.0,0.9561929035042055,55.0,0.32852549335988696,34.6666666667,1.1480169076135176,-0.05924287644727144,0.18908884274279308,-0.04690485681734313,0.20362802963396484,0.0,0.0,doppler_velocity,0.03333333329999988,34.7
1.0,0.9561929035042055,55.0,0.7586935233174026,34.75,0.023493800131602353,-0.1162901716484015,,,0.1162901716484015,0.0,0.0,barometer_altitude,0.0,34.75
1.0,0.9561929035042055,55.0,0.7595162098787761,35.0,3.7097057821474615,1.4628735267070851,,,1.4628735267070851,0.0,0.0,barometer_altitude,0.0,35.0
1.0,0.9561929035042055,55.0,0.32807771059147656,35.0,1.9276012367235518,0.14121802178482312,0.1810623124462657,-0.12857171085121255,0.26316682066023395,0.0,0.0,doppler_velocity,0.0,35.0
1.0,0.9561929035042055,55.0,1.7878106970750482,35.0,0.006215378040849517,-0.14094682782888412,,,0.14094682782888412,0.0,0.0,gnss_pseudorange,0.04999999999999716,35.05
1.0,0.9561929035042055,55.0,1.799708067216884,35.0,1.6585817312582665,2.317770879715681,,,2.317770879715681,0.0,0.0,gnss_pseudorange,0.04999999999999716,35.05
1.0,0.9561929035042055,55.0,1.7980518083902852,35.0,0.08861381296372989,0.5352453626692295,,,0.5352453626692295,0.0,0.0,gnss_pseudorange,0.04999999999999716,35.05
1.0,0.9561929035042055,55.0,1.7899444284515955,35.0,0.2523878001698641,-0.899236086755991,,,0.899236086755991,0.0,0.0,gnss_pseudorange,0.04999999999999716,35.05
1.0,0.9561929035042055,55.0,1.8047618041410416,35.0,0.24013486660239125,0.884397491812706,,,0.884397491812706,0.0,0.0,gnss_pseudorange,0.04999999999999716,35.05
1.0,0.9561929035042055,55.0,0.7587648231111407,35.25,1.9598649110392223,1.062234144313578,,,1.062234144313578,0.0,0.0,barometer_altitude,0.0,35.25
1.0,0.9561929035042055,55.0,0.3281983582800243,35.3333333333,2.446267211190821,-0.15526138545508772,-0.1622836175285688,0.1930239378918147,0.2961423828681995,0.0,0.0,doppler_velocity,0.016666666700004384,35.35
1.0,0.9561929035042055,55.0,0.7585643958975308,35.5,1.4659008219011638,-0.9184272246490366,,,0.9184272246490366,0.0,0.0,barometer_altitude,0.0,35.5
1.0,0.9561929035042055,55.0,0.32848066733002934,35.6666666667,1.9258579384822356,-0.20364739961902245,0.08428494773507966,0.14388775924100028,0.2632107578456682,0.0,0.0,doppler_velocity,0.03333333329999988,35.7
1.0,0.9561929035042055,55.0,0.7583704114970274,35.75,0.05413832140749303,0.17645492050246503,,,0.17645492050246503,0.0,0.0,barometer_altitude,0.0,35.75
1.0,0.9561929035042055,55.0,1.7884995257854883,36.0,0.0011169445381670083,0.05977294221520424,,,0.05977294221520424,0.0,0.0,gnss_pseudorange,0.0,36.0
1.0,0.9561929035042055,55.0,1.8002062926293787,36.0,0.012491468022811128,0.2012004815042019,,,0.2012004815042019,0.0,0.0,gnss_pseudorange,0.0,36.0
1.0,0.9561929035042055,55.0,1.7985235620462074,36.0,0.7097459853678906,1.515191774815321,,,1.515191774815321,0.0,0.0,gnss_pseudorange,0.0,36.0
1.0,0.9561929035042055,55.0,1.7904906147406938,36.0,0.019174429886285708,0.24793239682912827,,,0.24793239682912827,0.0,0.0,gnss_pseudorange,0.0,36.0
1.0,0.9561929035042055,55.0,1.8052349939870755,36.0,0.003604753703108405,0.1083855889737606,,,0.1083855889737606,0.0,0.0,gnss_pseudorange,0.0,36.0
1.0,0.9179451873640372,55.0,0.7586955265366079,36.0,5.0431328818063895e-05,0.0053878777009117584,,,0.0053878777009117584,0.0,0.0,barometer_altitude,0.0,36.0
1.0,0.9179451873640372,55.0,0.3221138550500542,36.0,3.541034856324513,-0.05520278721034444,0.31604223324728453,-0.14092842504122216,0.3504152706380259,0.0,0.0,doppler_velocity,0.0,36.0
