accepted,gate,innovation_std,measurement_time_s,nis,residual_0,residual_1,residual_2,residual_3,residual_4,residual_5,residual_norm,sensor_is_dropout,sensor_is_outlier,source,sqrt_condition,stale_s,time_s
1.0,55.0,12.59028196665984,0.0,1.5156637357440417,-6.638323469811198,3.616909544129509,-1.5915802632300142,-0.6949875335283338,-0.28834245245908274,0.2344016932830671,7.765538878276802,0.0,0.0,gps_position_velocity,7.968640344245157,0.0,0.0
1.0,55.0,2.3470248220270253,0.0,0.0029651708684407837,-0.1278034404300854,,,,,,0.1278034404300854,0.0,0.0,barometer_altitude,7.968640344245157,0.0,0.0
0.0,0.0,0.0,0.0,0.0,,,,,,,0.0,0.0,0.0,range_beacon_unsupported,,0.0,0.0
0.0,0.0,0.0,0.0,0.0,,,,,,,0.0,0.0,0.0,range_beacon_unsupported,,0.0,0.0
0.0,0.0,0.0,0.0,0.0,,,,,,,0.0,0.0,0.0,range_beacon_unsupported,,0.0,0.0
1.0,55.0,1.0376406692466191,0.3333333333,5.265109113415021,-2.3809521806583263,,,,,,2.3809521806583263,0.0,0.0,barometer_altitude,8.753241464571408,0.0,0.3333333333
1.0,55.0,0.924384787358968,0.6666666667,0.0458943442439916,-0.19803063227644202,,,,,,0.19803063227644202,0.0,0.0,barometer_altitude,10.4643397482533,0.0,0.6666666667
1.0,55.0,5.344429072296101,1.0,5.3195900452870815,0.641383267020025,1.122234851220238,4.176421249845504,0.14997150599974418,0.555159616856493,0.6882570494355056,4.462921625075374,0.0,0.0,gps_position_velocity,10.17288158174849,0.0,1.0
1.0,55.0,0.868760323321411,1.0,0.004120809316081431,0.05576879202830298,,,,,,0.05576879202830298,0.0,0.0,barometer_altitude,10.176169413742683,0.0,1.0
0.0,0.0,0.0,1.0,0.0,,,,,,,0.0,0.0,0.0,range_beacon_unsupported,,0.0,1.0
0.0,0.0,0.0,1.0,0.0,,,,,,,0.0,0.0,0.0,range_beacon_unsupported,,0.0,1.0
0.0,0.0,0.0,1.0,0.0,,,,,,,0.0,0.0,0.0,range_beacon_unsupported,,0.0,1.0
1.0,55.0,0.853304215417372,1.3333333333,0.27073035234610054,-0.4439891583672875,,,,,,0.4439891583672875,0.0,0.0,barometer_altitude,12.290694778240246,0.0,1.3333333333
1.0,55.0,0.8543290159596065,1.6666666667,0.007694333998773974,0.07493947978072413,,,,,,0.07493947978072413,0.0,0.0,barometer_altitude,14.878092530513353,0.0,1.6666666667
1.0,55.0,4.898089853992767,2.0,9.854610963261164,-3.1868485675845903,-0.44426408409787754,-4.49072138542148,-0.8526857826292993,-0.28395627350997965,-0.9766209798690069,5.681676308810738,0.0,0.0,gps_position_velocity,14.789618644883348,0.0,2.0
1.0,55.0,0.828977139092562,2.0,0.015369697620037717,0.10277209643948026,,,,,,0.10277209643948026,0.0,0.0,barometer_altitude,14.791612809342828,0.0,2.0
0.0,0.0,0.0,2.0,0.0,,,,,,,0.0,0.0,0.0,range_beacon_unsupported,,0.0,2.0
0.0,0.0,0.0,2.0,0.0,,,,,,,0.0,0.0,0.0,range_beacon_unsupported,,0.0,2.0
0.0,0.0,0.0,2.0,0.0,,,,,,,0.0,0.0,0.0,range_beacon_unsupported,,0.0,2.0
1.0,55.0,0.832671263122721,2.3333333333,0.10357466180592771,-0.2679787386715873,,,,,,0.2679787386715873,0.0,0.0,barometer_altitude,17.585902404396425,0.0,2.3333333333
1.0,55.0,0.8433121623017024,2.6666666667,0.009679076945682433,0.08296699011260955,,,,,,0.08296699011260955,0.0,0.0,barometer_altitude,20.77820293282014,0.0,2.6666666667
1.0,55.0,4.70698545380427,3.0,4.279865043881441,4.70789253805944,-0.5003056114900026,-2.007077573178151,-0.05662608591098639,-0.013638893604679625,0.316582918031109,5.152333016854819,0.0,0.0,gps_position_velocity,20.673106754380694,0.0,3.0
1.0,55.0,0.8210934639660354,3.0,0.3349713324972777,0.47522186626690655,,,,,,0.47522186626690655,0.0,0.0,barometer_altitude,20.67389961891335,0.0,3.0
0.0,0.0,0.0,3.0,0.0,,,,,,,0.0,0.0,0.0,range_beacon_unsupported,,0.0,3.0
0.0,0.0,0.0,3.0,0.0,,,,,,,0.0,0.0,0.0,range_beacon_unsupported,,0.0,3.0
0.0,0.0,0.0,3.0,0.0,,,,,,,0.0,0.0,0.0,range_beacon_unsupported,,0.0,3.0
1.0,55.0,0.8283350785999434,3.3333333333,0.04770661479273198,0.1809236554009317,,,,,,0.1809236554009317,0.0,0.0,barometer_altitude,23.816506930283996,0.0,3.3333333333
1.0,55.0,0.8389953014543949,3.6666666667,5.513511049499863,-1.9700336906246179,,,,,,1.9700336906246179,0.0,0.0,barometer_altitude,27.280504223853526,0.0,3.6666666667
1.0,55.0,4.6022214409024365,4.0,5.985266837735007,3.324823434083129,2.3853547803086754,-0.1659056938831327,0.5940043931546413,-0.4252387261291526,-0.4073210280765636,4.179889066498408,0.0,0.0,gps_position_velocity,26.8110211905661,0.0,4.0
1.0,55.0,0.8195221615824809,4.0,0.06102199095804643,-0.20244352413624256,,,,,,0.20244352413624256,0.0,0.0,barometer_altitude,26.81133891399112,0.0,4.0
0.0,0.0,0.0,4.0,0.0,,,,,,,0.0,0.0,0.0,range_beacon_unsupported,,0.0,4.0
0.0,0.0,0.0,4.0,0.0,,,,,,,0.0,0.0,0.0,range_beacon_unsupported,,0.0,4.0
0.0,0.0,0.0,4.0,0.0,,,,,,,0.0,0.0,0.0,range_beacon_unsupported,,0.0,4.0
1.0,55.0,0.8268653087108826,4.3333333333,0.43358566685176925,-0.5444678369370735,,,,,,0.5444678369370735,0.0,0.0,barometer_altitude,29.968241494254787,0.0,4.3333333333
1.0,55.0,0.8358490197767884,4.6666666667,0.6044904292104631,0.649864108774878,,,,,,0.649864108774878,0.0,0.0,barometer_altitude,33.36756248001703,0.0,4.6666666667
1.0,55.0,4.538413999119303,5.0,3.598983555776295,3.764056297014079,2.0501066695178993,1.0366920367956567,0.12263921140632839,0.3970297244004408,-0.015324701157035936,4.429299647500274,0.0,0.0,gps_position_velocity,32.300825609466756,0.0,5.0
1.0,55.0,0.8191015079248138,5.0,0.7504306047457493,-0.7095663215545613,,,,,,0.7095663215545613,0.0,0.0,barometer_altitude,32.300961675195296,0.0,5.0
0.0,0.0,0.0,5.0,0.0,,,,,,,0.0,0.0,0.0,range_beacon_unsupported,,0.0,5.0
0.0,0.0,0.0,5.0,0.0,,,,,,,0.0,0.0,0.0,range_beacon_unsupported,,0.0,5.0
0.0,0.0,0.0,5.0,0.0,,,,,,,0.0,0.0,0.0,range_beacon_unsupported,,0.0,5.0
1.0,55.0,0.825616482592555,5.3333333333,0.10666938730550392,0.269648652839777,,,,,,0.269648652839777,0.0,0.0,barometer_altitude,35.25014171164443,0.0,5.3333333333
1.0,55.0,0.8328737384550491,5.6666666667,0.6504415286851042,-0.6717122976124159,,,,,,0.6717122976124159,0.0,0.0,barometer_altitude,38.41177686474078,0.0,5.6666666667
1.0,55.0,4.496476017148939,6.0,18.302729522054193,-2.7998235220865837,-0.5487147899552297,-1.3420296589262222,1.2413268339870243,-0.38926112129545976,0.725928602875415,3.4871954557758396,0.0,0.0,gps_position_velocity,36.74146291916426,0.0,6.0
1.0,55.0,0.8185819612915001,6.0,0.008842595214824892,-0.07697541562127697,,,,,,0.07697541562127697,0.0,0.0,barometer_altitude,36.74152482750261,0.0,6.0
0.0,0.0,0.0,6.0,0.0,,,,,,,0.0,0.0,0.0,range_beacon_unsupported,,0.0,6.0
0.0,0.0,0.0,6.0,0.0,,,,,,,0.0,0.0,0.0,range_beacon_unsupported,,0.0,6.0
0.0,0.0,0.0,6.0,0.0,,,,,,,0.0,0.0,0.0,range_beacon_unsupported,,0.0,6.0
1.0,55.0,0.8241112656712475,6.3333333333,1.1689050322912107,-0.8909954067856205,,,,,,0.8909954067856205,0.0,0.0,barometer_altitude,39.44969747365824,0.0,6.3333333333
1.0,55.0,0.8299348298800869,6.6666666667,3.166185022783467,-1.4767675342284434,,,,,,1.4767675342284434,0.0,0.0,barometer_altitude,42.3815111084415,0.0,6.6666666667
1.0,55.0,4.467378247572771,7.0,8.10986533997319,-2.5039461334144306,-2.7254391969503544,-0.6335560734679291,0.3976694455262475,-0.8075858457540224,-0.18243395593074324,3.865588750499269,0.0,0.0,gps_position_velocity,40.23863210478948,0.0,7.0
1.0,55.0,0.8177436321823907,7.0,4.082234579078857,1.6522134357139464,,,,,,1.6522134357139464,0.0,0.0,barometer_altitude,40.23866134977725,0.0,7.0
0.0,0.0,0.0,7.0,0.0,,,,,,,0.0,0.0,0.0,range_beacon_unsupported,,0.0,7.0
0.0,0.0,0.0,7.0,0.0,,,,,,,0.0,0.0,0.0,range_beacon_unsupported,,0.0,7.0
0.0,0.0,0.0,7.0,0.0,,,,,,,0.0,0.0,0.0,range_beacon_unsupported,,0.0,7.0
1.0,55.0,0.8223701298399875,7.3333333333,1.7551362846509344,-1.08948874925359,,,,,,1.08948874925359,0.0,0.0,barometer_altitude,42.77897645636891,0.0,7.3333333333
1.0,55.0,0.8270732424425609,7.6666666667,0.3418998908622426,0.4836079725047,,,,,,0.4836079725047,0.0,0.0,barometer_altitude,45.56388102823299,0.0,7.6666666667
1.0,55.0,4.446387638918162,8.0,5.175779709000373,0.700979379605144,3.112128400565207,1.962102000599728,-0.20178564322641002,-0.2059810878435222,0.49842493724632947,3.789212662997965,0.0,0.0,gps_position_velocity,43.091171036252284,0.0,8.0
1.0,55.0,0.816632242083829,8.0,1.654583496765573,-1.0504390705946918,,,,,,1.0504390705946918,0.0,0.0,barometer_altitude,43.091185045469295,0.0,8.0
0.0,0.0,0.0,8.0,0.0,,,,,,,0.0,0.0,0.0,range_beacon_unsupported,,0.0,8.0
0.0,0.0,0.0,8.0,0.0,,,,,,,0.0,0.0,0.0,range_beacon_unsupported,,0.0,8.0
0.0,0.0,0.0,8.0,0.0,,,,,,,0.0,0.0,0.0,range_beacon_unsupported,,0.0,8.0
1.0,55.0,0.8204996317710934,8.3333333333,1.3988193850637318,0.9704188223967805,,,,,,0.9704188223967805,0.0,0.0,barometer_altitude,45.549192232264495,0.0,8.3333333333
1.0,55.0,0.8243448915027507,8.6666666667,0.6660634750974758,0.6727702217333018,,,,,,0.6727702217333018,0.0,0.0,barometer_altitude,48.26624913445403,0.0,8.6666666667
1.0,55.0,4.430801859759057,9.0,1.5919616369728176,1.6753101571655264,1.6690841933627691,1.1385497805367066,0.23458673028729926,0.05537460587512122,0.13960849050004284,2.6393918961795007,0.0,0.0,gps_position_velocity,45.565220036426595,0.0,9.0
1.0,55.0,0.8153431924351433,9.0,11.180899177182942,2.7263324648486957,,,,,,2.7263324648486957,0.0,0.0,barometer_altitude,45.56522671694635,0.0,9.0
0.0,0.0,0.0,9.0,0.0,,,,,,,0.0,0.0,0.0,range_beacon_unsupported,,0.0,9.0
0.0,0.0,0.0,9.0,0.0,,,,,,,0.0,0.0,0.0,range_beacon_unsupported,,0.0,9.0
0.0,0.0,0.0,9.0,0.0,,,,,,,0.0,0.0,0.0,range_beacon_unsupported,,0.0,9.0
1.0,55.0,0.8185966575946682,9.3333333333,0.5152975747819775,-0.5876233115155713,,,,,,0.5876233115155713,0.0,0.0,barometer_altitude,48.001704386491355,0.0,9.3333333333
1.0,55.0,0.8217907301998837,9.6666666667,0.0006252814557058232,0.020549393688114037,,,,,,0.020549393688114037,0.0,0.0,barometer_altitude,50.70281924603012,0.0,9.6666666667
1.0,55.0,4.418969934128841,10.0,1.5679026583617155,-1.6500138810700946,-2.112673044076896,1.6181180762670522,-0.07863293818329709,-0.04272573693016657,0.05114775057190871,3.132868338693385,0.0,0.0,gps_position_velocity,47.83279728351304,0.0,10.0
1.0,55.0,0.8139654841297815,10.0,0.004770105988833718,0.056217302607322495,,,,,,0.056217302607322495,0.0,0.0,barometer_altitude,47.83280041517852,0.0,10.0
0.0,0.0,0.0,10.0,0.0,,,,,,,0.0,0.0,0.0,range_beacon_unsupported,,0.0,10.0
0.0,0.0,0.0,10.0,0.0,,,,,,,0.0,0.0,0.0,range_beacon_unsupported,,0.0,10.0
0.0,0.0,0.0,10.0,0.0,,,,,,,0.0,0.0,0.0,range_beacon_unsupported,,0.0,10.0
1.0,55.0,0.8167336821010838,10.3333333333,2.5990533264972773,-1.3167037165530928,,,,,,1.3167037165530928,0.0,0.0,barometer_altitude,50.281678640322575,0.0,10.3333333333
1.0,55.0,0.8194363505237265,10.6666666667,1.3450120484449655,-0.9503384762985974,,,,,,0.9503384762985974,0.0,0.0,barometer_altitude,52.99422181140974,0.0,10.6666666667
1.0,55.0,4.409827912550837,11.0,4.922665266066418,0.9461314155967671,0.836183079911887,1.0238564303797517,-0.14575883172136805,0.5342908413786773,0.4319075696039053,1.7708487449884318,0.0,0.0,gps_position_velocity,49.9860765507591,0.0,11.0
1.0,55.0,0.8125705194133347,11.0,7.64394514707333,-2.2465694184951843,,,,,,2.2465694184951843,0.0,0.0,barometer_altitude,49.98607798345294,0.0,11.0
0.0,0.0,0.0,11.0,0.0,,,,,,,0.0,0.0,0.0,range_beacon_unsupported,,0.0,11.0
0.0,0.0,0.0,11.0,0.0,,,,,,,0.0,0.0,0.0,range_beacon_unsupported,,0.0,11.0
0.0,0.0,0.0,11.0,0.0,,,,,,,0.0,0.0,0.0,range_beacon_unsupported,,0.0,11.0
1.0,55.0,0.8149615354628176,11.3333333333,0.17815468942835525,0.3439820184976554,,,,,,0.3439820184976554,0.0,0.0,barometer_altitude,52.46225003788521,0.0,11.3333333333
1.0,55.0,0.8172956590411893,11.6666666667,0.18214825397784623,0.34881222583967997,,,,,,0.34881222583967997,0.0,0.0,barometer_altitude,55.197254673027395,0.0,11.6666666667
1.0,55.0,0.8195918877886161,12.0,1.7925351371151237,1.0973154395012017,,,,,,1.0973154395012017,0.0,0.0,barometer_altitude,58.212526198949085,0.0,12.0
0.0,0.0,0.0,12.0,0.0,,,,,,,0.0,0.0,0.0,range_beacon_unsupported,,0.0,12.0
0.0,0.0,0.0,12.0,0.0,,,,,,,0.0,0.0,0.0,range_beacon_unsupported,,0.0,12.0
0.0,0.0,0.0,12.0,0.0,,,,,,,0.0,0.0,0.0,range_beacon_unsupported,,0.0,12.0
1.0,55.0,0.822085527131929,12.3333333333,4.957491169766188,1.830408303034588,,,,,,1.830408303034588,0.0,0.0,barometer_altitude,61.5347160424997,0.0,12.3333333333
1.0,55.0,0.8242686384582381,12.6666666667,0.03166972621580612,0.1466867649543957,,,,,,0.1466867649543957,0.0,0.0,barometer_altitude,65.1855990474758,0.0,12.6666666667
1.0,55.0,0.8261139906417078,13.0,1.9158761689743469,-1.1434671562688976,,,,,,1.1434671562688976,0.0,0.0,barometer_altitude,69.17992419591437,0.0,13.0
0.0,0.0,0.0,13.0,0.0,,,,,,,0.0,0.0,0.0,range_beacon_unsupported,,0.0,13.0
0.0,0.0,0.0,13.0,0.0,,,,,,,0.0,0.0,0.0,range_beacon_unsupported,,0.0,13.0
0.0,0.0,0.0,13.0,0.0,,,,,,,0.0,0.0,0.0,range_beacon_unsupported,,0.0,13.0
1.0,55.0,0.8276158408300778,13.3333333333,7.10828883229731,2.2065375765864417,,,,,,2.2065375765864417,0.0,0.0,barometer_altitude,73.53054222388158,0.0,13.3333333333
1.0,55.0,0.8287862234451985,13.6666666667,0.6720372994905899,0.6794213850949831,,,,,,0.6794213850949831,0.0,0.0,barometer_altitude,78.24859328002762,0.0,13.6666666667
1.0,55.0,0.8296502121635566,14.0,7.845406184568857,2.323821392133894,,,,,,2.323821392133894,0.0,0.0,barometer_altitude,83.34374396220217,0.0,14.0
0.0,0.0,0.0,14.0,0.0,,,,,,,0.0,0.0,0.0,range_beacon_unsupported,,0.0,14.0
0.0,0.0,0.0,14.0,0.0,,,,,,,0.0,0.0,0.0,range_beacon_unsupported,,0.0,14.0
0.0,0.0,0.0,14.0,0.0,,,,,,,0.0,0.0,0.0,range_beacon_unsupported,,0.0,14.0
1.0,55.0,0.830241126052962,14.3333333333,2.974106298004632,-1.4318004207662227,,,,,,1.4318004207662227,0.0,0.0,barometer_altitude,88.82443639737437,0.0,14.3333333333
1.0,55.0,0.8305963261566986,14.6666666667,0.11069609791932336,0.27634789567721896,,,,,,0.27634789567721896,0.0,0.0,barometer_altitude,94.69812515126571,0.0,14.6666666667
1.0,55.0,0.8307539173212,15.0,0.7255012147046325,-0.7076059397335968,,,,,,0.7076059397335968,0.0,0.0,barometer_altitude,100.97148859486336,0.0,15.0
0.0,0.0,0.0,15.0,0.0,,,,,,,0.0,0.0,0.0,range_beacon_unsupported,,0.0,15.0
0.0,0.0,0.0,15.0,0.0,,,,,,,0.0,0.0,0.0,range_beacon_unsupported,,0.0,15.0
0.0,0.0,0.0,15.0,0.0,,,,,,,0.0,0.0,0.0,range_beacon_unsupported,,0.0,15.0
1.0,55.0,0.8301766178643301,15.3333333333,0.3425653389614372,0.48589474985811876,,,,,,0.48589474985811876,0.0,0.0,barometer_altitude,107.64457684384885,0.0,15.3333333333
1.0,55.0,0.8295816441798934,15.6666666667,5.7244581079157255,1.984843753104684,,,,,,1.984843753104684,0.0,0.0,barometer_altitude,114.71313302289717,0.0,15.6666666667
1.0,55.0,4.829990078225729,16.0,9.038375393500639,-1.6489455614175483,-2.054750125238492,0.7344025676229506,-0.5405873900196454,-0.11714730499384451,0.8004226763909059,2.9029297875101574,0.0,0.0,gps_position_velocity,84.40372883152678,0.0,16.0
1.0,55.0,0.8193902444552429,16.0,0.3957538973931939,0.5154699935113598,,,,,,0.5154699935113598,0.0,0.0,barometer_altitude,84.40372890616541,0.0,16.0
0.0,0.0,0.0,16.0,0.0,,,,,,,0.0,0.0,0.0,range_beacon_unsupported,,0.0,16.0
0.0,0.0,0.0,16.0,0.0,,,,,,,0.0,0.0,0.0,range_beacon_unsupported,,0.0,16.0
0.0,0.0,0.0,16.0,0.0,,,,,,,0.0,0.0,0.0,range_beacon_unsupported,,0.0,16.0
1.0,55.0,0.8195770302417512,16.3333333333,0.33855219592245334,0.4768728483233673,,,,,,0.4768728483233673,0.0,0.0,barometer_altitude,88.7927570739607,0.0,16.3333333333
1.0,55.0,0.819800559029559,16.6666666667,0.3151713921978529,-0.4602370795421393,,,,,,0.4602370795421393,0.0,0.0,barometer_altitude,93.46170299105853,0.0,16.6666666667
1.0,55.0,4.590988898703393,17.0,7.536850016896471,-1.699546430406059,-2.036684080285056,2.6757076265064796,-0.8364317962524908,-0.04193012745789915,-0.08207075994757917,3.8605781056140644,0.0,0.0,gps_position_velocity,79.18698373853697,0.0,17.0
1.0,55.0,0.8130281535608788,17.0,0.7579847115582105,-0.7078411518157566,,,,,,0.7078411518157566,0.0,0.0,barometer_altitude,79.18698378038452,0.0,17.0
0.0,0.0,0.0,17.0,0.0,,,,,,,0.0,0.0,0.0,range_beacon_unsupported,,0.0,17.0
0.0,0.0,0.0,17.0,0.0,,,,,,,0.0,0.0,0.0,range_beacon_unsupported,,0.0,17.0
0.0,0.0,0.0,17.0,0.0,,,,,,,0.0,0.0,0.0,range_beacon_unsupported,,0.0,17.0
1.0,55.0,0.8136114906350199,17.3333333333,9.0505087399066,-2.4476739712335274,,,,,,2.4476739712335274,0.0,0.0,barometer_altitude,82.73951512381835,0.0,17.3333333333
1.0,55.0,0.8142633067191759,17.6666666667,0.024230608682388546,0.12674972522279404,,,,,,0.12674972522279404,0.0,0.0,barometer_altitude,86.5278781018084,0.0,17.6666666667
1.0,55.0,4.512332726201348,18.0,4.2217008748914555,5.108050237368957,-0.532552679585379,-0.767606271527697,0.22376279484470452,0.14693343258771385,0.05461220845612802,5.199966412140414,0.0,0.0,gps_position_velocity,76.78991035878855,0.0,18.0
1.0,55.0,0.8091438193805431,18.0,3.1367727169905244,-1.4330694804233985,,,,,,1.4330694804233985,0.0,0.0,barometer_altitude,76.78991038409987,0.0,18.0
0.0,0.0,0.0,18.0,0.0,,,,,,,0.0,0.0,0.0,range_beacon_unsupported,,0.0,18.0
0.0,0.0,0.0,18.0,0.0,,,,,,,0.0,0.0,0.0,range_beacon_unsupported,,0.0,18.0
0.0,0.0,0.0,18.0,0.0,,,,,,,0.0,0.0,0.0,range_beacon_unsupported,,0.0,18.0
1.0,55.0,0.8099922770950775,18.3333333333,1.4979609655116,0.9913593941720222,,,,,,0.9913593941720222,0.0,0.0,barometer_altitude,79.90943659375422,0.0,18.3333333333
1.0,55.0,0.8109192711818134,18.6666666667,4.261703430290663,1.674053115366391,,,,,,1.674053115366391,0.0,0.0,barometer_altitude,83.24359100865465,0.0,18.6666666667
1.0,55.0,4.471086024353856,19.0,4.446287491926842,-2.411148723522956,1.8627525791373785,1.1156906354559197,-0.3634893742242653,0.021841624504922663,-0.4074851724121703,3.2904249998357518,0.0,0.0,gps_position_velocity,75.54813105312707,0.0,19.0
1.0,55.0,0.8067083736795732,19.0,0.393739689229201,-0.5061988591827742,,,,,,0.5061988591827742,0.0,0.0,barometer_altitude,75.54813106964654,0.0,19.0
0.0,0.0,0.0,19.0,0.0,,,,,,,0.0,0.0,0.0,range_beacon_unsupported,,0.0,19.0
0.0,0.0,0.0,19.0,0.0,,,,,,,0.0,0.0,0.0,range_beacon_unsupported,,0.0,19.0
0.0,0.0,0.0,19.0,0.0,,,,,,,0.0,0.0,0.0,range_beacon_unsupported,,0.0,19.0
1.0,55.0,0.8077413931574811,19.3333333333,2.884648265865023,-1.3718883623967315,,,,,,1.3718883623967315,0.0,0.0,barometer_altitude,78.4125013269852,0.0,19.3333333333
1.0,55.0,0.8088507710723621,19.6666666667,8.065965127547694,2.2971881846265205,,,,,,2.2971881846265205,0.0,0.0,barometer_altitude,81.48070084734299,0.0,19.6666666667
1.0,55.0,4.445078624074087,20.0,7.665725238984463,-1.370319728694767,1.319278610495175,3.634117795593511,-0.07811787197582909,-0.478958820975647,-0.4503143131893059,4.154921334752944,0.0,0.0,gps_position_velocity,74.91068854490547,0.0,20.0
1.0,55.0,0.8051717102452585,20.0,0.08661208133437195,-0.23696147529291522,,,,,,0.23696147529291522,0.0,0.0,barometer_altitude,74.91068855657764,0.0,20.0
0.0,0.0,0.0,20.0,0.0,,,,,,,0.0,0.0,0.0,range_beacon_unsupported,,0.0,20.0
0.0,0.0,0.0,20.0,0.0,,,,,,,0.0,0.0,0.0,range_beacon_unsupported,,0.0,20.0
0.0,0.0,0.0,20.0,0.0,,,,,,,0.0,0.0,0.0,range_beacon_unsupported,,0.0,20.0
1.0,55.0,0.8063266465051582,20.3333333333,0.0044732404323891365,-0.05392897089883775,,,,,,0.05392897089883775,0.0,0.0,barometer_altitude,77.61673167292915,0.0,20.3333333333
1.0,55.0,0.8075505379646081,20.6666666667,3.086995171204244,-1.418853924781942,,,,,,1.418853924781942,0.0,0.0,barometer_altitude,80.52112074678377,0.0,20.6666666667
0.0,55.0,4.4270631369249065,21.0,291.7504273229295,34.77957022943042,-23.269554494762403,11.047553163942567,-0.32888161503683655,0.36988530875936476,0.010802048997863578,43.28260848864524,0.0,1.0,gps_position_velocity,83.6328833352999,0.0,21.0
1.0,55.0,0.8088036108420128,21.0,0.4416490930556628,0.5375040648448106,,,,,,0.5375040648448106,0.0,0.0,barometer_altitude,83.63288334527887,0.0,21.0
0.0,0.0,0.0,21.0,0.0,,,,,,,0.0,0.0,0.0,range_beacon_unsupported,,0.0,21.0
0.0,0.0,0.0,21.0,0.0,,,,,,,0.0,0.0,0.0,range_beacon_unsupported,,0.0,21.0
0.0,0.0,0.0,21.0,0.0,,,,,,,0.0,0.0,0.0,range_beacon_unsupported,,0.0,21.0
1.0,55.0,0.8100481300570255,21.3333333333,1.0406713260967364,-0.8263568244569797,,,,,,0.8263568244569797,0.0,0.0,barometer_altitude,86.96002461077191,0.0,21.3333333333
1.0,55.0,0.8112504882187599,21.6666666667,0.26270193456416874,0.4158020313229116,,,,,,0.4158020313229116,0.0,0.0,barometer_altitude,90.50954395202518,0.0,21.6666666667
1.0,55.0,4.474888216741877,22.0,3.9543052615436842,1.8208801703339645,1.4846259351279087,-0.8143730685425794,0.5621763031552014,-0.15320308059701482,0.05896103071233355,2.554586471351801,0.0,0.0,gps_position_velocity,81.66091414560324,0.0,22.0
1.0,55.0,0.8069912342215178,22.0,1.876980124247703,1.1056015890132187,,,,,,1.1056015890132187,0.0,0.0,barometer_altitude,81.66091415373414,0.0,22.0
0.0,0.0,0.0,22.0,0.0,,,,,,,0.0,0.0,0.0,range_beacon_unsupported,,0.0,22.0
0.0,0.0,0.0,22.0,0.0,,,,,,,0.0,0.0,0.0,range_beacon_unsupported,,0.0,22.0
0.0,0.0,0.0,22.0,0.0,,,,,,,0.0,0.0,0.0,range_beacon_unsupported,,0.0,22.0
1.0,55.0,0.8081118764097639,22.3333333333,2.3039016503207765,-1.226601403675815,,,,,,1.226601403675815,0.0,0.0,barometer_altitude,84.66526287822163,0.0,22.3333333333
1.0,55.0,0.8092360551363702,22.6666666667,0.001479280507755116,0.03112436442235378,,,,,,0.03112436442235378,0.0,0.0,barometer_altitude,87.87637127955604,0.0,22.6666666667
1.0,55.0,4.44717085581112,23.0,4.724891467705788,1.7769256808758769,3.2191703471321347,1.7023327220140914,0.34375570768636265,-0.2908128897111677,0.11262010078487977,4.078465729430718,0.0,0.0,gps_position_velocity,80.47494225842236,0.0,23.0
1.0,55.0,0.8054704501672066,23.0,0.0016492697866236426,-0.03271112373927565,,,,,,0.03271112373927565,0.0,0.0,barometer_altitude,80.47494226542983,0.0,23.0
0.0,0.0,0.0,23.0,0.0,,,,,,,0.0,0.0,0.0,range_beacon_unsupported,,0.0,23.0
0.0,0.0,0.0,23.0,0.0,,,,,,,0.0,0.0,0.0,range_beacon_unsupported,,0.0,23.0
0.0,0.0,0.0,23.0,0.0,,,,,,,0.0,0.0,0.0,range_beacon_unsupported,,0.0,23.0
1.0,55.0,0.8065604112251069,23.3333333333,3.307248184157735,-1.4667979518253276,,,,,,1.4667979518253276,0.0,0.0,barometer_altitude,83.27945826270748,0.0,23.3333333333
1.0,55.0,0.8076830366313623,23.6666666667,0.04307443798451785,-0.16762962425890748,,,,,,0.16762962425890748,0.0,0.0,barometer_altitude,86.28225138134846,0.0,23.6666666667
1.0,55.0,4.428285715168351,24.0,8.461920574311945,-1.5827750960539788,2.1890780114941037,-0.5169954298387012,-0.08644994941253614,0.864560297676837,0.1532468460153577,2.888415918363543,0.0,0.0,gps_position_velocity,79.75608406129251,0.0,24.0
1.0,55.0,0.8042829322915207,24.0,1.554919459444456,-1.0029119404739788,,,,,,1.0029119404739788,0.0,0.0,barometer_altitude,79.7560840676146,0.0,24.0
0.0,0.0,0.0,24.0,0.0,,,,,,,0.0,0.0,0.0,range_beacon_unsupported,,0.0,24.0
0.0,0.0,0.0,24.0,0.0,,,,,,,0.0,0.0,0.0,range_beacon_unsupported,,0.0,24.0
0.0,0.0,0.0,24.0,0.0,,,,,,,0.0,0.0,0.0,range_beacon_unsupported,,0.0,24.0
1.0,55.0,0.8053890178892191,24.3333333333,0.3282567518835559,0.46143712972789785,,,,,,0.46143712972789785,0.0,0.0,barometer_altitude,82.43276150533333,0.0,24.3333333333
1.0,55.0,0.8065432731978109,24.6666666667,0.0010310906413842085,0.025898588541679146,,,,,,0.025898588541679146,0.0,0.0,barometer_altitude,85.30313135487691,0.0,24.6666666667
1.0,55.0,4.414585224576726,25.0,16.311861378658218,1.2524013148674271,2.0669726068670684,6.239423898298597,-0.8729759432539854,0.2639057310413655,-0.10081343209212831,6.7537539172039,0.0,0.0,gps_position_velocity,79.34873417149097,0.0,25.0
1.0,55.0,0.8034057160313098,25.0,0.15244015776749392,-0.31367839857439606,,,,,,0.31367839857439606,0.0,0.0,barometer_altitude,79.34873417739028,0.0,25.0
0.0,0.0,0.0,25.0,0.0,,,,,,,0.0,0.0,0.0,range_beacon_unsupported,,0.0,25.0
0.0,0.0,0.0,25.0,0.0,,,,,,,0.0,0.0,0.0,range_beacon_unsupported,,0.0,25.0
0.0,0.0,0.0,25.0,0.0,,,,,,,0.0,0.0,0.0,range_beacon_unsupported,,0.0,25.0
1.0,55.0,0.80454413221694,25.3333333333,1.1435672463334692,0.8603610198962599,,,,,,0.8603610198962599,0.0,0.0,barometer_altitude,81.94340936542143,0.0,25.3333333333
1.0,55.0,0.80573712761921,25.6666666667,0.11199551612834979,-0.26964582089026123,,,,,,0.26964582089026123,0.0,0.0,barometer_altitude,84.72934907583357,0.0,25.6666666667
1.0,55.0,4.404268792382495,26.0,7.626112689554469,4.417950867973786,3.441649493358483,1.1768378125201053,0.5553684550249045,0.10259414075075668,0.03508370654261758,5.750511185013036,0.0,0.0,gps_position_velocity,79.16548521244324,0.0,26.0
1.0,55.0,0.8027831611964941,26.0,0.12784721984743513,-0.2870409763071109,,,,,,0.2870409763071109,0.0,0.0,barometer_altitude,79.16548521807722,0.0,26.0
0.0,0.0,0.0,26.0,0.0,,,,,,,0.0,0.0,0.0,range_beacon_unsupported,,0.0,26.0
0.0,0.0,0.0,26.0,0.0,,,,,,,0.0,0.0,0.0,range_beacon_unsupported,,0.0,26.0
0.0,0.0,0.0,26.0,0.0,,,,,,,0.0,0.0,0.0,range_beacon_unsupported,,0.0,26.0
1.0,55.0,0.8039531064223565,26.3333333333,0.7696394111777652,0.705300784592211,,,,,,0.705300784592211,0.0,0.0,barometer_altitude,81.70868227199165,0.0,26.3333333333
1.0,55.0,0.8051788716139143,26.6666666667,1.7478187114424697,1.0644874912377276,,,,,,1.0644874912377276,0.0,0.0,barometer_altitude,84.4418755125043,0.0,26.6666666667
1.0,55.0,4.396315823168756,27.0,5.385435811412617,1.1834216134584494,1.332110059347059,-1.4042677941632462,-0.35766483586034425,-0.21478690146538604,0.47567177514210457,2.355269230609801,0.0,0.0,gps_position_velocity,79.15121771626913,0.0,27.0
1.0,55.0,0.8023508832133494,27.0,1.576959568482115,1.0075685761174782,,,,,,1.0075685761174782,0.0,0.0,barometer_altitude,79.1512177217313,0.0,27.0
0.0,0.0,0.0,27.0,0.0,,,,,,,0.0,0.0,0.0,range_beacon_unsupported,,0.0,27.0
0.0,0.0,0.0,27.0,0.0,,,,,,,0.0,0.0,0.0,range_beacon_unsupported,,0.0,27.0
0.0,0.0,0.0,27.0,0.0,,,,,,,0.0,0.0,0.0,range_beacon_unsupported,,0.0,27.0
1.0,55.0,0.8035441972102535,27.3333333333,0.4281479853536758,0.5257832197479928,,,,,,0.5257832197479928,0.0,0.0,barometer_altitude,81.66364627879783,0.0,27.3333333333
1.0,55.0,0.8047922067914327,27.6666666667,2.097846685231776,-1.1656566219625546,,,,,,1.1656566219625546,0.0,0.0,barometer_altitude,84.36537939734103,0.0,27.6666666667
1.0,55.0,4.390088565351147,28.0,3.703835869332561,1.7308754680180982,-1.7682675776524377,1.5787771081534459,0.3428355870901889,0.0679024652052842,0.32922962988613835,2.9741849981035884,0.0,0.0,gps_position_velocity,79.26762789056279,0.0,28.0
1.0,55.0,0.8020503165747921,28.0,1.341421866214081,-0.9289328159890715,,,,,,0.9289328159890715,0.0,0.0,barometer_altitude,79.26762789590803,0.0,28.0
0.0,0.0,0.0,28.0,0.0,,,,,,,0.0,0.0,0.0,range_beacon_unsupported,,0.0,28.0
0.0,0.0,0.0,28.0,0.0,,,,,,,0.0,0.0,0.0,range_beacon_unsupported,,0.0,28.0
0.0,0.0,0.0,28.0,0.0,,,,,,,0.0,0.0,0.0,range_beacon_unsupported,,0.0,28.0
