bax,bax_error,bay,bay_error,baz,baz_error,covariance_trace,filter,nees_position,pos_error_m,profile,px,py,pz,sigma_pos_m,sigma_velocity_mps,time_s,velocity_error_mps,vx,vy,vz,yaw_error_rad,yaw_est_rad
0.0,-0.035,0.0,0.025,0.0,-0.02,11.080784991955802,linear,2.0544490334768177,2.8591735148022277,nominal,1.731744223676707,2.224863344063056,59.52469143521977,3.2244552497653536,0.4833976977773607,0.0,0.36450380324473136,7.889394353703644,0.5783256829988679,-0.34664050191772705,-0.0016865335691869099,0.07317331414157985
0.0,-0.03497615465360861,0.0,0.025293979224586465,0.0,-0.02008696681418724,11.088608080297966,linear,2.110414955684261,2.8566434032267596,nominal,2.520652403738589,2.2826409766604487,59.49045713862574,3.224819695902627,0.4890248809789249,0.1,0.3566028658832453,7.888769247533994,0.577226968948995,-0.3380454299628083,-0.0018192886065144798,0.07304055910425218
0.0,-0.03515997616465618,0.0,0.025358868149074062,0.0,-0.020277081822413705,11.11027186209133,linear,2.1666968903053583,2.85412528211362,nominal,3.309647548546324,2.3399479743118867,59.45689100808563,3.2259344647907646,0.5036043496301937,0.2,0.35198290340560007,7.891133648620705,0.5689129840797618,-0.3332771808395688,-0.0028891539560329527,0.07197069375473389
0.0,-0.03523854242271552,0.0,0.025429503857936887,0.0,-0.02072732570101502,11.146200791072156,linear,2.222005848657796,2.8516387463361683,nominal,4.098857226566482,2.3967692392925826,59.42409913780691,3.227864525983968,0.526392788672538,0.3,0.3413747657498918,7.893059911782444,0.5675123155341499,-0.32256022473464124,-0.003083198292810785,0.07177664941795595
0.0,-0.034765514280496804,0.0,0.025329817218668737,0.0,-0.020796587210811537,11.19708932158418,linear,2.2756339845430786,2.8493645094920503,nominal,4.888434884602585,2.4532034027437652,59.391891089940835,3.2307158947929375,0.5563824482462131,0.4,0.3394677400936003,7.898493248939604,0.5611709534895021,-0.3216007325870148,-0.0039311832594512985,0.07092866445131554
-0.08235099717979157,-0.11720195478614162,-0.05952217076694147,-0.034283066103265834,-0.2592195732251195,-0.27976062454136263,6.088613695456771,linear,2.6989554757804135,2.6203103544821666,nominal,6.411272881133934,1.3085915184197854,59.81417052040598,2.3631700218641494,0.3746927586931122,0.5,0.11602844969629718,8.036842818898753,0.650400352725228,0.09780088077155763,0.0058915177044776,0.08075136541524428
-0.08235099717979157,-0.11714851096275464,-0.05952217076694147,-0.0343065856088469,-0.2592195732251195,-0.28023641525398896,6.118927034268388,linear,2.6912861338199034,2.62553015057845,nominal,7.215523667253728,1.3739971815663692,59.82546146468743,2.3647881132377893,0.40380324287372293,0.6,0.1484588097874398,8.048172903497122,0.6577129102064443,0.12801800485737597,0.006680966761886342,0.08154081447265304
-0.08235099717979157,-0.11709614609881146,-0.05952217076694147,-0.034270480373537186,-0.2592195732251195,-0.2801272597090154,6.160002331845709,linear,2.6826633738380563,2.6320972798036903,nominal,8.021289938040864,1.4395996873686994,59.83966409070422,2.3671421822957184,0.43930899244115373,0.7,0.1783501103447238,8.067152512245611,0.6543372058401575,0.15603451547834704,0.0060742702487681655,0.08093411795953503
-0.08235099717979157,-0.11715388217470189,-0.05952217076694147,-0.03400685747750322,-0.2592195732251195,-0.28021153009548144,6.212727941679021,linear,2.673810790180209,2.6397580617233163,nominal,8.82833603087728,1.5051223895726475,59.856365630946904,2.370417424064098,0.4797923223333558,0.8,0.20068307041384612,8.07376934448269,0.6561168382388037,0.1779962893753768,0.006227209144183732,0.08108705685495045
-0.08235099717979157,-0.11701292092876507,-0.05952217076694147,-0.033884525530095744,-0.2592195732251195,-0.2801019493308611,6.278210405753982,linear,2.6651562963802813,2.648275243926313,nominal,9.636263025218577,1.5707577949607345,59.875410242501715,2.374843007085987,0.5241010567118272,0.9,0.22705809785635592,8.084770542343257,0.6565912695229389,0.20289594172077127,0.0061756513760165,0.08103549908678316
-0.038085412177024165,-0.07270001851590124,0.01032834176004546,0.036273207403242136,-0.0907607826269901,-0.11182426385823081,4.199341376026414,linear,1.714251970142831,1.7545965236983476,nominal,9.741083419773423,0.8035724001300766,59.92387008295232,1.9574407106456115,0.3687453293631018,1.0,0.06966905743930422,8.046558570406695,0.5714835326262978,0.04327687806081265,-0.0039567971204292895,0.07090305059033765
-0.038085412177024165,-0.07267207688632396,0.01032834176004546,0.03600744989013416,-0.0907607826269901,-0.11168730236137275,4.235909844847517,linear,1.7152095564945518,1.7590218383840093,nominal,10.546085912950916,0.8606813219496611,59.928804357389254,1.9601262508938997,0.4025172393794165,1.1,0.08240279876736595,8.053491293143162,0.5706949037653924,0.055408610677833016,-0.004115062716848694,0.07074478499391809
-0.038085412177024165,-0.07282245211695743,0.01032834176004546,0.03613094304714122,-0.0907607826269901,-0.11205577173172429,4.2807945617072205,linear,1.7157804423321545,1.7641601772038196,nominal,11.351902713759696,0.9171980175829224,59.93510813444976,1.9637454168079997,0.43897952943876634,1.2,0.10282161196199845,8.06284472303244,0.5596390088998346,0.07066693053226622,-0.005561368877317285,0.06929847883344951
-0.038085412177024165,-0.07298973222587013,0.01032834176004546,0.03596914362460053,-0.0907607826269901,-0.11181672933136001,4.334906307117342,linear,1.7164337856135692,1.7701021364321365,nominal,12.158606759376063,0.972991428372865,59.942396633318545,1.9685244043388852,0.47751631305439707,1.3,0.11238747545480365,8.0712361892949,0.5562292068990176,0.07510304684336173,-0.006053641017050193,0.06880620669371677
-0.038085412177024165,-0.07294580850061921,0.01032834176004546,0.03592360673280017,-0.0907607826269901,-0.11185239541923331,4.399294938670635,linear,1.71719158202119,1.7768216224695415,nominal,12.966107160703777,1.0284314737316118,59.95046057435259,1.974720630587056,0.5176645123996619,1.4,0.1260186889172822,8.07877183725936,0.5525717002759223,0.08617577383753897,-0.006568227859309772,0.06829161985145712
0.09184461878390689,0.05693697754007039,0.0538612307157508,0.07943240614158273,-0.21175485648818618,-0.23277421520838393,3.1987958952338023,linear,1.0417800038589855,1.2051217492281052,nominal,13.192610752078766,1.0726789244335144,59.98658308734403,1.7117938730312459,0.36491395331774146,1.5,0.29311073673210564,7.906766222806084,0.492370780371555,0.25619781002179726,-0.012668073882168507,0.06219177382859818
0.09184461878390689,0.057085430421227504,0.0538612307157508,0.07927741746355942,-0.21175485648818618,-0.23298561153363678,3.2336589367621524,linear,1.0197875870589808,1.1942599657905937,nominal,13.983255089555064,1.121244830472745,60.01282043595243,1.715550387031716,0.3938904583218228,1.6,0.3091694590121649,7.906120526719854,0.47894734041305476,0.2685491621462339,-0.014354478899472056,0.06050536881129485
0.09184461878390689,0.05693641562374766,0.0538612307157508,0.07905386719908428,-0.21175485648818618,-0.23314081879193477,3.274863595918611,linear,1.0065725482451888,1.183489217658948,nominal,14.773413101561891,1.1685773134173807,60.04090480822071,1.7203551084752609,0.4240814880434872,1.7,0.33768854028202944,7.897039713416742,0.4677023184796606,0.29313828321944585,-0.015703930375603914,0.05915591733516298
0.09184461878390689,0.057349489886494825,0.0538612307157508,0.07920428618054061,-0.21175485648818618,-0.23301569734651906,3.3231410286972554,linear,1.0029341763469326,1.1728617932514986,nominal,15.562912073353102,1.214752575599294,60.071288421837465,1.7264110497439935,0.4552454863681697,1.8,0.3621965346879554,7.892939722407478,0.4558029251586051,0.31453398911558117,-0.017175730758490992,0.0576841169522759
0.09184461878390689,0.05739095497579285,0.0538612307157508,0.07937403500648733,-0.21175485648818618,-0.23349352342726074,3.3793036289625578,linear,1.0092164477077705,1.1627532163941956,nominal,16.35188725321348,1.260034529123472,60.10364608018381,1.7339393735286237,0.48719579198635843,1.9,0.38216809809173946,7.88656387480008,0.44983614532495747,0.3326191778112294,-0.01788328920524318,0.056976558505523585
-0.07701659053755551,-0.11103444594016873,0.0161882717286861,0.04179302378231345,-0.058365904016438146,-0.0798270651107226,2.5905743311816947,linear,1.3703398866006662,1.2462359793848639,nominal,17.241267957999987,1.0888955354912597,60.00371089236257,1.5444772437831835,0.35272685067825565,2.0,0.21307193232222946,8.156055215451751,0.5030868206150976,0.1079548689747065,-0.013255282647988142,0.06160456506277852
-0.07701659053755551,-0.11089401899786734,0.0161882717286861,0.04164479852314802,-0.058365904016438146,-0.07969034248934123,2.6223133665770333,linear,1.4037242236230223,1.2633825532796465,nominal,18.057475133787975,1.1389073565819463,60.015110775835566,1.5491924308439151,0.37625438251900756,2.1,0.230742616745098,8.168088300307996,0.4971496011986341,0.12004280048526043,-0.01406997354636319,0.060789874164403464
-0.07701659053755551,-0.11068441342650148,0.0161882717286861,0.04138807095530543,-0.058365904016438146,-0.08004828734672927,2.659034580335935,linear,1.4413580816615539,1.2819714092101853,nominal,18.874873225913063,1.188227362530484,60.028016493297834,1.5549764074573793,0.4004166069966165,2.2,0.2523562790422824,8.179873542193773,0.48925051777211837,0.13807154876000827,-0.015119517149152717,0.059740330561614215
-0.07701659053755551,-0.11089765133788479,0.0161882717286861,0.0413649320238019,-0.058365904016438146,-0.07989978341380104,2.701291248955968,linear,1.483166730513836,1.3019891812433178,nominal,19.693446570213915,1.2371955796076395,60.04217458467989,1.5619944108275814,0.42510532938457746,2.3,0.2642615563214436,8.191593343823271,0.49011382377099155,0.14509027888117296,-0.015099771511377647,0.05976007619938899
-0.07701659053755551,-0.11100126527593351,0.0161882717286861,0.04131424272197558,-0.058365904016438146,-0.07941426539947187,2.7496850984282575,linear,1.5291062070827643,1.323659925527078,nominal,20.513364635657616,1.2854512589879519,60.05712809205543,1.5704214833597514,0.4502339609605449,2.4,0.28650977357792046,8.20676796505077,0.4749997638352556,0.1539798686296142,-0.017045320008989506,0.05781452770177736
-0.06129829932843776,-0.09503020085398492,0.003989508377001503,0.028948599849996922,-0.022344632299623524,-0.04318215714743699,2.187911154925925,linear,1.8060383597159546,1.2876163593017602,nominal,21.235115369749078,1.1488155078553453,60.09547441871117,1.4224105864343386,0.33735659134166507,2.5,0.2478906131682021,8.198384487669381,0.4948521228568216,0.10505843650724779,-0.014573279078507806,0.060286568632258904
-0.06129829932843776,-0.09509077318601353,0.003989508377001503,0.028652239846620773,-0.022344632299623524,-0.043252990856498585,2.2170184725414703,linear,1.8725242135256357,1.3109886531771193,nominal,22.055588663788576,1.1981421821282663,60.1060531742566,1.4279410867771722,0.3565841295281097,2.6,0.26006553723076914,8.211081393120637,0.4916813626015984,0.1065166744013981,-0.015051043498046202,0.05980880421272071
-0.06129829932843776,-0.09508070160430324,0.003989508377001503,0.028594320403326677,-0.022344632299623524,-0.04337696040001864,2.2501930936088934,linear,1.9407100727519324,1.3356799750488466,nominal,22.877277339271668,1.2471819048289767,60.11666302860224,1.4345138266109767,0.37618082894672844,2.7,0.2702887989803248,8.222692116541207,0.48911309141260895,0.10568041251128514,-0.015446527196490312,0.05941332051427643
-0.06129829932843776,-0.09516747432608552,0.003989508377001503,0.02872729920896738,-0.022344632299623524,-0.04347237046047203,2.287856104901017,linear,2.0082206766638424,1.3613391885761874,nominal,23.699906909811006,1.296103661818405,60.126925228814684,1.4422605395587815,0.3960919175252771,2.8,0.27389086014328273,8.229899294245605,0.4893220483759569,0.09956359173767208,-0.015473134509357944,0.05938671320140885
-0.06129829932843776,-0.09498824272624962,0.003989508377001503,0.028699212030334303,-0.022344632299623524,-0.04350670324450878,2.3304591036834417,linear,2.0750850415855484,1.3879464915827187,nominal,24.52334712983358,1.3446594350833718,60.137308685775615,1.4513180102110401,0.4162723004437483,2.9,0.28763736796534156,8.238905106205868,0.4817934169233795,0.10810554748088673,-0.01644852421952736,0.05841132349123938
-0.060072801678309834,-0.09396490731526536,-0.08562531489449668,-0.06054520138004296,-0.00319278257467952,-0.024363811179509032,1.9044917719293917,linear,3.4053932193672547,1.5741269242863012,nominal,25.489421935933443,1.3409788677628427,60.22090149542969,1.3292738731314855,0.3219356127428142,3.0,0.2764593478551085,8.251518605264929,0.6802737183409573,0.08200178269875294,0.007396376230627055,0.0822562239413937
-0.060072801678309834,-0.09427492215548033,-0.08562531489449668,-0.060043284008975614,-0.00319278257467952,-0.024265668449073484,1.9316396554147477,linear,3.4800069320341,1.5972465650020835,nominal,26.315048911422526,1.4091457449170135,60.22924621279745,1.335489841057611,0.3379728708925394,3.1,0.28677213795889983,8.261020904516737,0.6830638247424592,0.08489256465637372,0.007637645299145124,0.08249749300991191
-0.060072801678309834,-0.09445994659796075,-0.08562531489449668,-0.06018861245421121,-0.00319278257467952,-0.02376012086736107,1.9622190607304681,linear,3.550891386068974,1.6211142395402451,nominal,27.14140863716389,1.4777785651311712,60.23772041027075,1.3427029129181196,0.35424058912601364,3.2,0.293310285395073,8.26617361031061,0.6895925795406948,0.0845913848095615,0.008370861703136612,0.08323070941390326
-0.060072801678309834,-0.09435294652131512,-0.08562531489449668,-0.06000317154928961,-0.00319278257467952,-0.02418811775414439,1.9965581034160544,linear,3.6175517685446943,1.6455114076130406,nominal,27.968240937886858,1.5469521037330562,60.24657184117253,1.3510185499102678,0.37070844720223417,3.3,0.30085391557866425,8.270472404148752,0.6938781924970119,0.09243723322613248,0.008842382316979425,0.08370223002774642
-0.060072801678309834,-0.09417336064669676,-0.08562531489449668,-0.06004302124804403,-0.00319278257467952,-0.02411662741428739,2.0350052277405384,linear,3.6803031685457963,1.6707701526899466,nominal,28.79586642929774,1.6165517047901603,60.25568493159354,1.3605445879741074,0.3873509371197966,3.4,0.3118331064136824,8.282037424068887,0.6981138286450669,0.08982457519409705,0.009233882675554472,0.08409373038632123
-0.015393194245972047,-0.04923790864428433,-0.13597146901205182,-0.11019022602507293,0.030472793654349115,0.009480326359798188,1.695766664013567,linear,2.7485993094373975,1.4207430338924079,nominal,29.397527046018986,1.849868172571708,60.053506942602546,1.2559463007917817,0.30763228633387396,3.5,0.2896288291462155,8.172695492102356,0.8323898105723201,-0.007490101621065885,0.026640244274727998,0.10150009198549488
-0.015393194245972047,-0.04946627353265714,-0.13597146901205182,-0.11020359094195029,0.030472793654349115,0.009618868711845526,1.7214715224980501,linear,2.774896117585188,1.4338904497321558,nominal,30.214854887088958,1.9331556251077766,60.05262223763177,1.2627384156804946,0.32130143341847267,3.6,0.29118450913272886,8.173861329297052,0.8333592401490482,-0.010203997794444437,0.02674324897557856,0.10160309668634536
-0.015393194245972047,-0.049524199835188035,-0.13597146901205182,-0.11029654488588314,0.030472793654349115,0.009886780329114327,1.7501470931260434,linear,2.7990420410005834,1.4472982251512791,nominal,31.032092775997693,2.017220107765395,60.05160182910159,1.2704769376862375,0.3351211183847475,3.7,0.30129588625419496,8.170896448877626,0.8479304130033186,-0.010204172809282862,0.02854448605667237,0.10340433376743913
-0.015393194245972047,-0.049183872189442646,-0.13597146901205182,-0.11059912794000301,0.030472793654349115,0.010023906742572058,1.7820558160174162,linear,2.8217482903838182,1.4612144590459604,nominal,31.84950843117235,2.102451739278553,60.05049374614829,1.2792472651385167,0.3490734818158526,3.8,0.3122750056579818,8.177416654615595,0.8567022172598479,-0.011957486256784933,0.029523781600819365,0.10438362931158617
-0.015393194245972047,-0.04899909115596402,-0.13597146901205182,-0.110654402228866,0.030472793654349115,0.009768177319838683,1.8174743686575063,linear,2.845559607542204,1.4764055728305208,nominal,32.667805777011345,2.188662648621569,60.04915915514886,1.2891356479967289,0.3631432496626652,3.9,0.32760579105624055,8.188530262164416,0.867515969600465,-0.01473433373195467,0.030689254932375398,0.10554910264314213
0.0526271349263146,0.01909679615742474,-0.04405387529449501,-0.018529730032130712,0.03671079936886224,0.016209564285,1.5367078850256577,linear,1.666198781852197,1.0316957088783707,nominal,32.97815436807446,2.0849354541650698,59.90865231315054,1.1968676082758674,0.29475552516992004,4.0,0.059772176447539224,7.988430617475706,0.6134357816726895,-0.057081890614503555,0.0017802700966758067,0.07664011780744251
0.0526271349263146,0.019095469083675105,-0.04405387529449501,-0.018620790326947002,0.03671079936886224,0.016214107834377604,1.5613266445283214,linear,1.6521342047521599,1.0302312854547222,nominal,33.77660756866629,2.1466458466352667,59.902926147070936,1.2041446086278975,0.3066377950827684,4.1,0.0640785627535735,7.980633394360929,0.6207720677312575,-0.05744143097758279,0.002768652887180867,0.07762850059794764
0.0526271349263146,0.01892763192016158,-0.04405387529449501,-0.018219409415937162,0.03671079936886224,0.01598781279722974,1.5885690767753509,linear,1.6346463797880328,1.0284127339710318,nominal,34.574813213084546,2.2088360486777425,59.897291936114584,1.2123173558752203,0.3186210315588064,4.2,0.06208997138519146,7.983479494003989,0.6230319731182519,-0.0552427881494931,0.0030224547744857055,0.07788230248525235
0.0526271349263146,0.018812941455166952,-0.04405387529449501,-0.017993486428874966,0.03671079936886224,0.0161483303216619,1.6186502540318444,linear,1.615354781386615,1.026829197939652,nominal,35.37330910759891,2.2712275737563874,59.891800316090794,1.2214559055123742,0.33069427913606714,4.3,0.061472838577807706,7.986438396283263,0.6247985284546476,-0.054589612326223905,0.0032135691901666874,0.0780734169009334
0.0526271349263146,0.018618371796635648,-0.04405387529449501,-0.017766533807607163,0.03671079936886224,0.01632932030037338,1.6517956501666047,linear,1.5935759789940305,1.025272330335548,nominal,36.17187797409121,2.333820856350976,59.88646195869927,1.231630290355324,0.34284804852645384,4.4,0.06067915708620905,7.984938933562648,0.6270671234371217,-0.05217753550429653,0.0035105448864953814,0.07837039259726222
0.06397792298242778,0.03055182973690162,-0.02718434577676352,-0.0008452922711304246,0.04423798901306845,0.024048458254380373,1.4122531603829367,linear,1.0110649927288575,0.7279638120996345,nominal,36.67873047312253,2.4683338058650572,59.87515196807105,1.1484235578121278,0.28329162288846205,4.5,0.1062701769274038,7.939434275481346,0.5721529533525664,-0.08276282686525295,-0.002919511611562342,0.0719403360992045
0.06397792298242778,0.030550180089347373,-0.02718434577676352,-0.0007308370607576192,0.04423798901306845,0.02416154761417465,1.4360283867317463,linear,1.004092446226474,0.7243227529231205,nominal,37.47234200193307,2.5258742500300984,59.86664027579594,1.1561087937014287,0.2937989452188022,4.6,0.11235250608419273,7.9327963007296365,0.5786559299482633,-0.08747101863705295,-0.002044053447425309,0.07281579426334162
0.06397792298242778,0.03035599243972671,-0.02718434577676352,-0.0012872753133453228,0.04423798901306845,0.024439156624387528,1.4621574653124414,linear,0.9957312148051407,0.7205877672766954,nominal,38.26562419741953,2.583428826822655,59.85778453607322,1.164641496821507,0.3043746877575541,4.7,0.11534836792008218,7.932847608999378,0.5724356059028615,-0.08964377581730834,-0.0028245393018901943,0.07203530840887665
0.06397792298242778,0.03023583127995512,-0.02718434577676352,-0.0009597620222599156,0.04423798901306845,0.02447995762052226,1.4908204735688473,linear,0.9850935024401546,0.71685031546353,nominal,39.05855951997635,2.6404749296767402,59.84899843008992,1.174079874546997,0.3150119808932075,4.8,0.11789612516222642,7.925858842137138,0.5684864511788541,-0.08607834384860537,-0.0032569348607558446,0.07160291285001104
0.06397792298242778,0.03029492546580024,-0.02718434577676352,-0.0013460341151089773,0.04423798901306845,0.024368781191365586,1.5222053629614787,linear,0.9713742785340949,0.7127675440988203,nominal,39.850715337654805,2.696900820610785,59.840281778617054,1.1844816114770393,0.32570481480620156,4.9,0.12740761566752898,7.917257511431942,0.5600313675020306,-0.08825468560870801,-0.004241945095498245,0.07061790261526864
0.03232165645702338,-0.0014086810588620075,-0.041934739991361304,-0.015715871638313145,0.04839597391494909,0.02798963204376286,1.3128186819996752,linear,1.0184352149550453,0.7422840415350216,nominal,40.73641440315938,3.0573719276459155,59.92659777213768,1.1081465841812481,0.2731195298208916,5.0,0.09729012907484365,8.022227360821356,0.6191591229177653,-0.09275905160866485,0.002167898280751146,0.07702774599151806
0.03232165645702338,-0.0013234689505378025,-0.041934739991361304,-0.015694146269052713,0.04839597391494909,0.027906349110319237,1.3359170776551215,linear,1.0256358385591726,0.7456119213446148,nominal,41.53867850964883,3.1192364733306603,59.917645662764436,1.1161752028502865,0.282548698103038,5.1,0.09113212244930793,8.023054768967624,0.6181317907771356,-0.08628313585619914,0.002032695210024471,0.0768925429207915
0.03232165645702338,-0.0013199270847112018,-0.041934739991361304,-0.015709314104558073,0.04839597391494909,0.028269465285915077,1.3611540530527606,linear,1.0311216565350936,0.7490565348257234,nominal,42.34101286717351,3.181067759606129,59.90913553067853,1.1250063007945466,0.29202392680704914,5.2,0.08912350162877522,8.02363238152585,0.6184939347322319,-0.08391950586193238,0.002072049805971421,0.07693189751673818
0.03232165645702338,-0.0009571819725306269,-0.041934739991361304,-0.015510049413672952,0.04839597391494909,0.028388838389082537,1.3886832279371815,linear,1.0358968666878683,0.752768317588087,nominal,43.14348158102503,3.2431797575549672,59.90048318294788,1.1346888288803294,0.3015408963206257,5.3,0.09576127073345368,8.025741895504652,0.6237460242445357,-0.08912744875116375,0.0027024177432379837,0.07756226545400499
0.03232165645702338,-0.0007239812584766553,-0.041934739991361304,-0.015550245915637823,0.04839597391494909,0.028477483401547366,1.4186643639919194,linear,1.0402951852768048,0.7567604235912547,nominal,43.946057568825545,3.3054614769106925,59.89137570367194,1.1452709357687214,0.3110957975894795,5.4,0.09897836354570938,8.025777860505546,0.6218883628699601,-0.09302213676763285,0.002471995256885684,0.0773318429676526
0.0424399407829763,0.009160397488034953,-0.05132190274037393,-0.025110114912079574,0.05415601876020265,0.0342078731249959,1.232024465643204,linear,0.6717906395482633,0.5774387419463644,nominal,44.56634978805531,3.211612081707899,59.930207492019136,1.0742856113623664,0.2640930829129944,5.5,0.12319808247585917,7.982429024618139,0.6543550551126887,-0.10915381960130952,0.006931699857803952,0.081791547568571
0.0424399407829763,0.009051511729430042,-0.05132190274037393,-0.025193875986281374,0.05415601876020265,0.03435724782755474,1.2545631296440356,linear,0.673738844903356,0.576174197026999,nominal,45.364455620785776,3.277435742245265,59.91906977805279,1.08260243317741,0.2726622304278425,5.6,0.13105846819154168,7.979687629991174,0.6621181556346395,-0.1136004597256921,0.007925956461633188,0.08278580417239996
0.0424399407829763,0.008957787353283952,-0.05132190274037393,-0.025851851724116442,0.05415601876020265,0.03410012870816831,1.279064996448754,linear,0.6757071302319051,0.5748968077579849,nominal,46.16226413301487,3.3435813293036167,59.90766598100205,1.0916803026658313,0.28126149540897377,5.7,0.13173292403484127,7.976482614590789,0.6607935855323918,-0.11447548128922473,0.0077941433190837905,0.08265399102985062
0.0424399407829763,0.008869674185131404,-0.05132190274037393,-0.026149906101085245,0.05415601876020265,0.034168545264288155,1.305663259698044,linear,0.6768860044657794,0.5736025447669404,nominal,46.95979702701457,3.4100160877560204,59.89632059058932,1.1015608560772459,0.28988822093335986,5.8,0.13386026336368492,7.974175265403194,0.6679015835156885,-0.11243232696543114,0.00870318343008103,0.08356303114084797
0.0424399407829763,0.008953383087364326,-0.05132190274037393,-0.025775645370207347,0.05415601876020265,0.03458543641134109,1.3344960274807414,linear,0.6781571094766371,0.5728109747826479,nominal,47.75761108388952,3.477167692122727,59.8849591679369,1.1122847801483693,0.298540049089791,5.9,0.13835802463583538,7.982105872095808,0.6751305038184312,-0.11479612608301522,0.009519821002032636,0.08437966871279927
0.03393193383691935,0.00028123126515241376,-0.06676498808455164,-0.0413946230566556,0.04370191903324383,0.024076337491480086,1.1654628373303118,linear,0.6458628320557003,0.5445860945148865,nominal,48.465197548005875,3.872481329790629,59.92306378886512,1.0455587469099408,0.25607099693495405,6.0,0.17434728053785653,8.008193764116578,0.7530341278740247,-0.08312876858455548,0.018897416320693416,0.09375726403146027
0.03393193383691935,0.00030465171905666444,-0.06676498808455164,-0.041621131610253534,0.04370191903324383,0.023982102941330064,1.1875262174992174,linear,0.6674434173225172,0.5543350155004501,nominal,49.265859408511936,3.9481665560630024,59.91501554920139,1.0541166500912604,0.26394363390775627,6.1,0.17860251886118308,8.005043446004787,0.7606703975734411,-0.07783602469003932,0.01987957822447628,0.09473942593524304
0.03393193383691935,0.0002850737151559868,-0.06676498808455164,-0.04159964425027381,0.04370191903324383,0.024211766820144007,1.2114074754885107,linear,0.688346834567075,0.5645763154449328,nominal,50.06657234314594,4.024110120796272,59.907405729108575,1.0633976932725406,0.2718346607995115,6.2,0.17504830848737366,8.00921524667523,0.7582008970919446,-0.07436037716626599,0.01952494042830999,0.09438478813907697
0.03393193383691935,0.00012230443026847032,-0.06676498808455164,-0.041768922751063114,0.04370191903324383,0.024472943493254108,1.2372237400598909,linear,0.7093910909754009,0.5754506763307016,nominal,50.867678326636394,4.099962598567311,59.89977824985537,1.0734376715370126,0.2797425455055461,6.3,0.17751893595040746,8.012904423133795,0.7588486583288439,-0.07818920789773391,0.019561864479675783,0.09442171219044285
0.03393193383691935,6.329588002877001e-05,-0.06676498808455164,-0.04164100050635705,0.04370191903324383,0.0243380545915132,1.2650961590157248,linear,0.7311139258691342,0.587159621821559,nominal,51.66914002360882,4.176149790652458,59.89198436228854,1.0842713627843896,0.2876659212389306,6.4,0.1830097931388339,8.016329516314704,0.7648951833740911,-0.07768854343898753,0.020269284528550813,0.09512913223931789
0.015060163529127944,-0.01908635376851138,-0.04203672504431781,-0.01693043968622566,0.040620254164962635,0.021093400815719265,1.1099933119271712,linear,0.7672946900256458,0.5720315648620685,nominal,52.55902113206866,3.9774776351191186,59.90665814896035,1.021003283251461,0.24892649848265366,6.5,0.1306708453717463,8.10683816362518,0.644668393159616,-0.060540988395498735,0.00449471952399394,0.07935456723476064
0.015060163529127944,-0.019107598452434378,-0.04203672504431781,-0.01705325795038469,0.040620254164962635,0.020945203903090622,1.1316440416140463,linear,0.7917321265860497,0.5840823624462798,nominal,53.369703532603296,4.042080687787103,59.90073846791188,1.0297619396062878,0.2562274545833624,6.6,0.1303891666021739,8.10680984706775,0.6473926602000871,-0.0578526325739159,0.004828921692329402,0.07968876940309627
0.015060163529127944,-0.019219287786350604,-0.04203672504431781,-0.0172933305037862,0.040620254164962635,0.021040635810364892,1.154990530452837,linear,0.8152950720056362,0.5963632333953713,nominal,54.180555845529646,4.106883273169763,59.89485575046454,1.0392091841384288,0.26353794069375486,6.7,0.13452142800156686,8.11023641145919,0.6486590474530977,-0.05980171637284272,0.004950551756145671,0.07981039946691235
0.015060163529127944,-0.019020300418054567,-0.04203672504431781,-0.01750639284916497,0.040620254164962635,0.02112229219824859,1.1801370641083795,linear,0.8382245342437238,0.6088133363707671,nominal,54.99148725365383,4.17173226480621,59.88872691744451,1.0493761027310295,0.2708572100855771,6.8,0.1342548456389409,8.108391751024588,0.6483207852758339,-0.06277494402774428,0.004927179208856547,0.07978702691962342
0.015060163529127944,-0.018810792550127145,-0.04203672504431781,-0.01744017508856608,0.040620254164962635,0.02059164723618924,1.2071912775765288,linear,0.860068006458126,0.6212603748785384,nominal,55.80233644021378,4.236451857934871,59.88230418322793,1.0602927442520176,0.2781845937376501,6.9,0.13501329789282107,8.108591980174294,0.6460710772973907,-0.06567974030383478,0.004649526236297774,0.07950937394706482
0.025448966810698494,-0.008385871481045578,-0.049586662077748506,-0.0251940465817413,0.019765249335573696,-0.00023744498006792944,1.0633192729649026,linear,0.1996874204574029,0.2981394488319247,nominal,56.27812460783642,4.304810829517435,59.97657942183739,0.9998806024922559,0.24254913958623395,7.0,0.09877882885503904,8.046022011338977,0.6829538244620886,0.027529883933667055,0.009818108912986734,0.08467795662375352
0.025448966810698494,-0.008808524789449868,-0.049586662077748506,-0.02549380454149088,0.019765249335573696,-0.000227220164288236,1.0846051412923334,linear,0.2046685513606534,0.30513777325731434,nominal,57.0826664129449,4.373051347172211,59.979308152238126,1.008805458668818,0.2493753080032699,7.1,0.09716074885221342,8.04481409083076,0.6818565286334396,0.027044724081013088,0.009695339027700811,0.08455518673846783
0.025448966810698494,-0.008627050628959226,-0.049586662077748506,-0.0253179425758727,0.019765249335573696,-5.331147784749801e-05,1.10748294912898,linear,0.20956788619373642,0.31196939455749856,nominal,57.88685704217163,4.441274970890104,59.981825239130096,1.0183874807884938,0.25620415588284506,7.2,0.0942816411033695,8.038998493703552,0.6826159457244075,0.02329701375842671,0.00985000787468282,0.08470985558544984
0.025448966810698494,-0.008598770825168845,-0.049586662077748506,-0.02549911901543031,0.019765249335573696,-9.929228154407013e-05,1.1320465657660883,linear,0.21497757347478658,0.31913105417293336,nominal,58.69097059734692,4.510097178444185,59.98401671567165,1.0286539251816988,0.2630355001967767,7.3,0.10534626304236765,8.0432726098023,0.6938282053572002,0.020532517072602754,0.011189069039681865,0.0860489167504486
0.025448966810698494,-0.00843954679601552,-0.049586662077748506,-0.02534002511890771,0.019765249335573696,7.378172044573278e-05,1.1583926978835737,linear,0.22102736264936407,0.32680585498841086,nominal,59.49507027135732,4.579785012016348,59.98600885167814,1.0396310196001568,0.2698691763764588,7.4,0.10889393041576573,8.038720870405585,0.6999284660860557,0.01931020305733435,0.011990751043741366,0.08685059875450812
0.04019202432046759,0.006145982497268054,-0.03208102137446053,-0.007759638226207524,0.017846153224093535,-0.0019914642641754576,1.023723399647149,linear,0.06844642218668998,0.1693422031601254,nominal,60.10939442936196,4.372027175390369,60.01823723545688,0.9816136194069142,0.2368437724692782,7.5,0.0500325648984566,7.962189119924458,0.5930465145130697,0.032019430629140276,-0.0005142800125570446,0.07434556769820988
0.04019202432046759,0.00579652254721235,-0.03208102137446053,-0.0077263463071725255,0.017846153224093535,-0.0016984620676734202,1.0446818904533057,linear,0.0672999070871175,0.16780613857873997,nominal,60.90548813308407,4.431289463073374,60.02155809841303,0.9906750571173744,0.2432714890287496,7.6,0.053566457482407695,7.959684954517754,0.5921992391470258,0.03439782849387047,-0.0005968356137211472,0.07426301209704592
0.04019202432046759,0.005667972926044991,-0.03208102137446053,-0.0075552778616881505,0.017846153224093535,-0.0017838277932213757,1.067143188261901,linear,0.06619515473002402,0.16605268128236214,nominal,61.701194140162144,4.4907915663649645,60.02526696727881,1.0003651220682535,0.24969647880324936,7.7,0.060524524623767784,7.954435187043594,0.5978428266847904,0.03977954882183764,0.00015753776414806353,0.07501738547491506
0.04019202432046759,0.005685136449557426,-0.03208102137446053,-0.0075533139381126595,0.017846153224093535,-0.0015629648986730353,1.091192606031261,linear,0.06504267359793531,0.16395319981871637,nominal,62.49647606324625,4.550719734945961,60.02931951600626,1.0107079317151044,0.2561189733598599,7.8,0.063913771384348,7.951203274638425,0.6007205449351426,0.04127142572718079,0.0005477936397344507,0.07540764135050149
0.04019202432046759,0.005469044131205136,-0.03208102137446053,-0.0082104704322319,0.017846153224093535,-0.0017632892284589197,1.11691789520478,linear,0.06437410338772943,0.16224540727842435,nominal,63.291754539766444,4.610508665783679,60.033714551428865,1.021726599478298,0.26253918153061656,7.9,0.06543050721526622,7.95436625576535,0.5950580718192218,0.04662928272480231,-0.00018994851588471917,0.07466989919488223
0.06664448774619718,0.031835233685422445,-0.035243365128306815,-0.011340767834563531,0.01714252534823941,-0.0025757052900791284,0.9898965342383171,linear,0.09540075021859043,0.12174876684534885,nominal,63.953747065821204,4.720909278928191,60.080175346264085,0.9657443290644586,0.23172866742221182,8.0,0.20876276407459002,7.79809390535297,0.6115866924596994,0.051783869750066644,0.003407658400646163,0.07826750611141281
0.06664448774619718,0.03189228724105445,-0.035243365128306815,-0.011082768030507596,0.01714252534823941,-0.002513507173747518,1.0105578257660097,linear,0.10508209576009503,0.1332179618221673,nominal,64.73315770716795,4.782300444073906,60.0850994256732,0.9749169618973406,0.23781887721118233,8.1,0.2156255353704153,7.790118921581918,0.6162366104546078,0.04669771843234368,0.00408067126221523,0.0789405189729819
0.06664448774619718,0.03190273285796165,-0.035243365128306815,-0.011243148116367924,0.01714252534823941,-0.002602183662246474,1.0326447587498353,linear,0.11591233884091046,0.14706593466363388,nominal,65.51188541800744,4.843786483458632,60.08975360424619,0.9846923203620483,0.24390201548359225,8.2,0.22091086969421161,7.784435295207853,0.6134841772399331,0.04638585302750783,0.0037866790820331175,0.0786465267927999
0.06664448774619718,0.032169620341803463,-0.035243365128306815,-0.010856398219594884,0.01714252534823941,-0.0021842441653619274,1.0562355379675115,linear,0.1292151685271271,0.1633508862548607,nominal,66.28999383704115,4.905189448575906,60.09479207533843,0.995091930402635,0.249978625490635,8.3,0.22928713030957082,7.7777330854660365,0.6145751251055454,0.05438356881731442,0.0039935674326345705,0.07885341514340162
0.06664448774619718,0.032384330253036324,-0.035243365128306815,-0.010934725223299944,0.01714252534823941,-0.0023602135516987907,1.081410490554145,linear,0.14550881063958881,0.18209049302259417,nominal,67.06697902335411,4.966539112149384,60.10032878638563,1.0061363469965638,0.2560491983851413,8.4,0.24492362523581981,7.761970640793109,0.6124181463640141,0.05635065212661799,0.003876866876927121,0.07873671458769409
0.05180729683736897,0.017580721400817602,-0.04129813948029206,-0.01734757779812801,0.020251170529447714,0.0008628229801034178,0.9608236744415056,linear,0.03618775867509809,0.092440207296323,nominal,67.98351437961938,5.0185659249271515,60.0405204598035,0.9519042274981991,0.227133542436106,8.5,0.1660856054263489,7.8473619873751135,0.6557723490934965,0.03428571872303392,0.008512403481998554,0.0833722511927655
0.05180729683736897,0.01781609544507204,-0.04129813948029206,-0.017544574574817295,0.020251170529447714,0.0008707466032828563,0.9812126531981991,linear,0.03786448261668503,0.09315003984114187,nominal,68.76804826324536,5.084402944719356,60.04405793542226,0.9611663061335035,0.23293548492852512,8.6,0.17203687248299987,7.843315685144785,0.6609680467505996,0.036463793652066596,0.00921301686127185,0.08407286457203865
0.05180729683736897,0.017893667919560458,-0.04129813948029206,-0.017555106024900777,0.020251170529447714,0.0010941007416719085,1.0029599848528876,linear,0.04119380710720867,0.0972335072850555,nominal,69.55179731490078,5.150463025122628,60.04791101348432,0.9710076088844204,0.23872680689118206,8.7,0.18333798220241282,7.831665347963737,0.6602335613148377,0.04059776758904593,0.009244371814661534,0.08410421952542824
0.05180729683736897,0.01788439368004801,-0.04129813948029206,-0.017656598604368995,0.020251170529447714,0.001370821263975034,1.0261379093850094,linear,0.04597578644716245,0.10450310882068897,nominal,70.33508274656064,5.216582987251303,60.05181633384491,0.9814475076150171,0.2445082905921436,8.8,0.18114386864821416,7.834043285233356,0.6621656812586487,0.037508639622791454,0.009463849875188224,0.08432369758595529
0.05180729683736897,0.017274947543272523,-0.04129813948029206,-0.018033335784989907,0.020251170529447714,0.0009827163484905296,1.0508205348035102,linear,0.05144171606818976,0.11389172839439761,nominal,71.11851127046582,5.28273918745595,60.055245923853114,0.9925044401070142,0.250280644793768,8.9,0.1790623631347361,7.834527192870257,0.6609583228343004,0.0310831605411711,0.00930564988335325,0.08416549759412006
0.04953684302126858,0.01507534227688015,-0.04435914985445024,-0.021500615006874557,0.024760534347917477,0.0058948840003175094,0.9357060557194647,linear,0.02913800589442745,0.10410324789544714,nominal,71.89693318874706,5.399478583724696,60.01464400101151,0.9397932309940162,0.2229977777887297,9.0,0.16883965577204663,7.853310765303139,0.6835653498935641,-0.0024351760590406264,0.011963007915803292,0.08682285562657034
0.04953684302126858,0.015389851423182666,-0.04435914985445024,-0.02127409979807312,0.024760534347917477,0.0060559882932532845,0.9558436904791421,linear,0.03654930356272685,0.11891314889817915,nominal,72.68216960747773,5.467802296566156,60.013980691944724,0.9491261369244536,0.22855166130970217,9.1,0.17049317976855619,7.85141760931044,0.6829089069356403,-0.010831005276773279,0.011900857968102585,0.0867607056788693
0.04953684302126858,0.015262391823461577,-0.04435914985445024,-0.021218890508387944,0.024760534347917477,0.006163909025823085,0.9772806325193748,linear,0.044901977370485506,0.13412559312378136,nominal,73.46747091500659,5.5362340897709235,60.01273462567018,0.9590169427589298,0.23409198239604356,9.2,0.16937037692639403,7.854608541266735,0.6857269571597187,-0.014090320214172473,0.012221861866468675,0.08708170957723554
0.04953684302126858,0.015782699955262776,-0.04435914985445024,-0.021081878505698474,0.024760534347917477,0.006077866918906376,1.000084071203953,linear,0.05434915196504674,0.14983967845726495,nominal,74.25266045414021,5.604924790950223,60.01103368760368,0.9694832185255227,0.2396197099630288,9.3,0.1757909848209071,7.849182241405692,0.6880870664262576,-0.019928441115888533,0.01258015592290107,0.08744000363366802
0.04953684302126858,0.015587641869131488,-0.04435914985445024,-0.021078131147456495,0.024760534347917477,0.006011178898536661,1.0243228565420466,linear,0.06482712366134168,0.16581738591274395,nominal,75.03796905809284,5.673971149016554,60.00934560699765,0.9805416379808009,0.24513572348679424,9.4,0.1710629895021602,7.856989837646882,0.6928400949003534,-0.013833171004668538,0.013094013852741337,0.08795386156350804
0.04411046848233636,0.0102834690884024,-0.053194915938567115,-0.029516917027740577,0.0167923639629666,-0.0021191799648359946,0.9139066957834941,linear,0.344765505490774,0.31298871991798666,nominal,75.93425046784792,5.989185639496503,60.100053004586044,0.9291643555206612,0.2192688883498072,9.5,0.19750220154695383,7.899505061261936,0.7651979313693302,0.04021853273331178,0.021705442423102905,0.09656529013386977
0.04411046848233636,0.010690302547628407,-0.053194915938567115,-0.029672823842421533,0.0167923639629666,-0.0018066249713066668,0.9338109904753783,linear,0.3725818681179496,0.33170739475994143,nominal,76.7243647221213,6.06576373025582,60.104007892675035,0.9385521683736094,0.2246078625101228,9.6,0.19657125930152183,7.902780024205659,0.7663638838170224,0.03887922904649867,0.021811837863313865,0.0966716855740809
0.04411046848233636,0.010553884582832102,-0.053194915938567115,-0.029807460287214958,0.0167923639629666,-0.0017465872080715573,0.9549624924979845,linear,0.400982759256884,0.3508449094998643,nominal,77.51434125583896,6.142696814221092,60.10780304338143,0.9484785277020772,0.22993080300576593,9.7,0.20424915969686067,7.896750650147592,0.772297795488437,0.0370237850813961,0.02262956165699892,0.09748940936776566
0.04411046848233636,0.010620767176254882,-0.053194915938567115,-0.03019417710832454,0.0167923639629666,-0.0017434062781316977,0.9774240798531477,linear,0.43057136360817205,0.3705926404843426,nominal,78.30397489712873,6.220095207458476,60.11159451000617,0.9589594873253243,0.23523882695399334,9.8,0.20784137524934485,7.895922175647519,0.7756700692592005,0.0388055474134931,0.023062751849411978,0.09792259956017904
0.04411046848233636,0.01046640450267567,-0.053194915938567115,-0.029938594502387623,0.0167923639629666,-0.001800455866807063,1.001260120020693,linear,0.4618491208754299,0.39098583999863684,nominal,79.09370120913842,6.298045801677882,60.115644706068515,0.9700102417998873,0.24053294994409652,9.9,0.21371958182507794,7.898604064546298,0.7833418151289397,0.0421983738333662,0.023991625347182133,0.09885147305794897
0.04422466559294609,0.010258238320152692,-0.04756548164176223,-0.02381843475886882,0.017704354941531712,-0.0013140205468850225,0.8949115784859368,linear,0.7949197763544195,0.47706620504673963,nominal,79.81824516221766,6.416315299057683,60.14573577018349,0.9198123897285243,0.2159012488969901,10.0,0.1837055069433505,7.897498964880309,0.7497917485997625,0.02834930567281593,0.01979683577820257,0.09465668348896936
0.04422466559294609,0.01026354582698933,-0.04756548164176223,-0.023796148026232023,0.017704354941531712,-0.001760786326005348,0.9145982440303808,linear,0.8251926375347123,0.4949868360909298,nominal,80.6078521608528,6.491333196837435,60.14846834383269,0.9292415164714241,0.2210528809667743,10.1,0.1856407927339338,7.894641007822427,0.7505662069952844,0.026302167311129915,0.019928119623171092,0.09478796733393817
0.04422466559294609,0.010221839130828012,-0.04756548164176223,-0.024166099626907828,0.017704354941531712,-0.001560853061889373,0.9354859187668424,linear,0.853920203734105,0.5128470094526386,nominal,81.39729263721277,6.566273991363733,60.15086850171159,0.9391916173358298,0.22618637841477676,10.2,0.18343719343786366,7.894168519377029,0.7482496835306818,0.021700990266866213,0.01964293254435523,0.09450278025512229
0.04422466559294609,0.010243081209049598,-0.04756548164176223,-0.024292990586241545,0.017704354941531712,-0.0021097442275649567,0.9576337732769749,linear,0.8802057213243936,0.5304310215062303,nominal,82.1869283411581,6.6411018469335925,60.15278292944237,0.9496774630363147,0.23130297785658913,10.3,0.18045288565890624,7.8985455595292375,0.7483074278664831,0.016587564348592886,0.019598119809332015,0.09445796752009898
0.04422466559294609,0.010450525065734961,-0.04756548164176223,-0.024499069425841343,0.017704354941531712,-0.002344872595495779,0.9811023247880742,linear,0.9046404359081328,0.5478262626744451,nominal,82.97665261436578,6.71582493967161,60.15433789616546,0.9607130002435723,0.23640380504236788,10.4,0.18000058728248383,7.8959399046245915,0.7461544268938868,0.014511770113238122,0.019358854106347856,0.0942187018171145
0.043161340711193166,0.009514770184675586,-0.0569880078732575,-0.03388747368104103,0.012630786421667367,-0.007715270884755482,0.8783014948617718,linear,2.2222834629681585,0.6612959226306392,nominal,83.79882443698251,6.8327099856512925,60.33624509114627,0.911565391646337,0.2128550414826378,10.5,0.24362079449420565,7.906727114136346,0.8154880960679963,0.06493181597370956,0.027915270439232476,0.10277511814999916
0.043161340711193166,0.009397020705640871,-0.0569880078732575,-0.03434879605746974,0.012630786421667367,-0.007901225931618133,0.8977844307987205,linear,2.2642912419458883,0.6849892803555527,nominal,84.58921276551403,6.914281240526032,60.342857641566816,0.9210242481558959,0.21784243658601218,10.6,0.246888337972034,7.901039456494039,0.8159370014268033,0.06731919243721533,0.028044950684927628,0.10290479839569461
0.043161340711193166,0.00954878209701375,-0.0569880078732575,-0.03423547675613871,0.012630786421667367,-0.007821385159834224,0.9184272296204965,linear,2.305958577203195,0.7091317840048531,nominal,85.37920730942305,6.9961278870027135,60.34956420396195,0.930988114323248,0.222809891341213,10.7,0.25205968715801963,7.898851421686315,0.8209959281068442,0.06681205546541417,0.02870691520641655,0.10356676291718324
0.043161340711193166,0.00954525393187558,-0.0569880078732575,-0.033998408365882096,0.012630786421667367,-0.007615644949177136,0.9402858524759056,linear,2.3496713263716273,0.734050396773175,nominal,86.1688957696814,7.078566183891849,60.35656604329762,0.9414706691428132,0.22775874009537578,10.8,0.26131075523745256,7.8949177834803494,0.8277700096758401,0.0732247312480749,0.029606924865834383,0.10446677257660134
0.043161340711193166,0.009684425508306602,-0.0569880078732575,-0.03424569290996517,0.012630786421667367,-0.007493440672239586,0.9634174867790033,linear,2.394685485944031,0.7595468657282647,nominal,86.95827412108233,7.1613510592812775,60.36387209542532,0.9524848004773447,0.23269019899596066,10.9,0.26227657405144605,7.892649244538176,0.8279274981127425,0.07289631130588914,0.029656469753806647,0.10451631746457354
0.03649758744018604,0.003259227091796539,-0.04260808778888649,-0.020212148948609374,0.011544767079470896,-0.008431293221128778,0.8637312894644489,linear,2.7777940070148075,0.5905952531156894,nominal,87.918616379187,6.981764865960777,60.443209934888785,0.9042782164564025,0.21009538847815287,11.0,0.14655939979271568,7.950180769528733,0.7112722169358039,0.08134000049817569,0.014368759656493868,0.0892286073672609
0.03649758744018604,0.003426776164708066,-0.04260808778888649,-0.020408667185099632,0.011544767079470896,-0.008384940233430609,0.8830229350613826,linear,2.764102811007666,0.6043031778914735,nominal,88.71350264159406,7.052391964402999,60.45136358301319,0.9137569535644205,0.21493805020740578,11.1,0.1403118720968538,7.947544478612652,0.7012697519086362,0.08173296199006037,0.013149501905473926,0.08800934961624071
0.03649758744018604,0.003384091621905741,-0.04260808778888649,-0.02062166331210809,0.011544767079470896,-0.008812711223119146,0.9034376496336565,linear,2.7448532024308707,0.6178422965394802,nominal,89.50829105648116,7.122855849392558,60.459375377749026,0.9237261863525832,0.21975920420559966,11.2,0.14321033537442124,7.948223819129209,0.7080079478825274,0.07850293272671167,0.013983168646944044,0.08884301635771068
0.03649758744018604,0.003543620754621571,-0.04260808778888649,-0.02109255890506913,0.011544767079470896,-0.008722351711399366,0.9250285989872037,linear,2.721162303805067,0.6316706352143762,nominal,90.30322479270028,7.194054372166622,60.4671202495439,0.9341986601157033,0.22456026580438804,11.3,0.1474399405641712,7.950450905252888,0.7159625075987361,0.07639450317085053,0.01495096927971673,0.08981081699048364
0.03649758744018604,0.0036592226944812886,-0.04260808778888649,-0.021277296898840937,0.011544767079470896,-0.008902685200790385,0.9478500728101256,linear,2.6931424643296276,0.6456709919938609,nominal,91.09817742935242,7.26579694450151,60.474573657151616,0.9451863594026824,0.22934252628358776,11.4,0.14851872340955072,7.94860182778979,0.7188889390990144,0.07267364898340406,0.015336943973705885,0.09019679168447259
0.02362600803078551,-0.009338727642629732,-0.04100816683432135,-0.019495419122822495,0.012674844846208934,-0.007782250186458235,0.8509143428991467,linear,2.338686999912107,0.546746542162712,nominal,92.09133314860512,7.258048639332472,60.40297792644868,0.897827527533564,0.2075916374090997,11.5,0.1351087196016722,8.059086693869595,0.703742948856498,0.06324973741069634,0.012242123845267017,0.08710197155603377
0.02362600803078551,-0.009394596543898945,-0.04100816683432135,-0.019277251305644037,0.012674844846208934,-0.007891046685965353,0.8700259374563294,linear,2.321512137486099,0.5593399326335969,nominal,92.89731274026282,7.328562041991002,60.40933288656602,0.9073177949471617,0.212306136624985,11.6,0.13814928121997125,8.060505139284565,0.7065251043141011,0.06384946493605043,0.012569411064885294,0.087429258775652
0.02362600803078551,-0.009768568890721294,-0.04100816683432135,-0.019353885259905543,0.012674844846208934,-0.007805374975309028,0.8902275785155913,linear,2.3010682129657742,0.5720302208590631,nominal,93.70363986904287,7.3992023254186,60.41555137771149,0.9172853519461692,0.21699775538161878,11.7,0.1389935792013269,8.06603743631655,0.7062805642378729,0.060520357973267415,0.012479663791054918,0.08733951150182166
0.02362600803078551,-0.009627383938331582,-0.04100816683432135,-0.019480973400359085,0.012674844846208934,-0.0073250487132897404,0.9115699835164454,linear,2.2763925048468705,0.5844954640674389,nominal,94.51008379578572,7.469609150635063,60.421569941008826,0.9277421412969385,0.2216679769346343,11.8,0.13381243358846107,8.062841098540009,0.7018559400913473,0.059850907973556036,0.01196949717757878,0.08682934488834552
0.02362600803078551,-0.009204677485581216,-0.04100816683432135,-0.01956962515249683,0.012674844846208934,-0.007484125006922793,0.9341049059773681,linear,2.246859961196324,0.5965686082963626,nominal,95.316226741708,7.539756995108644,60.42729356861325,0.938699372843042,0.2263181557487703,11.9,0.12964206368934383,8.060017819905545,0.7011009493802777,0.05462164411498457,0.01190679229307845,0.0867666400038452
0.029147994625522974,-0.003973665837237041,-0.03747223310901659,-0.016383137040560672,0.014498301258660078,-0.0055400188190327,0.8396108153780667,linear,2.355114266074894,0.581294574396809,nominal,96.10218720932131,7.620023181482498,60.388640815524504,0.8921079054920127,0.20531676863531872,12.0,0.07935603382775376,8.012683032710319,0.6685516557857563,0.037910305659170924,0.008384015451282423,0.08324386316204913
0.029147994625522974,-0.003987055964219246,-0.03747223310901659,-0.016317927941475935,0.014498301258660078,-0.00503519294276953,0.8585525944962664,linear,2.3095493609178983,0.58923202873855,nominal,96.90338654849766,7.687384660269665,60.392234569418875,0.901602648034946,0.20991726870071403,12.1,0.08643839207149062,8.011303750816714,0.6786779199575994,0.03396477222835387,0.009653404363384688,0.08451325207415168
0.029147994625522974,-0.004013683782144912,-0.03747223310901659,-0.01662145682228403,0.014498301258660078,-0.004911053538182726,0.8785546824822323,linear,2.2589165263141715,0.5969963715875682,nominal,97.70455487164857,7.754993184272447,60.39528961046267,0.9115626530670267,0.21449367627453259,12.2,0.07926556977414123,8.01206271220147,0.6734925600980365,0.027136048647514274,0.00900281841540762,0.08386266612617456
0.029147994625522974,-0.003908894713815354,-0.03747223310901659,-0.016549521277093814,0.014498301258660078,-0.004683922622785417,0.8996656411936047,linear,2.2054266274895364,0.6045396886734941,nominal,98.50574772324474,7.822538643187743,60.39805175981961,0.9219991702642119,0.2190475322203786,12.3,0.08320119436518658,8.011794319721817,0.6774166182078553,0.028106938491274387,0.009491943096048061,0.08435179080681476
0.029147994625522974,-0.003690976637464382,-0.03747223310901659,-0.016703458201543963,0.014498301258660078,-0.004859777821989115,0.9219349926904347,linear,2.1530986253751,0.6122478745625975,nominal,99.30700278984445,7.8901953581088735,60.40090148716247,0.9329227417142182,0.22358024471985205,12.4,0.08212635137292938,8.013307012272454,0.6757176802147609,0.028887608365972723,0.009265581255745392,0.08412542896651205
0.032657562760182744,-0.0004964444949660807,-0.040688624564720395,-0.02016221228390221,0.020060684300618126,0.0006431463047825957,0.8296186304760186,linear,1.7251951429931818,0.6144975789899061,nominal,100.03358222987795,8.053591828760057,60.26460460228601,0.8870287801381518,0.20324690212497334,12.5,0.11520412402924615,7.977768831845431,0.711098823732178,-0.020852259377718216,0.014040260233613377,0.08890010794438026
0.032657562760182744,-0.0006204717960842793,-0.040688624564720395,-0.020169115600698572,0.020060684300618126,0.0006883550809954585,0.8483999765503284,linear,1.6905222520319965,0.623538254538976,nominal,100.8308519986517,8.124805812229331,60.262378550046755,0.8965220616320515,0.20774557539957825,12.6,0.12007562576491265,7.967626543629558,0.7131808456533197,-0.02366878540749138,0.014412067268072093,0.08927191497883903
0.032657562760182744,-0.00038659238510703464,-0.040688624564720395,-0.020205699300854574,0.020060684300618126,0.0005857831872475468,0.868214768087824,linear,1.6575661956895025,0.6329271986623617,nominal,101.62764164060901,8.19641801287898,60.25995202045693,0.9064696412437603,0.21221907815271937,12.7,0.12572800791784966,7.968166295516882,0.7190631673396363,-0.02486180638904089,0.015138364949902616,0.08999821266066946
0.032657562760182744,-0.0006037616371152368,-0.040688624564720395,-0.020408623514442188,0.020060684300618126,0.0007497145217405313,0.8891096600132727,linear,1.6271331949384964,0.6425861694964259,nominal,102.42472597393791,8.268192004026677,60.25755732922974,0.9168821673088462,0.21666900060937008,12.8,0.12159145658082389,7.973520371060934,0.7164166556142777,-0.023032018154786234,0.01474901345476054,0.08960886116552727
0.032657562760182744,-0.0005495711698872557,-0.040688624564720395,-0.0199137115564245,0.020060684300618126,0.00025383453579744947,0.9111322014212159,linear,1.5978371778772233,0.6520910167748375,nominal,103.22231398510468,8.339649611908142,60.25523542694064,0.927769603557183,0.22109679707612476,12.9,0.11717781177722804,7.9782398522745,0.7127355020150006,-0.023406027627295087,0.014238561592432308,0.08909840930319925
0.03362232673487726,0.0004157367886688246,-0.039251318717169054,-0.018337145237929012,0.02100936276162735,0.0010460403383986856,0.820766481534435,linear,1.0550773546475298,0.5604046620469917,nominal,104.19029665655412,8.31125165543861,60.12830554375977,0.8825119862098052,0.2013608842179872,13.0,0.10998117856840248,7.976769579706119,0.6990736017514584,-0.0417208418929661,0.012555495492702295,0.08741534320346933
0.03362232673487726,0.0005967829599153804,-0.039251318717169054,-0.018156524085538084,0.02100936276162735,0.0013048088806816363,0.8393960410919843,linear,1.04536979513745,0.5679894259076916,nominal,104.98815084022462,8.381317650858689,60.124254401003675,0.8919988370443753,0.20576824528108373,13.1,0.11129461071468913,7.980314093703765,0.7022463066501081,-0.039302013228867685,0.012911391880898737,0.08777123959166575
0.03362232673487726,0.00047596821976625403,-0.039251318717169054,-0.017880080064565443,0.02100936276162735,0.0013656150872491807,0.8590347081296638,linear,1.0376179698579324,0.5758112327141145,nominal,105.78645368707917,8.45130600237335,60.12044720891853,0.9019299796006578,0.21014947059131708,13.2,0.10521824166872268,7.985742843387483,0.6975207236430998,-0.036841828474032515,0.01226478838431655,0.08712463609508339
0.03362232673487726,0.0005163329590595483,-0.039251318717169054,-0.018144661661504885,0.02100936276162735,0.0009962882374170597,0.8797274430579363,linear,1.0310368139961732,0.5838000095580465,nominal,106.58483017425924,8.521331702131874,60.11670581009601,0.9123155381534463,0.21450619306750526,13.3,0.1112756865708941,7.981786900213526,0.7029932715273638,-0.03798614797636801,0.012988143350815662,0.08784799106158254
0.03362232673487726,0.0004362548333342389,-0.039251318717169054,-0.018259620372692093,0.02100936276162735,0.0008134589654421355,0.9015200426167859,linear,1.0255228528247584,0.5920811100793929,nominal,107.38307757420175,8.591648935590102,60.11280999334917,0.9231649731709989,0.21883990698582573,13.4,0.11206908504748672,7.98316109863676,0.7033513976372042,-0.03993018696044861,0.013017613933056005,0.08787746164382303
0.02641771467809603,-0.006554032012005256,-0.04353327019423254,-0.022641041310794995,0.01516213675710766,-0.00496353765170811,0.8129083491238563,linear,2.929008608619334,0.8177372964529631,nominal,108.33175715205904,8.772892545964002,60.3253415123432,0.8784897970176452,0.19963993915911743,13.5,0.16107017213607933,8.055985691060082,0.7498837951461781,0.01854860374933435,0.01795674726250729,0.09281659497327417
0.02641771467809603,-0.007044686500658381,-0.04353327019423254,-0.023055748079407606,0.01516213675710766,-0.004994597363170572,0.8313941258296235,linear,2.9248533256077995,0.8333171424963932,nominal,109.13762607322947,8.847918323257208,60.32740567371503,0.887966082070749,0.20396511360830932,13.6,0.164243279995726,8.061392732348411,0.7506317507179415,0.0227346236872032,0.01798683437308002,0.09284668208384678
0.02641771467809603,-0.0073526176803116496,-0.04353327019423254,-0.02318369995192258,0.01516213675710766,-0.005089287713570924,0.8508668993646558,linear,2.9200333232642866,0.849120213841609,nominal,109.94358304892052,8.923159826817473,60.32942690236032,0.89787751615923,0.20826328286111997,13.7,0.16560418809597316,8.057746781472556,0.7541983204873816,0.017689949218641005,0.018467404344873817,0.09332725205564087
0.02641771467809603,-0.007914100803635537,-0.04353327019423254,-0.023377483781467964,0.01516213675710766,-0.005078056069534388,0.8713701180852694,linear,2.9125605460121538,0.8648255101968498,nominal,110.74956146693206,8.998314878252492,60.33129092894983,0.9082337648804933,0.2125361170812559,13.8,0.16241217638709035,8.061821578758128,0.7489027082129505,0.019590582571554035,0.017769289978593505,0.09262913768936014
0.02641771467809603,-0.00783586151767279,-0.04353327019423254,-0.023442915727743863,0.01516213675710766,-0.004817994763713125,0.892948015707489,linear,2.904802121893595,0.8807010624628752,nominal,111.55560639402673,9.073602020007375,60.33317642502348,0.9190438488223958,0.21678514547106237,13.9,0.16857408880587482,8.059076963135253,0.7568401268847378,0.018119338901470085,0.01877703881811099,0.0936368865288777
0.020025921626031423,-0.014026329763782708,-0.04366048782965105,-0.02331957706013407,0.011945497200144593,-0.00796545692853193,0.8059191600597942,linear,4.286750149728851,1.0286993794334724,nominal,112.5918390977625,9.162088275267463,60.356609529185626,0.8749033279205596,0.19806737332376603,14.0,0.21640282857095053,8.136104113793312,0.759526702464555,0.05345171300183635,0.01822300923417508,0.09308285694494209
0.020025921626031423,-0.013991158076900795,-0.04366048782965105,-0.02326359627758857,0.011945497200144593,-0.008328364189055066,0.824268589635471,linear,4.329183489993789,1.0502192374502335,nominal,113.40552522825449,9.237929586125489,60.36211214242022,0.8843656320010231,0.20231831625671984,14.1,0.2165308528346242,8.137618496046397,0.7572995146959862,0.05660055169010992,0.017934453124846872,0.09279430083561377
0.020025921626031423,-0.0142072398490228,-0.04366048782965105,-0.02287516802365954,0.011945497200144593,-0.007945747485655458,0.8435848766005644,linear,4.369983508144549,1.0721192749720163,nominal,114.21975699016424,9.313816026032654,60.36769162313335,0.8942547213811763,0.20654146656323305,14.2,0.22444436830102343,8.147016742148752,0.7604292834473052,0.054989062572451605,0.01820887666092963,0.09306872437169654
0.020025921626031423,-0.014125877797346871,-0.04366048782965105,-0.023241475284168988,0.011945497200144593,-0.007636918185420496,0.8639101147783392,linear,4.408035338090098,1.0944275200428915,nominal,115.03441766327889,9.38997823641373,60.373123413474296,0.9045798585385395,0.21073852715340677,14.3,0.22530014132923074,8.14619672014403,0.7628149241741902,0.0536467442465278,0.01850850685833816,0.09336835456910482
0.020025921626031423,-0.013701844600168378,-0.04366048782965105,-0.02346741584310839,0.011945497200144593,-0.00803183466227564,0.8852871381850451,linear,4.443317649300835,1.117003916684811,nominal,115.84916031794592,9.46644695052982,60.378515613222405,0.9153496779177098,0.21491105798223156,14.4,0.22973480159435555,8.148656373196465,0.7665593581476117,0.054197250715575386,0.018935991445676148,0.0937958391564428
0.02702702925412559,-0.006820538932881828,-0.05210869497400999,-0.03206492616169336,0.0127453257049,-0.007286223581281908,0.7996913178913567,linear,6.053378021482853,1.2822474683369256,nominal,116.56614008227544,9.793167639907145,60.35864814004411,0.8717012287602446,0.19662832255947524,14.5,0.2830425191621051,8.073770527393565,0.8697772345261495,0.043488167047241816,0.032455035713105485,0.1073148834238725
0.02702702925412559,-0.006924747618309517,-0.05210869497400999,-0.03172490177587345,0.0127453257049,-0.006988642945155015,0.8179113294178428,linear,6.1337927142333974,1.3097558018972837,nominal,117.37353617762028,9.880148658609384,60.36301996664033,0.8811467571737527,0.20081199740886796,14.6,0.28327584754593155,8.074151379503189,0.8698431395186382,0.043948364877031756,0.032458081342444434,0.10731792905321119
0.02702702925412559,-0.006760328804487299,-0.05210869497400999,-0.0313795614814546,0.0127453257049,-0.0067728508444268535,0.8370798089727366,linear,6.2126380605538865,1.337414214508148,nominal,118.18108085975264,9.967047550807996,60.3678365557997,0.8910114099399594,0.2049671629624098,14.7,0.28377740783713573,8.076742263144059,0.868134704453608,0.052383418310266786,0.03221481445432817,0.10707466216509517
0.02702702925412559,-0.0067046723224917296,-0.05210869497400999,-0.031196093069147977,0.0127453257049,-0.006926468151316664,0.8572376324774759,linear,6.292494054400608,1.365346658227236,nominal,118.9884882497278,10.054052241316219,60.3734359539795,0.901304093821658,0.20909555112702086,14.8,0.28742513394007707,8.071405536358844,0.8719591057108419,0.05960454528587699,0.032753449308649873,0.10761329701941681
0.02702702925412559,-0.006818943412505808,-0.05210869497400999,-0.030752194989148253,0.0127453257049,-0.0068688611099162866,0.8784263758140554,linear,6.368700077465853,1.3935683168599204,nominal,119.79575604206738,10.141417574373472,60.37908205455043,0.9120331028801929,0.21319874912414416,14.9,0.2900477148531402,8.073950310432949,0.875347555434197,0.05331746613269314,0.03313461236308779,0.10799446007385456
0.02792947585506707,-0.005810623266576876,-0.0433143326734877,-0.02200121173353023,0.011681344466910937,-0.007971036258610904,0.7941319052660706,linear,5.6168549754548245,1.1229222983793083,nominal,120.49641280678802,9.903045357068956,60.44613663437359,0.868838604152003,0.19530953503725237,15.0,0.19242658399377865,8.059975641371233,0.7701688904164705,0.06688393980658752,0.020405649432724715,0.09526549714349167
0.02792947585506707,-0.00606232798985731,-0.0433143326734877,-0.02180066649956194,0.011681344466910937,-0.008076286090432695,0.8122289721050124,linear,5.62879977351193,1.1422375701316834,nominal,121.30241247333944,9.980483717507004,60.452767157662116,0.8782650963471522,0.19943206090931823,15.1,0.1995481360539695,8.060017689657546,0.7785983183445049,0.06572652596401983,0.0214414221956285,0.0963012699063952
0.02792947585506707,-0.005558244256868298,-0.0433143326734877,-0.021821460473793824,0.011681344466910937,-0.007975631631599023,0.8312576759289735,linear,5.639808785062549,1.1621317847442632,nominal,122.10819784924695,10.058694204519998,60.4594980103699,0.8881036863334524,0.2035254223066603,15.2,0.20566687097707104,8.055689828492506,0.7856114219153768,0.06889052819166387,0.02235528804488851,0.0972151357556552
0.02792947585506707,-0.005033762603467742,-0.0433143326734877,-0.021690533758581487,0.011681344466910937,-0.007518153529061721,0.851257793789902,linear,5.6466492817610945,1.182198170655222,nominal,122.91346621278046,10.13737597138839,60.46623621957248,0.8983629657710368,0.20759137697931218,15.3,0.2053294415804049,8.049677442177494,0.7880239154524571,0.06587365585991058,0.022724306255354598,0.09758415396612162
0.02792947585506707,-0.004997281887783204,-0.0433143326734877,-0.021542009405203195,0.011681344466910937,-0.007723638397920531,0.8722697666896785,linear,5.644607628658587,1.2022218710067785,nominal,123.71857696823332,10.21630738646918,60.47248200205971,0.9090509274694961,0.2116315364772592,15.4,0.2063399997764146,8.052537666879688,0.7906043861633565,0.059041993884520305,0.02300726903229089,0.09786711674305762
0.03124504335669168,-0.0018676257641827808,-0.050264380450419754,-0.028828941748869484,0.013971796167710578,-0.005388815207644003,0.7891604091430213,linear,6.452415492943866,1.2423188070212379,nominal,124.39613950909761,10.391378227071117,60.44195370016033,0.8662761150491219,0.1940991835547585,15.5,0.2760519301498411,8.01003986084236,0.8736615108645042,0.03483169253819932,0.033781502307717926,0.10864135001848459
0.03124504335669168,-0.0021269850710740647,-0.050264380450419754,-0.02882327912351741,0.013971796167710578,-0.00556408123797191,0.8071405918431577,linear,6.487546742439418,1.2681231834526676,nominal,125.19708884250079,10.478936599855146,60.44546351710981,0.8756817695984794,0.1981659573545243,15.6,0.2798932885696679,8.008946807221259,0.8775059448160815,0.03536464645126505,0.03427056110843374,0.10913040881920043
0.03124504335669168,-0.0020146323411561577,-0.050264380450419754,-0.02912573154291645,0.013971796167710578,-0.005422900819687547,0.8260369718507774,linear,6.522194342784891,1.2942530694867054,nominal,125.99793318379452,10.56673616146873,60.44915071534019,0.8854930683497738,0.2022029652934946,15.7,0.2812295704359192,8.007940018653198,0.8784852874555883,0.03837931815622628,0.03440501648080563,0.10926486419157251
0.03124504335669168,-0.0023147747175844176,-0.050264380450419754,-0.029234826545323188,0.013971796167710578,-0.005294827820967395,0.8458883314752097,linear,6.557352280524931,1.3208763919146227,nominal,126.79901898917399,10.654860769423404,60.45299057547098,0.8957183227885017,0.20621198828963674,15.8,0.28692441096957744,8.013776088936186,0.8840068716378525,0.03841788445947544,0.035006854085024575,0.10986670179579147
0.03124504335669168,-0.0028310432781566176,-0.050264380450419754,-0.02916280804501041,0.013971796167710578,-0.005347970889400795,0.8667340845984297,linear,6.593057466166659,1.347973213591671,nominal,127.6002956616098,10.743299380866818,60.457018345214145,0.9063652580719029,0.2101946597249426,15.9,0.28810608110662084,8.011757359780212,0.8847653572304199,0.0421375104039706,0.03512784684289594,0.10998769455366267
0.031175879701440107,-0.003154173896887543,-0.046227447054451344,-0.024778441393607294,0.015512372524781652,-0.0037397159293635525,0.7847068565099283,linear,5.903845528596449,1.2223776117384069,nominal,128.45659513573816,10.66579743465559,60.387044875926286,0.863979225761258,0.19298670244685073,16.0,0.2332263511624406,8.011422339352853,0.8321482578025157,0.01926778242328462,0.02863922627960447,0.10349907399037113
0.031175879701440107,-0.0033141080011401015,-0.046227447054451344,-0.024807242671401112,0.015512372524781652,-0.0038805801003089085,0.8025758394449716,linear,5.914426326822797,1.2434724822401613,nominal,129.2576484220509,10.748728350629905,60.38916874799655,0.8733626351813948,0.19700250067546113,16.1,0.22786042223268516,8.009643386901622,0.8264700616837924,0.023209658982036165,0.0279606489797124,0.10282049669047917
0.031175879701440107,-0.0034760504504558858,-0.046227447054451344,-0.025032658632705033,0.015512372524781652,-0.0036905395530597226,0.8213468255000311,linear,5.923545712176347,1.2645133842119003,nominal,130.0587648763442,10.831366387314,60.39165500154119,0.8831457530623934,0.20098797900942447,16.2,0.22819172259398293,8.012685698965345,0.8262906719981491,0.026515411910735573,0.0278997312160838,0.10275957892685043
0.031175879701440107,-0.003471867923988615,-0.046227447054451344,-0.02470836637683763,0.015512372524781652,-0.0034759059881005853,0.8410576936818758,linear,5.932432414172443,1.2855739439239486,nominal,130.85987990232,10.913782043718037,60.39465062787304,0.8933366408679579,0.20494493924718535,16.3,0.22472601774422787,8.00961482055015,0.8220224560825395,0.03339711472633865,0.0274115485519979,0.10227139626276473
0.031175879701440107,-0.0038050401984065403,-0.046227447054451344,-0.024812392444262525,0.015512372524781652,-0.0035783290001479527,0.8617469253367562,linear,5.937003759562958,1.3061573906887114,nominal,131.66072169012037,10.995539277682676,60.39813519215925,0.9039427850658226,0.20887503446463845,16.4,0.21631109722667086,8.007220935457823,0.8131222232102926,0.03629417099786694,0.02634185406240963,0.10120170177317629
0.028745184903068752,-0.006245376431752658,-0.045547490414857235,-0.023980036443959303,0.016305064463869052,-0.0030030507668275704,0.7807102751452117,linear,5.890414945473328,1.3144584558635513,nominal,132.58716501713633,11.045254033321273,60.26726667207771,0.8619175686546477,0.1919626452101111,16.5,0.21610870494450055,8.043719584734381,0.810544513003405,0.02150763370530255,0.025568524781843127,0.10042837249260989
0.028745184903068752,-0.006053620395447802,-0.045547490414857235,-0.023956869442404452,0.016305064463869052,-0.003134420259571096,0.7984733981847597,linear,5.9306599551781,1.3350148650307812,nominal,133.3913415956035,11.126154691447248,60.269560833166636,0.8712776627781772,0.19593170926357828,16.6,0.21265559937245712,8.039811984609143,0.8074686495160713,0.02437558807327323,0.025238264243144126,0.10009811195391101
0.028745184903068752,-0.006324411487660629,-0.045547490414857235,-0.02398280252521673,0.016305064463869052,-0.0031807142782860585,0.8171254477684797,linear,5.968355344747929,1.355746324262231,nominal,134.1953943345263,11.207244558425595,60.2720368369413,0.8810319979968756,0.19986994131310426,16.7,0.21970434832030958,8.041242793846951,0.8143286900509129,0.02514448741989967,0.02606509097491827,0.10092493868568513
0.028745184903068752,-0.006422894173178352,-0.045547490414857235,-0.02380984548021991,0.016305064463869052,-0.0033700117177714005,0.836703480192491,linear,6.00616306479448,1.377096389006324,nominal,134.9998501421609,11.288803202827099,60.274534311878185,0.8911884118782902,0.2037791620670094,16.8,0.223446980894406,8.047873358845408,0.8168441979791129,0.02480501131785975,0.02629189323157144,0.10115174094233817
0.028745184903068752,-0.006371889121308316,-0.045547490414857235,-0.023756642186574063,0.016305064463869052,-0.003216806809622684,0.8572451275941084,linear,6.043120664787995,1.3988574132798983,nominal,135.80474349613675,11.370543119526825,60.27722012472639,0.901754177261667,0.2076610424505116,16.9,0.22547558102307017,8.049993720671983,0.8179541360154583,0.02891124564625158,0.026401904745821714,0.10126175245658871
0.027264250240807184,-0.008124945215975767,-0.044144900009530266,-0.022571013434473645,0.024685835095015225,0.005026031579584301,0.7771174138596431,linear,5.505328853237032,1.3477736900560306,nominal,136.6254965421766,11.393807015764681,59.9914674480307,0.8600644048281109,0.19101855969415243,17.0,0.23933995028689953,8.07508252188878,0.8090049992129426,-0.08923641080945816,0.024992319999009638,0.09985216770977635
0.027264250240807184,-0.008070386800721682,-0.044144900009530266,-0.022481780238143227,0.024685835095015225,0.005011623894829231,0.7947797000514916,linear,5.585071857687773,1.3700562588520886,nominal,137.4333321381853,11.474763505305043,59.98284828463011,0.8694004016170629,0.19494466768778032,17.1,0.24026898794818832,8.081629398285669,0.8101247915942854,-0.08314685720232866,0.025049149972233398,0.0999089976830004
0.027264250240807184,-0.007904630521762712,-0.044144900009530266,-0.02235602183818036,0.024685835095015225,0.005052925394733194,0.8133188413858334,linear,5.66272173572292,1.3925836983706747,nominal,138.24127788295468,11.555880851112098,59.97449400746728,0.8791255961117205,0.1988394688872492,17.2,0.24095016336590316,8.07728549710225,0.812222124546847,-0.08393868605438128,0.02535958864212562,0.10021943635289246
0.027264250240807184,-0.007916881203260721,-0.044144900009530266,-0.02222623293443709,0.024685835095015225,0.0050430404834564575,0.8327711427242447,linear,5.735099446002348,1.4150034165213745,nominal,139.048650224328,11.637118548005338,59.96622854005067,0.8892476246999714,0.2027048012012081,17.3,0.2381461077365576,8.070161330363218,0.8125318133179327,-0.08137066227779426,0.025485457824096613,0.10034530553486327
0.027264250240807184,-0.007591416420199851,-0.044144900009530266,-0.022225116514108526,0.024685835095015225,0.004817940272053654,0.8531734606617524,linear,5.8015077842462635,1.4372719633528606,nominal,139.85573018196988,11.718287175314213,59.95816075382004,0.8997735683571714,0.20654235180193162,17.4,0.23654764278985013,8.071437822474904,0.8108407328596088,-0.07998506233479943,0.025262278000826477,0.10012212571159332
0.02994869764375739,-0.004551013551328545,-0.04485694125259583,-0.022448669930690973,0.019512495059930697,-0.00021931470791230687,0.7738816715046557,linear,5.537223470765394,1.3418588587982172,nominal,140.43187505663496,11.768032703675098,60.07849964842003,0.8583961636673034,0.19014687829871454,17.5,0.21642123218620551,8.027434595824891,0.8145244392459183,-0.008047214371732926,0.026261651677474962,0.10112149938824196
0.02994869764375739,-0.004631248829704282,-0.04485694125259583,-0.022675346332963087,0.019512495059930697,-0.0004549450345274139,0.7914478515104001,linear,5.603136782555227,1.3631662035465542,nominal,141.23454908454818,11.849716952092644,60.07758463181962,0.8677075265065486,0.19403340582261075,17.6,0.2209408429833969,8.026045962439094,0.8191605291049615,-0.010253117636537521,0.026850737120455825,0.10171058483122276
0.02994869764375739,-0.004830994730716055,-0.04485694125259583,-0.022415694896275134,0.019512495059930697,-0.00015015460703552558,0.8098797212982334,linear,5.6688202277609046,1.3850326902450674,nominal,142.03723512002887,11.931973287679098,60.076596966501285,0.8774034277901968,0.19788818514777742,17.7,0.2278527175761214,8.02767474717477,0.825966182624147,-0.009500188730071427,0.027669207791769068,0.10252905550253615
0.02994869764375739,-0.00460859033466255,-0.04485694125259583,-0.022709875000164605,0.019512495059930697,-0.00010340345761982936,0.8292128975392862,linear,5.731869871578161,1.4071508685718084,nominal,142.83985689415087,12.014491296457264,60.07571300595034,0.887491322546591,0.20171306989043525,17.8,0.22590408248558053,8.024760735265243,0.8243939929391495,-0.008179022288846465,0.02751231100324114,0.1023721587140078
0.02994869764375739,-0.0046618442132746185,-0.04485694125259583,-0.022798706143969328,0.019512495059930697,0.00032484685485070774,0.849483526629613,linear,5.790180310049322,1.4293295201857747,nominal,143.6422163949141,12.097154424473892,60.07456142081869,0.8979781188562996,0.20550976206922442,17.9,0.23044412740496342,8.02242927999934,0.8288685673934654,-0.014852680344268428,0.028093752976478203,0.10295360068724492
0.027053258953348865,-0.007703885959289222,-0.038621435233204535,-0.016905615933240536,0.018421077435783015,-0.0009110991444834515,0.7709621952165424,linear,4.6131378975339725,1.2277204141347906,nominal,144.55995317296922,11.89209269731531,59.96708496034553,0.8568920477068436,0.18934082107714537,18.0,0.15499300672767177,8.061734607207422,0.7421352353511088,0.0030406050572828677,0.01693794548573546,0.09179779319650237
0.027053258953348865,-0.007353759691037003,-0.038621435233204535,-0.016890140653352356,0.018421077435783015,-0.000735717613261206,0.7884367290680493,linear,4.642811185720228,1.2433952535971222,nominal,145.36625129001715,11.96649871335069,59.96756806242415,0.8661784483435373,0.1931907928087774,18.1,0.15962672191986108,8.064227733751215,0.7459850853564818,0.006621436515167379,0.01738309309339714,0.0922429408041641
0.027053258953348865,-0.007604596938817976,-0.038621435233204535,-0.01697332234981386,0.018421077435783015,-0.0003950026793346287,0.806766605758037,linear,4.670368515631062,1.2592956138676297,nominal,146.17261989316162,12.041122814832278,59.9681325381577,0.8758450765229809,0.19700860494238115,18.2,0.1595943355448917,8.063144329138476,0.7464969442752957,0.004668078155752524,0.01745835929511408,0.09231820700588113
0.027053258953348865,-0.007323538875946296,-0.038621435233204535,-0.0167697265806531,0.018421077435783015,-0.00027044340471207157,0.8259868100601162,linear,4.695769720448128,1.2754106624798702,nominal,146.9788645466335,12.116047008511078,59.9686090925414,0.8858992232647138,0.20079612549037265,18.3,0.16412368040084832,8.061748740298858,0.7519869293006763,0.0048630095183081305,0.018149410193229798,0.09300925790399674
0.027053258953348865,-0.007577388192174798,-0.038621435233204535,-0.0168236230517109,0.018421077435783015,7.772017174920848e-06,0.8461328363157525,linear,4.718536858278407,1.2916790227010162,nominal,147.78497469170514,12.191205932093757,59.968948274405534,0.8963476403442552,0.20455507008600587,18.4,0.16284126285594636,8.060454161134265,0.7511915423529449,0.001920627764399036,0.01806643513773487,0.09292628284850159
0.025235595181557664,-0.00947602922271299,-0.03611607334139652,-0.014526614686416195,0.016308233591936627,-0.002182343970177216,0.7683231168514568,linear,4.117303543165048,1.1567685118367061,nominal,148.65417593938218,12.053054074811431,60.04307157758432,0.8555336919488912,0.18859431001146046,18.5,0.14402713628456976,8.088775809319243,0.7104450726303231,0.02577901467725504,0.01274631684055727,0.08760616455132424
0.025235595181557664,-0.009242452168399452,-0.03611607334139652,-0.01421554584267833,0.016308233591936627,-0.0024282131474395972,0.7857102134665684,linear,4.142537220939467,1.1710951304164192,nominal,149.46318080264302,12.124142918151495,60.04564494352139,0.8647949783529192,0.19241044373704008,18.6,0.14626778752070135,8.091321455897235,0.7113317941709271,0.025688304064158785,0.01282764518371593,0.08768749289448263
0.025235595181557664,-0.008930110063807353,-0.03611607334139652,-0.013800169213478125,0.016308233591936627,-0.0025253189714510536,0.8039430467588157,linear,4.166306572584175,1.1856759525558855,nominal,150.27226374152247,12.195473086115793,60.048385788897306,0.874432497643944,0.19619403354824924,18.7,0.14932126758703973,8.090337321692258,0.715271565115082,0.029128603454149953,0.013321473298594455,0.08818132100936142
0.025235595181557664,-0.008895678394572157,-0.03611607334139652,-0.01404306254433308,0.016308233591936627,-0.0024361185221752728,0.8230560198601766,linear,4.188295185838773,1.2004606912578792,nominal,151.08150184245963,12.26692406559665,60.051400376707115,0.8844533920709892,0.1999469606951797,18.8,0.15108202599929763,8.09442469705073,0.713748024502012,0.031163152741979696,0.013090409675290182,0.08795025738605725
0.025235595181557664,-0.00876904966762241,-0.03611607334139652,-0.01398786208604244,0.016308233591936627,-0.0026845664749106553,0.8430840269531374,linear,4.209119717519613,1.2155462895468025,nominal,151.89090792425566,12.338603890866933,60.05467441245368,0.894864271661949,0.20367095333652527,18.9,0.15595021578438417,8.09369693887027,0.7198484809036982,0.03431756218924569,0.013846140661201378,0.08870598837196837
0.02517549135862623,-0.008893956516728242,-0.040008644476174506,-0.017827828589632694,0.018551649532803874,-0.00025940030488751445,0.7659329030536768,linear,6.100674052756422,1.4023609157582362,nominal,152.70002345022377,12.612666335432646,60.07761228054543,0.8543048688972319,0.18790189301323731,19.0,0.20183120888127715,8.093327017538748,0.7789451557549256,-0.002129767040172703,0.02108997207075003,0.09594981978151684
0.02517549135862623,-0.009283198881666812,-0.040008644476174506,-0.018003165857764274,0.018551649532803874,-0.00019254807267038432,0.7832365378531624,linear,6.1574607802905215,1.422637376472052,nominal,153.50910381905655,12.69090500927953,60.07708266254671,0.8635410374114117,0.19168663731565308,19.1,0.20590580914240256,8.08828035911697,0.785828321182741,-0.00846259293422125,0.02199258839642848,0.09685243610719527
0.02517549135862623,-0.009375295521474935,-0.040008644476174506,-0.01822692144903157,0.018551649532803874,0.00015585135968715358,0.8013769750158524,linear,6.2075167643679885,1.442788357948641,nominal,154.31804853748324,12.769105228250483,60.076030733310155,0.873149731561637,0.1954384779297342,19.2,0.20028919591673394,8.090614009417187,0.7781760582363424,-0.01257599179680126,0.0210277612486518,0.09588760895941853
0.02517549135862623,-0.00957963112921521,-0.040008644476174506,-0.018580822139488574,0.018551649532803874,-0.00022583822028783562,0.8203880810274015,linear,6.247148219799839,1.4623337654922128,nominal,155.126879403484,12.846683786170589,60.07468976062348,0.8831379582516625,0.19915930831443426,19.3,0.19407551726892375,8.086003310597777,0.7733951001657172,-0.014243461936747064,0.020496231681962573,0.09535607939272951
0.02517549135862623,-0.009588210633663937,-0.040008644476174506,-0.018534018833688933,0.018551649532803874,-0.0004748431707102471,0.8403041963645429,linear,6.285241397331756,1.4822919361221727,nominal,155.93539952281466,12.92491910620109,60.073210765986055,0.8935121985773783,0.20285086818586817,19.4,0.2096626428817418,8.084399076016311,0.7913113004443486,-0.015336430811696018,0.022710621569282274,0.09757046928004903
0.026896684396555653,-0.008104420397936518,-0.036917934214296656,-0.01541900838031766,0.022386434434529534,0.0034418534762022494,0.7637637993946581,linear,4.82570029676921,1.2501286482105611,nominal,156.66296720723625,12.759330119910762,59.966596164051495,0.8531912322150208,0.18725867643499924,19.5,0.16668899592701797,8.053575198239583,0.7407862399535368,-0.07137334331872032,0.016864332388661918,0.09172418009942881
0.026896684396555653,-0.008547609064854682,-0.036917934214296656,-0.015293525127772847,0.022386434434529534,0.0033932928960478323,0.7809877302902425,linear,4.854230112650699,1.265062568664256,nominal,157.46818787266403,12.833432591030132,59.959370675927744,0.8624024034448479,0.19101424307341,19.6,0.16699920951555713,8.050838110315832,0.7412631824338115,-0.0731364191563133,0.0169540853354202,0.09181393304618696
0.026896684396555653,-0.008159046833307537,-0.036917934214296656,-0.015136164703391023,0.022386434434529534,0.003779132393454735,0.7990401397458697,linear,4.8800944323894235,1.2800901713493178,nominal,158.27315515294657,12.907752799383406,59.952179143877444,0.8719826545528526,0.1947365685713534,19.7,0.1685721077950539,8.04850749533489,0.7451409846317092,-0.07069422184974397,0.017458253163185944,0.09231810087395281
0.026896684396555653,-0.008235730376226477,-0.036917934214296656,-0.01529602014265546,0.022386434434529534,0.0037980049058441746,0.8179543979977503,linear,4.905381943898003,1.295499455287887,nominal,159.07813498004606,12.982461428167337,59.944949233497404,0.8819388689617692,0.19842755767861706,19.8,0.1740181166659081,8.051089046654697,0.7490315910468852,-0.07390398575109287,0.017907933843751778,0.09276778155451884
0.026896684396555653,-0.00827926527620667,-0.036917934214296656,-0.015186126367205975,0.022386434434529534,0.0038648683704464587,0.8377643335148545,linear,4.927296383300494,1.3109181117778974,nominal,159.88315286912737,13.05709711068952,59.937530019372055,0.8922774101533646,0.2020889608043299,19.9,0.16917227031374518,8.049268734972134,0.7436820593968063,-0.0744802967558875,0.01726985957096705,0.09212970728173374
0.02925348639165588,-0.005577762576395567,-0.03789487647518159,-0.015967011975490403,0.023624462329990416,0.005246077774477994,0.7617913528920891,linear,4.61233662307666,1.2214558007116674,nominal,160.45231071118252,13.1344140771713,59.978228570155856,0.8521800932113069,0.18666026506149247,20.0,0.1936078872665452,8.014556256464502,0.7704331337567755,-0.09069000125372143,0.020974910180878048,0.09583475789164503
0.02925348639165588,-0.005852440062768225,-0.03789487647518159,-0.015894908012469514,0.023624462329990416,0.005582859320952222,0.7789391348610913,linear,4.656591685141572,1.2382895803256873,nominal,161.25371344216884,13.211758076666053,59.9690398647755,0.8613664911742919,0.19038865688257,20.1,0.19995086823374703,8.01349836326146,0.7764468561382639,-0.09308410635341412,0.02173100706956088,0.0965908547803278
0.02925348639165588,-0.005703622378902391,-0.03789487647518159,-0.01598416554052192,0.023624462329990416,0.005410909972965509,0.7969076274149294,linear,4.702557388388196,1.2557481400712511,nominal,162.05528998964473,13.289624787658658,59.96009670795167,0.8709187614603068,0.19408349048217327,20.2,0.20100610569666533,8.018032586256536,0.7808873637138749,-0.08577903012324102,0.022225364198637187,0.09708521190940421
0.02925348639165588,-0.005481902104388512,-0.03789487647518159,-0.01634216459322751,0.023624462329990416,0.005453020159711379,0.815729740905601,linear,4.748926468305944,1.2737144601323285,nominal,162.85737491661604,13.367770347470307,59.951437532279634,0.880843674527188,0.19774668107811927,20.3,0.20330345950907336,8.023665953169395,0.782023832519077,-0.08740448331755304,0.022297937014700953,0.09715778472546761
0.02925348639165588,-0.005748627693517704,-0.03789487647518159,-0.016264401090436274,0.023624462329990416,0.0054772317482669405,0.8354388293248438,linear,4.794850919454458,1.2920774751366597,nominal,163.66009181486902,13.446024682462953,59.942692156414964,0.8911474862684972,0.20137998899729723,20.4,0.20520615649847918,8.030672011890475,0.7830628673338965,-0.08750303397574889,0.022341873369557952,0.09720172108032483
0.02732931620569384,-0.00772843382899777,-0.03474631281757673,-0.01314845807254771,0.021485485247832205,0.0031472694906317933,0.7599940002385972,linear,5.290490405713823,1.3011671254531423,nominal,164.544610413791,13.479504860159949,60.07213647073204,0.8512602253880375,0.18610270869952916,20.5,0.15723022493359337,8.06365143638226,0.7337650419068913,-0.05269489389676249,0.015886852453480316,0.09074670016424714
0.02732931620569384,-0.007529926053893108,-0.03474631281757673,-0.013189039313053291,0.021485485247832205,0.0029276685848315387,0.7770689986595878,linear,5.299235518017555,1.3156528018237708,nominal,165.35098325859232,13.552853603683149,60.06678341020106,0.8604221595037503,0.1898057437721195,20.6,0.15739025223515746,8.063805459644486,0.7332098285570577,-0.054366316722779584,0.015816841114720592,0.09067668882548746
0.02732931620569384,-0.007058840520580294,-0.03474631281757673,-0.013407887615475407,0.021485485247832205,0.003367381254012331,0.7949574466763542,linear,5.304939244103453,1.3301072386976265,nominal,166.15727043623113,13.626183734430896,60.06128397941696,0.8699469756449332,0.19347492219144383,20.7,0.1572380456038724,8.061938093131884,0.7333927863979273,-0.05562229895921654,0.01586023715912921,0.09072008486989604
0.02732931620569384,-0.007046621369848991,-0.03474631281757673,-0.013368696740713028,0.021485485247832205,0.003593264817107672,0.8136918275770918,linear,5.3088107553221,1.3446834751611125,nominal,166.9634632608265,13.69966531601522,60.05567152755127,0.8798413406529008,0.19711216890287372,20.8,0.16000468296017936,8.061918398775667,0.7362388452885403,-0.05662673835468672,0.016210573921334515,0.09107042163210131
0.02732931620569384,-0.006782356917181407,-0.03474631281757673,-0.013577521255941222,0.021485485247832205,0.0036801568782624285,0.8333050547439257,linear,5.311823331235451,1.3594790890353454,nominal,167.76972295368918,13.773316284598788,60.05030001697584,0.8901114117410279,0.20071925345296782,20.9,0.15903989728273318,8.063275458478225,0.7367805263828449,-0.050803473153954753,0.016261954178020233,0.09112180188878723
0.03140072697684112,-0.0024958313850943284,-0.03245293241522244,-0.011065879759318893,0.02185698100158584,0.0037177939204876553,0.7583527114404982,linear,4.307784041328845,1.1782053885283439,nominal,168.40432309404204,13.706539418895986,60.01616439330904,0.8504216930967958,0.18558245460673817,21.0,0.11439693008334488,7.998203010295907,0.6949620983283545,-0.06376227977082533,0.011812249518254436,0.0866720972290215
0.03140072697684112,-0.002240943679282216,-0.03245293241522244,-0.011239702354705311,0.02185698100158584,0.003292113622579161,0.775358114333109,linear,4.28736057055525,1.186668584260178,nominal,169.20386902912009,13.775787521678273,60.00950487532485,0.8595595426519149,0.1892617871524107,21.1,0.11390044666840504,7.992715691264751,0.68999995731737,-0.06942807991283739,0.011255248075528357,0.08611509578629518
0.03140072697684112,-0.0019259107115525767,-0.03245293241522244,-0.011231325127165188,0.02185698100158584,0.0035133422569228155,0.7931701691156536,linear,4.262394962109445,1.1947168401464132,nominal,170.00307374418867,13.84466557186648,60.00269004342713,0.8690574823453229,0.19290698173536144,21.2,0.11051094639487707,7.9913786101072555,0.6875610464468044,-0.06686855804149838,0.010966643057328529,0.08582649076809559
0.03140072697684112,-0.0018364678643898041,-0.03245293241522244,-0.0114606523401528,0.02185698100158584,0.003463930847053494,0.8118209617076674,linear,4.237103273805517,1.2029394641347164,nominal,170.80202090367536,13.913767137871297,59.996175805425096,0.8789220837357667,0.1965199723596307,21.3,0.11445910605670495,7.987564579626126,0.6944702736495127,-0.06341620199926226,0.011865995942233809,0.08672584365300069
0.03140072697684112,-0.0016008437824266628,-0.03245293241522244,-0.011286482500016595,0.02185698100158584,0.0036737059269291474,0.8313429955209196,linear,4.214989071722644,1.2118636341123847,nominal,171.60118552365805,13.983485335028483,59.98975637435511,0.8891594132942817,0.2001025371605097,21.4,0.11924098292737187,7.995727820028224,0.699893669494237,-0.06497241940047079,0.012451064479964469,0.08731091219073121
0.031153272885177552,-0.0014906042938407152,-0.031457246713641675,-0.010344812433047162,0.02260684199286034,0.004884256016948276,0.7568506804391779,linear,3.9763084331301495,1.1138777176615569,nominal,172.39666683943244,13.934815642173382,59.88803761742821,0.8496557010097462,0.18509630509967398,21.5,0.11008996884196265,8.00468075842629,0.6796283459712452,-0.07587633529673596,0.00984088205655187,0.08470072976731878
0.031153272885177552,-0.002016385971480801,-0.031457246713641675,-0.010225344958270936,0.02260684199286034,0.004921643088768916,0.7737895097271912,linear,3.9718415023675315,1.1222210567958082,nominal,173.19689446501334,14.00287479981144,59.880555302017235,0.8587699017788069,0.18875344369506594,21.6,0.10996914050231063,7.9998717531913055,0.6815548067899295,-0.07376997292279737,0.010130636299997331,0.08499048401076408
0.031153272885177552,-0.0016892986778196048,-0.031457246713641675,-0.0102877794530385,0.02260684199286034,0.004720344256906796,0.7915286173100154,linear,3.9647567652026545,1.130553621604,nominal,173.9970087277439,14.070904150562454,59.872972334714085,0.8682415822387372,0.19237617878086266,21.7,0.11098950119292013,8.002413501420047,0.6790322082303784,-0.07788937314023499,0.009790803204042131,0.08465065091480899
0.031153272885177552,-0.0015531423938417444,-0.031457246713641675,-0.010215706275564486,0.02260684199286034,0.004974138021288738,0.8100997186710698,linear,3.955926708267573,1.1389666584218745,nominal,174.79742453190963,14.138828848552992,59.86516580587497,0.8780772261159692,0.19596645281346398,21.8,0.11167227222806198,8.0059025818946,0.6794617515803532,-0.07824120364193124,0.009807357053833066,0.08466720476460012
0.031153272885177552,-0.0017401184327192273,-0.031457246713641675,-0.010307279917089296,0.02260684199286034,0.005193343103693061,0.8295349350380808,linear,3.9433421906252804,1.1472432352437336,nominal,175.59800306116426,14.206500002884038,59.857387420032325,0.8882828162326317,0.19952605194470766,21.9,0.1071531380157894,8.005668003198581,0.6739613350406134,-0.07732651321107023,0.00912763520508264,0.08398748291584952
0.029404304728454823,-0.003320944926611835,-0.03132638798856877,-0.010143014623464026,0.023303003561735668,0.005380267134102074,0.7554730557748347,linear,3.598330267837552,1.0407241024254175,nominal,176.45975088500293,14.121014746735124,59.84680855962229,0.8489544616376152,0.18464137976500056,22.0,0.12597576592963278,8.041031915407627,0.670668400834678,-0.09587623607030167,0.00835331372802095,0.0832131614387876
