altitude_m,ax,ay,az,bax_true,bay_true,baz_true,bias_true_m,gx,gy,gz,is_dropout,is_outlier,kind,latency_s,measurement_time_s,sensor,time_s,valid,vx,vy,vz,x,y,z
,0.05661735886960225,-0.00817007236851405,0.048270002856552835,0.035,-0.025,0.02,,-0.00025889973632469993,0.0029358384945057125,0.0033521179786717187,0.0,0.0,inertial,,0.0,imu,0.0,1.0,,,,,,
,,,,,,,,,,,0.0,0.0,position_velocity,0.0,0.0,gps,0.0,1.0,7.886711730147842,0.5788374107944605,-0.3489052198635896,1.6875969873446452,2.7555837115431476,59.777524561170566
59.47950466975824,,,,,,,0.0,,,,0.0,0.0,altitude,,0.0,barometer,0.0,1.0,,,,,,
,-0.006251061696504821,-0.010987140498728912,0.08595071954918754,0.03497615465360861,-0.025293979224586465,0.02008696681418724,,0.0010352511477894342,-0.0009466125662600728,-0.0006790141063700778,0.0,0.0,inertial,,0.1,imu,0.1,1.0,,,,,,
,0.0236440108671023,-0.0831398486923314,0.04768249123239484,0.03515997616465618,-0.025358868149074062,0.020277081822413705,,-0.0010542320419399502,-0.00035933758327973044,0.0003765046227516396,0.0,0.0,inertial,,0.2,imu,0.2,1.0,,,,,,
,0.019262631617392164,-0.014006685456118077,0.10716956104927575,0.03523854242271552,-0.025429503857936887,0.02072732570101502,,-0.0018052733185964411,0.004864246176429248,-0.0009270222670384081,0.0,0.0,inertial,,0.3,imu,0.3,1.0,,,,,,
,0.0543333715716003,-0.06341362044647808,0.009594921476264182,0.034765514280496804,-0.025329817218668737,0.020796587210811537,,-0.0010203082884320755,0.002336668853313558,-0.002668859725599419,0.0,0.0,inertial,,0.4,imu,0.4,1.0,,,,,,
,0.07212376725979061,0.012159316246147044,0.04204969464438357,0.03485095760635006,-0.025239104663675634,0.020541051316243102,,0.000781947099598687,-0.0008764385067552203,0.00460463907361785,0.0,0.0,inertial,,0.5,imu,0.5,1.0,,,,,,
,,,,,,,,,,,0.0,0.0,position_velocity,0.0,0.5,gps,0.5,1.0,8.12024052387849,0.717522448521931,0.3578785560335391,7.2007109674694325,-0.1319313381583881,62.387850928716674
59.875434890577246,,,,,,,-0.003641942626843676,,,,0.0,0.0,altitude,,0.5,barometer,0.5,1.0,,,,,,
,0.030949848803885578,0.013603404045221548,0.0429516676330641,0.034797513782963065,-0.02521558515809457,0.02101684202886944,,-0.0009792263735450674,0.001614816115131192,0.0022517846830499236,0.0,0.0,inertial,,0.6,imu,0.6,1.0,,,,,,
,0.10744509030509808,-0.09327921442980883,0.02094553298459115,0.03474514891901989,-0.02525169039340428,0.020907686483895908,,-0.0005131268616075639,-0.002588627829905733,0.0012687595751613746,0.0,0.0,inertial,,0.7,imu,0.7,1.0,,,,,,
,-0.016182674809006148,-0.041725846780479595,-0.03960183425482217,0.03480288499491033,-0.025515313289438245,0.020991956870361914,,0.0012746637442311746,0.00016306746609844755,-9.394174437822307e-05,0.0,0.0,inertial,,0.8,imu,0.8,1.0,,,,,,
,0.02766098142588108,-0.05477785792558971,-0.010223049771174626,0.034661923748973505,-0.02563764523684572,0.020882376105741576,,0.0009441233452091071,-0.0010804473073826423,-3.0315880187887145e-05,0.0,0.0,inertial,,0.9,imu,0.9,1.0,,,,,,
,0.10986080349521658,-0.0218655138515817,0.08726611774048557,0.03461460633887707,-0.025944865643196677,0.02106348123124072,,-0.00015101651329692555,-0.0012165911800848942,0.0032299635867518686,0.0,0.0,inertial,,1.0,imu,1.0,1.0,,,,,,
,,,,,,,,,,,0.0,0.0,position_velocity,0.0,1.0,gps,1.0,1.0,8.014929281115892,0.5188472236407902,-0.11444531052122506,8.279234819480058,-0.9025831603140975,60.97447578980595
60.081756059552525,,,,,,,-0.001481566055916561,,,,0.0,0.0,altitude,,1.0,barometer,1.0,1.0,,,,,,
,0.031241815187638244,0.002442053150992208,0.030556543543213466,0.034586664709299796,-0.025679108130088696,0.020926519734382663,,0.0001372091915707009,-0.0044591693639670455,0.0022175797129840615,0.0,0.0,inertial,,1.1,imu,1.1,1.0,,,,,,
,0.05544888671573735,-0.1002306068955331,0.06182241591734215,0.03473703993993326,-0.025802601287095762,0.0212949891047342,,0.0025677950015545905,0.0012137628331222654,-0.0019039083170739597,0.0,0.0,inertial,,1.2,imu,1.2,1.0,,,,,,
,0.04582925044758349,-0.023769678248124884,-0.04639961951603502,0.03490432004884596,-0.02564080186455507,0.021055946704369912,,0.0014679603305703859,-0.0005522769417645069,0.0005386505647012285,0.0,0.0,inertial,,1.3,imu,1.3,1.0,,,,,,
,0.0372710674675809,-0.02624672447090784,0.01996648731478233,0.034860396323595055,-0.02559526497275471,0.021091612792243204,,-0.002225512781291391,0.0024122371147760747,-0.002376445685479227,0.0,0.0,inertial,,1.4,imu,1.4,1.0,,,,,,
,0.05417618587242723,-0.00013809960160529253,0.01966593736812575,0.034907641243836496,-0.02557117542583193,0.021019358720197744,,0.0008878271766981021,-0.0006924496813498639,-0.0020752473372344727,0.0,0.0,inertial,,1.5,imu,1.5,1.0,,,,,,
,,,,,,,,,,,0.0,0.0,position_velocity,0.0,1.5,gps,1.5,1.0,7.782297710446855,0.4474160113418615,0.3915764975022512,11.680984355664371,1.1432573983805288,60.517488328904676
59.73877254609399,,,,,,,-0.0010560385415708004,,,,0.0,0.0,altitude,,1.5,barometer,1.5,1.0,,,,,,
,0.08538765792160255,-0.0803731688692518,-0.08824133524381986,0.03475918836267938,-0.025416186747808617,0.0212307550454506,,0.0020388701554181084,-0.0019487468612320285,-0.00029747108305447573,0.0,0.0,inertial,,1.6,imu,1.6,1.0,,,,,,
,0.0010364857527830826,-0.05858898861819107,0.034136354243933284,0.034908203160159225,-0.025192636483333475,0.021385962303748604,,0.0002014317170869614,0.006034383279978052,0.0019276109188367534,0.0,0.0,inertial,,1.7,imu,1.7,1.0,,,,,,
,0.050844708691267414,-0.06513270249480399,0.002202202473166562,0.03449512889741206,-0.025343055464789807,0.021260840858332887,,-0.0004698504139823756,0.002577843908367128,0.004436498141943958,0.0,0.0,inertial,,1.8,imu,1.8,1.0,,,,,,
,0.028086142709925262,-0.005806567620725605,-0.030902969531703482,0.034453663808114036,-0.025512804290736532,0.021738666939074558,,-0.0008618511631132953,-0.0010523744236548283,0.00201856149506282,0.0,0.0,inertial,,1.9,imu,1.9,1.0,,,,,,
,0.039927708512993744,-0.0011384665023383804,-0.000846947077213351,0.03401785540261321,-0.025604752053627344,0.021461161094284455,,-0.0006585810912163162,0.002491478471979039,0.0009727243442672274,0.0,0.0,inertial,,2.0,imu,2.0,1.0,,,,,,
,,,,,,,,,,,0.0,0.0,position_velocity,0.0,2.0,gps,2.0,1.0,8.397138539121624,0.563459109056859,-0.11744899057893465,16.910251292609892,0.03619507864078653,61.98936903428529
59.91602981026884,,,,,,,-0.004651060284404635,,,,0.0,0.0,altitude,,2.0,barometer,2.0,1.0,,,,,,
,0.04331425802489823,-0.04318392243594855,0.06251341108910102,0.03387742846031183,-0.025456526794461923,0.021324438472903093,,0.0016898929748471409,0.0016984124987997047,-0.0016904889252276458,0.0,0.0,inertial,,2.1,imu,2.1,1.0,,,,,,
,0.04083582832020707,-0.06280256253647132,0.12192157873104002,0.03366782288894597,-0.025199799226619326,0.021682383330291124,,-0.00025280017988693805,-1.3005290864100144e-05,0.0025286474313290655,0.0,0.0,inertial,,2.2,imu,2.2,1.0,,,,,,
,0.04018142575742144,0.02482133171741816,0.011821397195209119,0.03388106080032927,-0.025176660295115796,0.021533879397362888,,-0.0020088047761351448,0.002570253525247468,0.001383607556804494,0.0,0.0,inertial,,2.3,imu,2.3,1.0,,,,,,
,0.07472962173741929,-0.13495232762867296,0.030529993467974192,0.033984674738378004,-0.02512597099328948,0.02104836138303372,,0.0008363583021898007,1.2646070793676841e-05,0.0047730655413373395,0.0,0.0,inertial,,2.4,imu,2.4,1.0,,,,,,
,0.15337996466567294,0.0038140336051641806,0.06449905456775941,0.033731901525547156,-0.02495909147299542,0.02083752484781347,,-0.0047114280269826845,-0.000943747151041802,0.001158562651390442,0.0,0.0,inertial,,2.5,imu,2.5,1.0,,,,,,
,,,,,,,,,,,0.0,0.0,position_velocity,0.0,2.5,gps,2.5,1.0,8.16999318919184,0.5272425033710321,0.0047955500930436,20.846266695606907,0.12597824061384477,61.791191802676536
60.27094766008834,,,,,,,-0.003671130935967825,,,,0.0,0.0,altitude,,2.5,barometer,2.5,1.0,,,,,,
,0.06567075518410787,-0.027718094175230863,-0.007762253358120412,0.03379247385757578,-0.02466273146961927,0.02090835855687506,,-0.0015201223640259102,-0.001510187873246038,0.00023013783204321432,0.0,0.0,inertial,,2.6,imu,2.6,1.0,,,,,,
,0.054808934877262815,-0.02169320351289306,-0.03070725120075312,0.03378240227586548,-0.024604812026325175,0.02103232810039512,,0.0009031780748617717,-0.0033046569678362703,-0.001077888186740253,0.0,0.0,inertial,,2.7,imu,2.7,1.0,,,,,,
,0.01077347771555142,0.006079078010480837,-0.08351284003575435,0.03386917499764776,-0.024737790831965877,0.02112773816084851,,0.0006287094922531562,-0.0031078519715021977,0.002272803828459483,0.0,0.0,inertial,,2.8,imu,2.8,1.0,,,,,,
,0.028759820274183327,-0.07129680614877207,0.06307492513252291,0.03368994339781186,-0.0247097036533328,0.02116207094488526,,0.0021852054742997956,-0.0033016064723237156,-0.0016712512688732842,0.0,0.0,inertial,,2.9,imu,2.9,1.0,,,,,,
,0.07175423097058836,-0.004732658886375259,0.020605964724605904,0.03389210563695553,-0.02508011351445372,0.02117102860482951,,0.0008381388520763774,0.0015279854788314373,0.0021113164163038766,0.0,0.0,inertial,,3.0,imu,3.0,1.0,,,,,,
,,,,,,,,,,,0.0,0.0,position_velocity,0.0,3.0,gps,3.0,1.0,8.24045334411745,0.9398655317804114,-0.023955565046143785,26.352545666039884,-0.027006216002999794,63.96998362747679
60.42343539442671,,,,,,,-0.0067741231733201845,,,,0.0,0.0,altitude,,3.0,barometer,3.0,1.0,,,,,,
,0.03495019083977026,-0.057724250879478106,0.025715037001528326,0.03420212047717049,-0.02558203088552106,0.021072885874393963,,2.75726803672824e-05,-0.0004031055638389548,9.689410648368833e-05,0.0,0.0,inertial,,3.1,imu,3.1,1.0,,,,,,
,-0.008545743739597537,-0.020337766912140686,-0.006204581042801617,0.034387144919650926,-0.025436702440285463,0.02056733829268155,,0.001964330913940531,0.00035601981128855495,0.004243733888418914,0.0,0.0,inertial,,3.2,imu,3.2,1.0,,,,,,
,-0.017084863296892287,-0.04276918533132543,0.07526570159103055,0.03428014484300529,-0.02562214334520707,0.02099533517946487,,-0.002705762191335902,-0.0009032885131308352,-0.0007184476114814693,0.0,0.0,inertial,,3.3,imu,3.3,1.0,,,,,,
,0.055577397523047675,-0.04326895341394696,-0.02931936289503378,0.03410055896838692,-0.025582293646452647,0.02092384483960787,,-0.0015994166025641364,-0.0021938742523284335,0.0019092083211972991,0.0,0.0,inertial,,3.4,imu,3.4,1.0,,,,,,
,0.024782449641761926,-0.05564431311967895,0.03246440241873218,0.033844714398312284,-0.025781242986978887,0.020992467294550926,,-0.0025210376671275193,0.004077651600182012,0.00025459083646194524,0.0,0.0,inertial,,3.5,imu,3.5,1.0,,,,,,
,,,,,,,,,,,0.0,0.0,position_velocity,0.0,3.5,gps,3.5,1.0,8.015794148215122,1.0155580823776722,-0.057899924219518666,28.611638315635634,2.0967883318183276,60.17741178079507
59.29621242042095,,,,,,,-0.005078998855034307,,,,0.0,0.0,altitude,,3.5,barometer,3.5,1.0,,,,,,
,-0.0037348222990084834,-0.12627717324477072,0.0033338319205636208,0.03407307928668509,-0.02576787807010153,0.02085392494250359,,0.0029123635609667503,0.0022255021272360696,4.372071185245114e-05,0.0,0.0,inertial,,3.6,imu,3.6,1.0,,,,,,
,-0.04504199844023968,0.009740259530652398,0.030471043505964857,0.03413100558921599,-0.02567492412616868,0.020586013325234787,,-0.0008003080794844574,-0.0010126965391244846,0.002968104985096008,0.0,0.0,inertial,,3.7,imu,3.7,1.0,,,,,,
,0.04980886313371291,-0.048253426446759326,0.012939659179328343,0.0337906779434706,-0.025372341072048804,0.020448886911777056,,-0.0036972472232466055,-0.0009718284456922348,-0.0003066434425861447,0.0,0.0,inertial,,3.8,imu,3.8,1.0,,,,,,
,0.09574288124224552,-0.027833945605881278,0.002704318902651777,0.033605896909991974,-0.025317066783185828,0.020704616334510432,,-0.00153388217276318,0.00155938160174021,0.0009603745802076325,0.0,0.0,inertial,,3.9,imu,3.9,1.0,,,,,,
,0.03446547489388654,0.006624658015945823,-0.0728587992086809,0.03353033876888986,-0.0255241452623643,0.020501235083862243,,0.001800917474595027,0.0010047264662066476,6.507777045940794e-05,0.0,0.0,inertial,,4.0,imu,4.0,1.0,,,,,,
,,,,,,,,,,,0.0,0.0,position_velocity,0.0,4.0,gps,4.0,1.0,7.6891540165983,0.16630702161363564,-0.003286246591976139,30.694526001521503,2.8718351194527165,57.49404660508778
59.40092919874831,,,,,,,-0.007298686485360862,,,,0.0,0.0,altitude,,4.0,barometer,4.0,1.0,,,,,,
,-0.025345096221462228,0.02930898529118476,0.03311539573806988,0.033531665842639495,-0.02543308496754801,0.020496691534484638,,-4.070294769559148e-06,-0.0020877515096745657,0.0013398336289259368,0.0,0.0,inertial,,4.1,imu,4.1,1.0,,,,,,
,0.08108813135691299,-0.02145482142455176,0.05869722764975899,0.03369950300615302,-0.02583446587855785,0.0207229865716325,,-0.0024473269108779058,-0.0004114239290705472,-0.0003321121858447691,0.0,0.0,inertial,,4.2,imu,4.2,1.0,,,,,,
,0.08221615771905492,-0.02638832193053781,0.043242557601554224,0.03381419347114765,-0.026060388865620045,0.02056246904720034,,-0.0016962107305516525,-0.0009900530235009964,-0.0030314497352232706,0.0,0.0,inertial,,4.3,imu,4.3,1.0,,,,,,
,0.037632507720171036,-0.021367925469753753,0.06083156758813581,0.03400876312967895,-0.02628734148688785,0.02038147906848886,,0.00471982664142002,0.0002727879324365223,0.003447676348480457,0.0,0.0,inertial,,4.4,imu,4.4,1.0,,,,,,
,0.018161164829320585,-0.06478996854358442,-0.05353658325300465,0.033426093245526166,-0.026339053505633096,0.020189530758688075,,0.0013639210714622083,0.0007903889201357988,-0.0006223518188283998,0.0,0.0,inertial,,4.5,imu,4.5,1.0,,,,,,
,,,,,,,,,,,0.0,0.0,position_velocity,0.0,4.5,gps,4.5,1.0,7.897173504460306,0.45649949612479557,-0.14766807824782616,34.53463768777681,3.6605192498865247,62.392016832405375
59.773333917561324,,,,,,,-0.010919192667166969,,,,0.0,0.0,altitude,,4.5,barometer,4.5,1.0,,,,,,
,-0.0024018245346618602,0.03784542018020596,-0.002843928704931692,0.03342774289308041,-0.0264535087160059,0.020076441398893797,,0.0009463599445376873,-0.0004297168908349577,0.0005814156405352141,0.0,0.0,inertial,,4.6,imu,4.6,1.0,,,,,,
,0.06449100567983931,-0.08938758623078193,0.022510417210514624,0.03362193054270107,-0.025897070463418197,0.01979883238868092,,0.0016769381038238104,0.00205975514215746,0.00498506049229284,0.0,0.0,inertial,,4.7,imu,4.7,1.0,,,,,,
,-0.005909745639970182,-0.06667589301683782,0.07989230870009834,0.033742091702472665,-0.026224583754503605,0.01975803139254619,,0.0011382505142690303,-0.002656213584533457,0.0015366181021820521,0.0,0.0,inertial,,4.8,imu,4.8,1.0,,,,,,
,-0.022035384069528076,-0.11173518254499755,0.02247457141204214,0.033682997516627546,-0.025838311661654543,0.019869207821702862,,0.0032393586760189716,0.0022903582644489286,0.0014853672402448685,0.0,0.0,inertial,,4.9,imu,4.9,1.0,,,,,,
,-0.029006791927995768,-0.02144510761848759,0.017512643808117467,0.03373033751588539,-0.02621886835304816,0.020406341871186232,,0.0004325330552514334,0.0006233272482758425,7.729794258931578e-05,0.0,0.0,inertial,,5.0,imu,5.0,1.0,,,,,,
,,,,,,,,,,,0.0,0.0,position_velocity,0.0,5.0,gps,5.0,1.0,8.262458690561742,0.6986816440098322,-0.2309223370463029,40.22952289972842,5.297222417863161,60.586130002381346
60.64961561411179,,,,,,,-0.009865456424393439,,,,0.0,0.0,altitude,,5.0,barometer,5.0,1.0,,,,,,
,0.04059573791971018,-0.052208061397657886,0.1131551314396064,0.033645125407561184,-0.02624059372230859,0.020489624804629854,,0.0013031513228436767,-0.0010265792044046043,0.004038963343925285,0.0,0.0,inertial,,5.1,imu,5.1,1.0,,,,,,
,0.03809778203927764,-0.03831330044039907,0.07203227385761654,0.033641583541734583,-0.02622542588680323,0.020126508629034014,,-0.0007335716297171839,-0.00019333566309428834,0.0007181141583680746,0.0,0.0,inertial,,5.2,imu,5.2,1.0,,,,,,
,0.053416796245041004,0.010586155131677082,-0.003683454977364914,0.03327883842955401,-0.026424690577688353,0.020007135525866554,,0.0012324388439144203,0.0027527583153620374,0.0028377290592126944,0.0,0.0,inertial,,5.3,imu,5.3,1.0,,,,,,
,0.03268130646595838,-0.06051135373711787,0.009449093750258342,0.03304563771550004,-0.02638449407572348,0.019918490513401724,,-0.0009115548041162884,-0.002265457597915317,0.004933310152398241,0.0,0.0,inertial,,5.4,imu,5.4,1.0,,,,,,
,0.03130913622015564,-0.048669705937651395,0.025813075657833678,0.033279543294941344,-0.026211787828294357,0.019948145635206745,,-0.0012172157286355898,-0.0025257095885069455,0.0002644680520860175,0.0,0.0,inertial,,5.5,imu,5.5,1.0,,,,,,
,,,,,,,,,,,0.0,0.0,position_velocity,0.0,5.5,gps,5.5,1.0,7.910849886309794,0.7680302697946888,-0.24458440914754404,43.26084188080165,1.0689053036033584,59.15241893445862
60.56715114143353,,,,,,,-0.014067983172445238,,,,0.0,0.0,altitude,,5.5,barometer,5.5,1.0,,,,,,
,0.01502599451332555,0.026309102479134282,0.009689617516376536,0.033388429053546255,-0.026128026754092558,0.019798770932647914,,-0.0003378199048966983,-0.0005379340807322682,0.00011552185393358784,0.0,0.0,inertial,,5.6,imu,5.6,1.0,,,,,,
,0.01038978677912085,-0.06456760376285145,0.04540580312487648,0.033482153429692345,-0.02547005101625749,0.020055890052034342,,0.0005233965528371201,-0.001614589267375786,-0.00032021212121650846,0.0,0.0,inertial,,5.7,imu,5.7,1.0,,,,,,
,0.019366448907033665,0.019758077092593453,0.07458756199813862,0.03357026659784489,-0.025171996639288687,0.019987473495914496,,-0.000647307314606522,-0.0002154351810539034,-0.003052243106919165,0.0,0.0,inertial,,5.8,imu,5.8,1.0,,,,,,
,0.12174600770911434,0.020967300287053143,0.030518027584362027,0.03348655769561197,-0.025546257370166584,0.01957058234886156,,0.0011313369444289393,-0.00010145076611147646,-0.0012940111270664614,0.0,0.0,inertial,,5.9,imu,5.9,1.0,,,,,,
,-0.03631186546914444,0.0011842188982798957,-0.05966399481893775,0.03365070257176694,-0.02537036502789604,0.019625581541763745,,-0.0012517215447272049,-0.003885349644598269,0.003329209263818528,0.0,0.0,inertial,,6.0,imu,6.0,1.0,,,,,,
,,,,,,,,,,,0.0,0.0,position_velocity,0.0,6.0,gps,6.0,1.0,8.12204879122412,0.877532770120379,0.04698428205665003,46.85953586169576,6.408632644484776,61.54409850654535
59.686520490556994,,,,,,,-0.017876840999031342,,,,0.0,0.0,altitude,,6.0,barometer,6.0,1.0,,,,,,
,0.002428752719017043,0.009597708909612528,0.09662935797840562,0.033627282117862686,-0.025143856474298107,0.019719816091913766,,-0.002722828966564071,-0.001802969173764051,-0.0009791958520458896,0.0,0.0,inertial,,6.1,imu,6.1,1.0,,,,,,
,0.07564994054134663,-0.09145999289951712,0.07845839427097698,0.033646860121763364,-0.025165343834277838,0.019490152213099823,,-0.002330748990168002,-0.0007264352209793743,0.0028955816630870015,0.0,0.0,inertial,,6.2,imu,6.2,1.0,,,,,,
,0.07082369842257101,-0.06028737571555967,0.005413611718564571,0.03380962940665088,-0.02499606533348853,0.019228975539989722,,0.0011306625873699556,-0.0023979113838868316,-0.0017081163580742976,0.0,0.0,inertial,,6.3,imu,6.3,1.0,,,,,,
,0.06818286564600284,-0.006299737632079087,0.04870856362070765,0.03386863795689058,-0.02512398757819459,0.01936386444173063,,0.001254251210776318,0.004437819697095938,-0.00019403860115868197,0.0,0.0,inertial,,6.4,imu,6.4,1.0,,,,,,
,0.05509789398030963,-0.07383241783428557,0.07220534826361928,0.034146517297639324,-0.02510628535809215,0.01952685334924337,,-0.0005352739290197521,-0.00013143265085890972,-0.0010555288969064216,0.0,0.0,inertial,,6.5,imu,6.5,1.0,,,,,,
,,,,,,,,,,,0.0,0.0,position_velocity,0.0,6.5,gps,6.5,1.0,8.348718146909086,0.3580236053818663,-0.02207483285829793,51.95843244680068,2.8744517842186865,60.88562480696479
59.82695287032894,,,,,,,-0.0172385918654958,,,,0.0,0.0,altitude,,6.5,barometer,6.5,1.0,,,,,,
,0.014776997954813461,-0.01479405463960632,0.06750381238079108,0.03416776198156232,-0.02498346709393312,0.019675050261872013,,0.0038526586233317765,0.004429654292766195,0.0002863494854670782,0.0,0.0,inertial,,6.6,imu,6.6,1.0,,,,,,
,0.049325807443541744,-0.02937285251421274,0.021129416175694547,0.03427945131547855,-0.02474339454053161,0.019579618354597744,,-0.0006173931923250058,0.00048131552295254716,0.0023234690565962276,0.0,0.0,inertial,,6.7,imu,6.7,1.0,,,,,,
,-0.0033864408168974847,-0.04541934681695469,0.010887977615946948,0.03408046394718251,-0.02453033219515284,0.019497961966714047,,-0.0006874882114133445,0.0026633340916405704,0.002912985646894466,0.0,0.0,inertial,,6.8,imu,6.8,1.0,,,,,,
,0.01706245502619358,-0.06453380482875046,0.011572291404057794,0.03387095607925509,-0.02459654995575173,0.020028606928773396,,0.002353383113988644,-0.0010718811510338703,0.0010410205307180625,0.0,0.0,inertial,,6.9,imu,6.9,1.0,,,,,,
,-0.0192872791912245,-0.04603286268512548,-0.008353479955060007,0.03383483829174407,-0.024392615496007207,0.020002694315641625,,0.002858818475526913,-0.0008140163168832157,0.005225004726073326,0.0,0.0,inertial,,7.0,imu,7.0,1.0,,,,,,
,,,,,,,,,,,0.0,0.0,position_velocity,0.0,7.0,gps,7.0,1.0,7.9513672341621495,0.8027634623694199,0.4247306394780854,53.16452576168334,3.5597679676008562,59.9139689444083
59.5585463938851,,,,,,,-0.017006248595840153,,,,0.0,0.0,altitude,,7.0,barometer,7.0,1.0,,,,,,
,0.013369761728539577,-0.060559620364239425,0.014913650809034004,0.03425749160014836,-0.024092857536257627,0.019992469499861932,,0.0027046333003634465,0.000932825022185331,-0.0003875561610715609,0.0,0.0,inertial,,7.1,imu,7.1,1.0,,,,,,
,-0.0327070044613836,-0.041992491168068725,-0.0177118538902899,0.03407601743965772,-0.024268719501875806,0.019818560813421194,,-0.003032832661158084,-0.002686581811282339,0.0001627417212097549,0.0,0.0,inertial,,7.2,imu,7.2,1.0,,,,,,
,0.06819012779816568,0.0625359342501789,-0.007879717522665964,0.03404773763586734,-0.024087543062318195,0.019864541617117766,,0.0004324091767589281,-0.004196532467652001,0.001089083054812749,0.0,0.0,inertial,,7.3,imu,7.3,1.0,,,,,,
,-0.020068427156432048,0.011415945210805741,0.007542109182889719,0.033888513606714014,-0.024246636958840797,0.019691467615127963,,-0.002781411403974483,0.0001200406176516263,0.002707110881226164,0.0,0.0,inertial,,7.4,imu,7.4,1.0,,,,,,
,0.08475512188685216,-0.12668867731563402,0.03278594236104722,0.034046041823199535,-0.02432138314825301,0.019837617488268993,,0.001187091515625987,-0.003717129203317962,0.0047948216180639935,0.0,0.0,inertial,,7.5,imu,7.5,1.0,,,,,,
,,,,,,,,,,,0.0,0.0,position_velocity,0.0,7.5,gps,7.5,1.0,7.7355050597050505,0.3361684797114584,0.044848040357608115,59.43289886277276,2.8813801192256907,59.23187999630218
60.213960412925644,,,,,,,-0.016376946935699768,,,,0.0,0.0,altitude,,7.5,barometer,7.5,1.0,,,,,,
,0.015150370253425437,-0.0405537750348992,0.04163013187139557,0.03439550177325524,-0.024354675067288008,0.019544615291766956,,0.0011307313982263406,-0.0033193596891399045,0.003652351086176158,0.0,0.0,inertial,,7.6,imu,7.6,1.0,,,,,,
,-0.01230565042113358,0.024354854003185024,0.07166335650376496,0.0345240513944226,-0.024525743512772383,0.01962998101731491,,-0.002731101502968144,-0.00024944398223804846,0.0015223242409162017,0.0,0.0,inertial,,7.7,imu,7.7,1.0,,,,,,
,0.007872900268776316,-0.0033038388709384046,0.03276492227752506,0.03450688787091016,-0.024527707436347874,0.01940911812276657,,-0.0010391297226325185,-0.0009427457011944361,0.0019265293849548702,0.0,0.0,inertial,,7.8,imu,7.8,1.0,,,,,,
,0.07182183558970677,-0.08870575253366814,0.07142472320030846,0.03472298018926245,-0.023870550942228633,0.019609442452552455,,-0.000107637229878267,0.0028575244158428026,0.002464692927680561,0.0,0.0,inertial,,7.9,imu,7.9,1.0,,,,,,
,0.002608219133910482,-0.05772071848949104,0.0018432529520707452,0.03480925406077473,-0.023902597293743284,0.019718230638318537,,-0.002043737509609391,0.001879928079720669,0.00209052463783558,0.0,0.0,inertial,,8.0,imu,8.0,1.0,,,,,,
,,,,,,,,,,,0.0,0.0,position_velocity,0.0,8.0,gps,8.0,1.0,7.276372979543383,0.6648273041167553,0.009561973668751842,65.95883618410417,4.968225273697727,61.16020153503953
60.27369993906996,,,,,,,-0.012900302464344676,,,,0.0,0.0,altitude,,8.0,barometer,8.0,1.0,,,,,,
,-0.013105349964321916,0.011255814820776533,-0.033718987828990396,0.03475220050514272,-0.02416059709779922,0.019656032521986926,,0.0008646300988420551,0.0006945036086673112,0.0016857449003903364,0.0,0.0,inertial,,8.1,imu,8.1,1.0,,,,,,
,0.009808224005545325,-0.06276769727505342,0.014023871299880862,0.034741754888235526,-0.02400021701193889,0.019744709010485882,,0.0007417278133053876,-0.000966253944646834,0.0012428942201062614,0.0,0.0,inertial,,8.2,imu,8.2,1.0,,,,,,
,-0.0003776096719713129,-0.024333886472184634,0.09711968324630423,0.03447486740439371,-0.02438696690871193,0.019326769513601336,,0.003534872546287224,0.0018395566084037816,0.0001476795679064319,0.0,0.0,inertial,,8.3,imu,8.3,1.0,,,,,,
,-0.09097995898308098,-0.05681315254361857,0.0368133584412752,0.03426015749316085,-0.02430863990500687,0.0195027388999382,,-0.0012775774325902282,0.0014982280794994137,0.0007483028624510669,0.0,0.0,inertial,,8.4,imu,8.4,1.0,,,,,,
,-0.005586739926972874,0.03687489747427365,0.009778410186345064,0.03422657543655137,-0.02395056168216405,0.019388347549344296,,-0.0002253224321946351,-0.001216748931471515,0.00023047595206224084,0.0,0.0,inertial,,8.5,imu,8.5,1.0,,,,,,
,,,,,,,,,,,0.0,0.0,position_velocity,0.0,8.5,gps,8.5,1.0,8.160675272146465,0.8026533583803712,0.020726739961343204,67.52246521494182,3.8596930394928073,60.89408304185817
59.66054472913841,,,,,,,-0.013046756203489468,,,,0.0,0.0,altitude,,8.5,barometer,8.5,1.0,,,,,,
,0.011344274534085364,0.01065883709073957,0.04203191981977461,0.03399120139229693,-0.023753564905474766,0.019380423926164857,,-0.0006250919059365335,-0.0007027917703145896,0.002185178272177542,0.0,0.0,inertial,,8.6,imu,8.6,1.0,,,,,,
,-0.06469607497311339,-0.048642993837911,0.06159090989924118,0.03391362891780851,-0.023743033455391284,0.019157069787775805,,0.00010521688220669617,0.0007502577418538944,0.0017053136450364608,0.0,0.0,inertial,,8.7,imu,8.7,1.0,,,,,,
,0.0755866695335618,-0.02197694004218214,-0.010640109133096598,0.03392290315732096,-0.023641540875923066,0.01888034926547268,,-0.0016115314812711731,0.002727756886127634,0.004327377141363418,0.0,0.0,inertial,,8.8,imu,8.8,1.0,,,,,,
,0.056646373206376915,-0.053371723723774814,-0.04400362028675603,0.034532349294096445,-0.023264803695302153,0.019268454180957184,,0.0005820521847886361,7.68002574411033e-05,-0.0018723671235782759,0.0,0.0,inertial,,8.9,imu,8.9,1.0,,,,,,
,0.09608164834684241,-0.023000523502080587,-0.02615815708052288,0.03446150074438843,-0.022858534847575683,0.018865650347599967,,-0.0023517929729568567,-0.0017917813163811408,-0.000929129113911879,0.0,0.0,inertial,,9.0,imu,9.0,1.0,,,,,,
,,,,,,,,,,,0.0,0.0,position_velocity,0.0,9.0,gps,9.0,1.0,7.9156424837962325,0.749867843120483,-0.1295952089070086,71.38024291323596,5.571312830941516,62.23599313632214
59.84570288292568,,,,,,,-0.010478099739782165,,,,0.0,0.0,altitude,,9.0,barometer,9.0,1.0,,,,,,
,0.03060528309428233,-0.05092357943368844,-0.059197757829409337,0.034146991598085916,-0.02308505005637712,0.018704546054664192,,-0.0014044880135415992,0.0026473457112051427,0.0017397711213323979,0.0,0.0,inertial,,9.1,imu,9.1,1.0,,,,,,
,0.08144616258422226,-0.016178647613666643,-0.007832615026074585,0.034274451197807004,-0.023140259346062297,0.01859662532209439,,-0.001542316677147445,-0.0039594191618300655,3.064902508178224e-05,0.0,0.0,inertial,,9.2,imu,9.2,1.0,,,,,,
,-0.004726155589168737,-0.02075805718906069,-0.033620674669242304,0.033754143066005805,-0.023277271348751766,0.0186826674290111,,0.0031172496740319968,0.0008017223130432608,0.001675981204272943,0.0,0.0,inertial,,9.3,imu,9.3,1.0,,,,,,
,0.12761280543317272,0.00317113488650771,0.08571323546011765,0.03394920115213709,-0.023281018706993745,0.018749355449380816,,-0.0007141292177163471,-0.0013649525137592745,0.0006893121742469618,0.0,0.0,inertial,,9.4,imu,9.4,1.0,,,,,,
,0.08082591304617603,0.021717664597435737,0.016902464051884673,0.03382699939393396,-0.023677998910826538,0.018911543927802595,,-0.0013871623983760313,-0.0028999904126103615,0.0019356687442586566,0.0,0.0,inertial,,9.5,imu,9.5,1.0,,,,,,
,,,,,,,,,,,0.0,0.0,position_velocity,0.0,9.5,gps,9.5,1.0,8.024761272790638,0.9473632412996474,0.274578829583971,76.47379453627389,7.894969181653822,60.45632065056369
60.05080072579915,,,,,,,-0.017005314417800493,,,,0.0,0.0,altitude,,9.5,barometer,9.5,1.0,,,,,,
,0.07686009791955928,-0.041535391461645726,0.003399327094835449,0.03342016593470795,-0.023522092096145582,0.018598988934273267,,-0.0018757339458984356,0.0011707409001102003,-0.0032633916013755718,0.0,0.0,inertial,,9.6,imu,9.6,1.0,,,,,,
,-0.0161832720983301,0.006144200775579756,-0.0017620756880591393,0.03355658389950426,-0.023387455651352158,0.018538951171038157,,0.001987555333492926,4.241182082199435e-05,0.0030730840034186666,0.0,0.0,inertial,,9.7,imu,9.7,1.0,,,,,,
,0.0358257234816162,-0.019472178230933265,0.03460998728393627,0.033489701306081476,-0.023000738830242576,0.018535770241098298,,0.00032374287729614845,0.003680719416927104,0.004812124792191333,0.0,0.0,inertial,,9.8,imu,9.8,1.0,,,,,,
,0.07092935747012141,0.02352254275882574,0.05072062816169776,0.03364406397966069,-0.023256321436179492,0.018592819829773663,,-0.0010829262784710484,-0.00035610236944624184,0.00034948788221107275,0.0,0.0,inertial,,9.9,imu,9.9,1.0,,,,,,
,0.05715266373722359,0.003702903280448727,-0.07407277261305314,0.0339664272727934,-0.023747046882893412,0.019018375488416735,,0.0012487326858604084,-0.0027849018947626166,0.0022757806373146765,0.0,0.0,inertial,,10.0,imu,10.0,1.0,,,,,,
,,,,,,,,,,,0.0,0.0,position_velocity,0.0,10.0,gps,10.0,1.0,7.916892533150712,0.5497271934327252,-0.07589514104301792,78.79194126219046,8.435500978443972,59.56296196862729
60.54725974157611,,,,,,,-0.01427173270073698,,,,0.0,0.0,altitude,,10.0,barometer,10.0,1.0,,,,,,
,0.015645095014127794,-0.039820897686542664,-0.0027670286753284992,0.03396111976595676,-0.02376933361553021,0.01946514126753706,,-0.0010789974283535442,0.0010216614588945665,-0.00036403881478093165,0.0,0.0,inertial,,10.1,imu,10.1,1.0,,,,,,
,0.03949978113896765,-0.0707307162877883,-0.02830741550110546,0.03400282646211808,-0.023399382014854406,0.019265208003421085,,-0.0003604095065020812,0.0019289260821989266,0.002449994598723103,0.0,0.0,inertial,,10.2,imu,10.2,1.0,,,,,,
,0.08799506711502787,-0.04698803828374971,-0.03342990424120083,0.03398158438389649,-0.023272491055520688,0.01981409916909667,,0.0011465528551899047,0.0034251347940242975,-0.0001824615381058308,0.0,0.0,inertial,,10.3,imu,10.3,1.0,,,,,,
,0.018168116546489435,-0.06909549136772489,-0.003053587412016001,0.03377414052721113,-0.02306641221592089,0.02004922753702749,,-0.0022333547264107934,0.0015366028882188962,0.0012482408678467195,0.0,0.0,inertial,,10.4,imu,10.4,1.0,,,,,,
,0.06418436126018319,-0.07419022370948508,0.07960122181299792,0.03364657052651758,-0.023100534192216467,0.02034605730642285,,-0.00021547825658336394,-0.00188476858813733,-0.003022322908867116,0.0,0.0,inertial,,10.5,imu,10.5,1.0,,,,,,
,,,,,,,,,,,0.0,0.0,position_velocity,0.0,10.5,gps,10.5,1.0,7.933181919061505,1.1424396837165385,0.016002178414693643,84.04782327472928,4.964292304030195,63.27555314303107
61.0740145064237,,,,,,,-0.010617422533461816,,,,0.0,0.0,altitude,,10.5,barometer,10.5,1.0,,,,,,
,-0.013715235711875433,-0.05249895428518815,0.036504551056725135,0.033764320005552295,-0.022639211815787763,0.0205320123532855,,-0.0012715409398331334,0.0019183448974129868,0.0005833413895024986,0.0,0.0,inertial,,10.6,imu,10.6,1.0,,,,,,
,0.02128099263395215,-0.006398741072847911,0.007559416703655767,0.033612558614179416,-0.022752531117118797,0.02045217158150159,,-0.0017527735808830613,-0.0005923408091200831,0.0015668105071054389,0.0,0.0,inertial,,10.7,imu,10.7,1.0,,,,,,
,0.0038249586515405817,0.010752807816700481,0.07675754424827363,0.033616086779317586,-0.022989599507375405,0.020246431370844503,,0.0024588565464708574,-0.0001664961955854872,-0.0017217161878909605,0.0,0.0,inertial,,10.8,imu,10.8,1.0,,,,,,
,0.02047595128946032,-0.055413123504233885,0.009346586999809756,0.033476915202886565,-0.022742314963292338,0.020124227093906953,,-0.0011983749740067367,-0.00011010146883864068,0.0005898453826645039,0.0,0.0,inertial,,10.9,imu,10.9,1.0,,,,,,
,0.04960343816292973,-0.021175741451288397,-0.013552499176238159,0.0332383603483895,-0.022395938840277112,0.019976060300599674,,-0.002220563089761722,0.0012738294915109387,0.0007298923024949842,0.0,0.0,inertial,,11.0,imu,11.0,1.0,,,,,,
,,,,,,,,,,,0.0,0.0,position_velocity,0.0,11.0,gps,11.0,1.0,8.147582805611314,0.24275837171994702,0.002985157438720405,88.82382068139954,6.845443868403101,61.85818981127128
60.832465365514075,,,,,,,-0.01691181374403591,,,,0.0,0.0,altitude,,11.0,barometer,11.0,1.0,,,,,,
,0.010134678279383948,-0.14263273806056467,0.015474381998317712,0.03307081127547797,-0.022199420603786855,0.019929707312901505,,-0.0029304323500118877,0.0004986160690269949,0.00013738636566245472,0.0,0.0,inertial,,11.1,imu,11.1,1.0,,,,,,
,0.04329099260575716,0.024773871950025884,-0.02075552555401628,0.0331134958182803,-0.021986424476778395,0.02035747830259004,,0.003198364712799287,-0.0006160583765772362,0.0014936811436638327,0.0,0.0,inertial,,11.2,imu,11.2,1.0,,,,,,
,0.058768448676973936,0.036937509373199964,-0.009539528479140177,0.03295396668556447,-0.021515528883817355,0.020267118790870262,,-0.0019269378483651525,0.0003307966313198804,0.0003403647354285525,0.0,0.0,inertial,,11.3,imu,11.3,1.0,,,,,,
,0.01800681280920753,-0.013343772786103363,-0.02566377479499393,0.03283836474570475,-0.02133079089004555,0.02044745228026128,,0.002027831798770368,4.684013580231939e-05,0.00016386617775783182,0.0,0.0,inertial,,11.4,imu,11.4,1.0,,,,,,
,0.022869977127778225,-0.04228463344783508,0.03525833553395333,0.03296473567341524,-0.02151274771149885,0.02045709503266717,,-0.002881704010729658,-0.0013791801139125671,0.0019129278735978965,0.0,0.0,inertial,,11.5,imu,11.5,1.0,,,,,,
,,,,,,,,,,,0.0,0.0,position_velocity,0.0,11.5,gps,11.5,1.0,8.534982722610538,0.667723383473317,0.15128656614120045,91.28860073802754,6.397119118349346,61.63047761471803
59.70090215795964,,,,,,,-0.02126892759656395,,,,0.0,0.0,altitude,,11.5,barometer,11.5,1.0,,,,,,
,0.03781046218048188,-0.01318661225829013,0.018672120099749844,0.033020604574684455,-0.02173091552867731,0.020565891532174287,,0.0028081728094745823,-0.0013344751551569696,-0.001584878586598983,0.0,0.0,inertial,,11.6,imu,11.6,1.0,,,,,,
,0.07894897835064221,-0.043453567596603494,-0.02061622478162128,0.033394576921506804,-0.021654281574415804,0.020480219821517962,,0.0014310056633590486,0.003183257398902076,0.0026988947351576824,0.0,0.0,inertial,,11.7,imu,11.7,1.0,,,,,,
,-0.008337369734635301,-0.08525440829957659,0.005980344849095223,0.03325339196911709,-0.021527193433962262,0.019999893559498674,,-0.005888616447327363,-0.001157770530479992,0.0003895230217039605,0.0,0.0,inertial,,11.8,imu,11.8,1.0,,,,,,
,-0.004606778313861401,-0.04855807394501785,-0.03961779373950593,0.032830685516366725,-0.021438541681824515,0.020158969853131727,,0.003270775838502564,0.003677624132775373,0.0005220410397658181,0.0,0.0,inertial,,11.9,imu,11.9,1.0,,,,,,
,0.03749216324130508,-0.05976261647360043,0.015509548954680687,0.033121660462760015,-0.021089096068455916,0.020038320077692778,,0.00021396816531441115,-0.002197032912997141,-0.001377371981859118,0.0,0.0,inertial,,12.0,imu,12.0,1.0,,,,,,
,,,,,,,,,,,0.0,0.0,position_velocity,0.0,12.0,gps,12.0,1.0,7.761227229663802,0.49732226903636634,-0.01364628540644127,97.74243890264673,9.083459473356243,60.11387750739554
60.28061946585574,,,,,,,-0.023881796991335393,,,,0.0,0.0,altitude,,12.0,barometer,12.0,1.0,,,,,,
,0.01535517568946198,0.06379040860941543,-0.02495703304951062,0.03313505058974222,-0.021154305167540653,0.019533494201429608,,-0.0028179297522678078,-0.0012510436969804127,0.0028490733400520756,0.0,0.0,inertial,,12.1,imu,12.1,1.0,,,,,,
,0.036737608473081426,-0.08932583170464588,-0.05378893454973609,0.033161678407667886,-0.02085077628673256,0.019409354796842804,,-0.0008242389216705062,0.0002489514076514845,0.0014995383800549397,0.0,0.0,inertial,,12.2,imu,12.2,1.0,,,,,,
,0.026464069828992996,0.0017683479891708077,0.024207199696261075,0.03305688933933833,-0.020922711831922774,0.019182223881445495,,0.003315138215605081,-0.0018068212791103328,0.0028888781254389705,0.0,0.0,inertial,,12.3,imu,12.3,1.0,,,,,,
,0.044274920131889606,-0.05446161303996115,0.022305000005643477,0.032838971262987356,-0.020768774907472625,0.019358079080649192,,0.0031642065326798457,0.0003931484870324585,0.0021608128617272215,0.0,0.0,inertial,,12.4,imu,12.4,1.0,,,,,,
,0.011553161321330826,0.0007621971503582042,0.05936966371725886,0.033154007255148825,-0.020526412280818186,0.01941753799583553,,-0.003760720586301783,0.002002998338357937,0.0013294719859672363,0.0,0.0,inertial,,12.5,imu,12.5,1.0,,,,,,
,,,,,,,,,,,0.0,0.0,position_velocity,0.0,12.5,gps,12.5,1.0,7.833511557382619,0.8307442167473535,-0.19704468918184553,100.05262678618504,8.531990193871714,59.70776034543475
59.90882340393827,,,,,,,-0.01964214341540401,,,,0.0,0.0,altitude,,12.5,barometer,12.5,1.0,,,,,,
,-0.0687653193985476,-0.019868405353303344,-0.008104575997113585,0.033278034556267024,-0.020519508964021823,0.019372329219622668,,0.0010153666609058157,0.0015853607257240651,0.0026621752570154555,0.0,0.0,inertial,,12.6,imu,12.6,1.0,,,,,,
,0.03805508163341803,0.018134592298444555,0.008130474485122963,0.03304415514528978,-0.02048292526386582,0.01947490111337058,,-0.0008152951748231576,-0.00044308203397077614,0.0014541883201311522,0.0,0.0,inertial,,12.7,imu,12.7,1.0,,,,,,
,0.08619831820069607,-0.06715374181830608,0.03835856664316443,0.03326132439729798,-0.020280001050278208,0.019310969778877595,,-0.00023807771285918762,-0.0018018691130622432,0.00204624963709559,0.0,0.0,inertial,,12.8,imu,12.8,1.0,,,,,,
,0.0798523748958456,-0.0775001605574912,0.01632058957552959,0.03320713393007,-0.020774913008295894,0.019806849764820677,,0.000776423128743607,0.0005793969603233773,0.00037701976640530936,0.0,0.0,inertial,,12.9,imu,12.9,1.0,,,,,,
,0.07387581285479053,-0.0182868704131272,-0.047229729202790324,0.03320658994620843,-0.02091417347924004,0.019963322423228666,,0.00363260493631286,-0.00013815439309145552,0.0022559966975480585,0.0,0.0,inertial,,13.0,imu,13.0,1.0,,,,,,
,,,,,,,,,,,0.0,0.0,position_velocity,0.0,13.0,gps,13.0,1.0,7.84216891629316,0.668320243598442,0.16327459741022649,107.75442658284705,7.069609585304121,60.350225912636276
59.063954373598186,,,,,,,-0.018647333789419903,,,,0.0,0.0,altitude,,13.0,barometer,13.0,1.0,,,,,,
,0.06906746671134076,-0.007524269730671496,0.04519764940261156,0.03302554377496188,-0.02109479463163097,0.019704553880945715,,0.0033746623383216125,0.0014698732050270104,-0.000964928246510234,0.0,0.0,inertial,,13.1,imu,13.1,1.0,,,,,,
,0.08790982357205826,-0.0865071487872528,0.04561121030997915,0.033146358515111,-0.02137123865260361,0.01964374767437817,,-0.0028910473200576404,-0.0016992162869470344,-0.0006495924279969331,0.0,0.0,inertial,,13.2,imu,13.2,1.0,,,,,,
,-0.00593710500468228,0.015474160125469906,0.009566167738272522,0.03310599377581771,-0.02110665705566417,0.020013074524210292,,0.0006802897321552156,0.0001402221913224728,0.0007402186830673531,0.0,0.0,inertial,,13.3,imu,13.3,1.0,,,,,,
,0.04736431096721004,-0.03567005761876485,0.0015689729208212926,0.03318607190154302,-0.02099169834447696,0.020195903796185216,,-0.002976208556678262,0.00016245012509763447,-0.0029841246969557174,0.0,0.0,inertial,,13.4,imu,13.4,1.0,,,,,,
,0.010170227086998874,-0.025135723480956846,-0.025423258067519702,0.032971746690101285,-0.020892228883437544,0.02012567440881577,,0.0002655423512868614,0.0038589750690407355,0.0016578113463351224,0.0,0.0,inertial,,13.5,imu,13.5,1.0,,,,,,
,,,,,,,,,,,0.0,0.0,position_velocity,0.0,13.5,gps,13.5,1.0,8.403891872493173,0.9459675156152916,0.09880253560284784,107.8819888756611,8.90945638998095,60.38295017314159
61.33821055754172,,,,,,,-0.022310582721027483,,,,0.0,0.0,altitude,,13.5,barometer,13.5,1.0,,,,,,
,0.08048812756138118,-0.036053714476598525,0.05702233613579631,0.03346240117875441,-0.020477522114824932,0.02015673412027823,,0.0016466634504531078,0.004280488398094648,0.0016236590985266603,0.0,0.0,inertial,,13.6,imu,13.6,1.0,,,,,,
,-0.010041794080447468,-0.007867572499832498,-0.035284607928514476,0.03377033235840768,-0.020349570242309958,0.020251424470678583,,0.002995463106922847,-0.0007221643610861378,0.0015871058137441759,0.0,0.0,inertial,,13.7,imu,13.7,1.0,,,,,,
,0.06716568753381988,-0.0964893929385432,0.034168470286237713,0.034331815481731566,-0.020155786412764574,0.020240192826642047,,0.0031307180028619023,-0.0029872955036312097,0.000695823871446607,0.0,0.0,inertial,,13.8,imu,13.8,1.0,,,,,,
,-0.0010284415506518138,0.03584091652364081,0.00044970005626808474,0.03425357619576882,-0.020090354466488675,0.019980131520820784,,-0.00011509090397000979,-0.0007115356617844594,0.0007331849104469319,0.0,0.0,inertial,,13.9,imu,13.9,1.0,,,,,,
,0.08388358611184879,-0.03249610193016778,0.02008628971756399,0.03405225138981413,-0.020340910769516978,0.019910954128676522,,-0.004356619232411707,0.0002592651214271195,0.001789890733999533,0.0,0.0,inertial,,14.0,imu,14.0,1.0,,,,,,
,,,,,,,,,,,0.0,0.0,position_velocity,0.0,14.0,gps,14.0,1.0,8.418026640517244,0.7609143255665111,0.3574387021782143,113.87484966153308,9.344114760535586,61.9388827079827
59.768418050839415,,,,,,,-0.020643672048751317,,,,0.0,0.0,altitude,,14.0,barometer,14.0,1.0,,,,,,
,0.03516974415687852,-0.06593236551533865,0.04343388408288042,0.03401707970293222,-0.020396891552062476,0.02027386138919966,,-0.0033512081252315183,-0.0024451085418503975,0.0006213367987968573,0.0,0.0,inertial,,14.1,imu,14.1,1.0,,,,,,
,0.11400838264958324,-0.012362800316460894,-0.004169393976438632,0.03423316147505422,-0.020785319805991506,0.01989124468580005,,-0.0012841681792492702,-0.0019921095222787486,0.0008247011580325122,0.0,0.0,inertial,,14.2,imu,14.2,1.0,,,,,,
,0.011825701578798652,-0.01980408056080219,-0.0014776860590932812,0.034151799423378294,-0.02041901254548206,0.01958241538556509,,0.0024364216990397916,0.0013746064143864126,0.003948450096781334,0.0,0.0,inertial,,14.3,imu,14.3,1.0,,,,,,
,0.04462245215037523,-0.00621614809543535,0.01745056189062048,0.0337277662261998,-0.020193071986542657,0.019977331862420233,,1.458727036776509e-05,-0.0017251912867752663,0.00523118791192211,0.0,0.0,inertial,,14.4,imu,14.4,1.0,,,,,,
,0.050634718191039395,0.022454664804643084,-0.0025367077601757687,0.03384756818700742,-0.02004376881231663,0.020031549286181907,,-0.0009571010412134541,0.0013814949307245149,0.001629929786213335,0.0,0.0,inertial,,14.5,imu,14.5,1.0,,,,,,
,,,,,,,,,,,0.0,0.0,position_velocity,0.0,14.5,gps,14.5,1.0,7.658701835743392,1.3004819605004543,0.012545059652714824,118.31019205109065,10.241259281204773,59.2903487697609
60.381329380539114,,,,,,,-0.022454471999226084,,,,0.0,0.0,altitude,,14.5,barometer,14.5,1.0,,,,,,
,0.03083555035035411,-0.05144964504912257,0.017347304002799456,0.033951776872435106,-0.020383793198136536,0.019733968650055014,,7.810599919564225e-05,0.0002459942200205596,0.0019362530171027261,0.0,0.0,inertial,,14.6,imu,14.6,1.0,,,,,,
,0.052935865662837325,-0.06919304562431311,0.09709586003725063,0.03378735805861289,-0.02072913349255539,0.019518176549326853,,0.001559891512025101,-0.002731462573597204,0.0016344154786525206,0.0,0.0,inertial,,14.7,imu,14.7,1.0,,,,,,
,-0.026340238598023806,-0.013864682401671262,0.08495659546100104,0.03373170157661732,-0.02091260190486201,0.019671793856216663,,-0.0009622363388348814,-0.0037257362354436788,0.0015925360608859058,0.0,0.0,inertial,,14.8,imu,14.8,1.0,,,,,,
,0.052474769995176494,-0.018224197740459046,-0.05012546582693868,0.0338459726666314,-0.021356499984861735,0.019614186814816286,,0.004101002340215279,-0.002234795430688421,0.005678778236908994,0.0,0.0,inertial,,14.9,imu,14.9,1.0,,,,,,
,0.009163813357405244,-0.04937249578856982,0.018425287210871305,0.03374009912164395,-0.02131312093995747,0.01965238072552184,,0.0032387317100268033,0.0018950898831730568,0.0009751301326610519,0.0,0.0,inertial,,15.0,imu,15.0,1.0,,,,,,
,,,,,,,,,,,0.0,0.0,position_velocity,0.0,15.0,gps,15.0,1.0,8.054659317496961,0.3262471453928706,0.042487553592334394,118.89867358156529,8.361485724419705,62.39374645104615
60.63682548816821,,,,,,,-0.022563469664125185,,,,0.0,0.0,altitude,,15.0,barometer,15.0,1.0,,,,,,
,0.028349958718190467,0.04097994660685664,0.00010720604123390723,0.03399180384492438,-0.02151366617392576,0.01975763055734363,,-0.0011937318794742141,-0.000329057755106213,0.0016055451491840131,0.0,0.0,inertial,,15.1,imu,15.1,1.0,,,,,,
,-0.015349135795327803,0.02681670303523128,0.043321366743351464,0.03348772011193537,-0.021492872199693876,0.01965697609850996,,0.002295205179984354,-0.00018223784059624316,-0.0025856639043891944,0.0,0.0,inertial,,15.2,imu,15.2,1.0,,,,,,
,-0.032194387295058635,-0.01918939730268509,-0.018487378850621645,0.03296323845853481,-0.021623798914906213,0.019199497995972658,,0.0005040859500471104,-0.003980791218074423,0.0028991003838462802,0.0,0.0,inertial,,15.3,imu,15.3,1.0,,,,,,
,0.05653172287701671,-0.017509625564494036,-0.056635275286992026,0.032926757742850275,-0.021772323268284505,0.019404982864831468,,0.00035946047097138416,-0.0014923708060053714,0.0035614339137494504,0.0,0.0,inertial,,15.4,imu,15.4,1.0,,,,,,
,0.01507334842226328,-0.04582014097579759,0.05385981122063906,0.03311266912087446,-0.02143543870155027,0.01936061137535458,,-0.0009827436031207035,0.0012134264711156093,0.003616450398632587,0.0,0.0,inertial,,15.5,imu,15.5,1.0,,,,,,
,,,,,,,,,,,0.0,0.0,position_velocity,0.0,15.5,gps,15.5,1.0,7.833541363129155,1.340477415303337,-0.172733192276014,123.80048977257776,8.229024562361015,61.71817283877933
60.4823907574665,,,,,,,-0.0239005878386722,,,,0.0,0.0,altitude,,15.5,barometer,15.5,1.0,,,,,,
,0.020314507145678173,-0.011820040934646428,0.019301335298367868,0.033372028427765744,-0.021441101326902346,0.019535877405682488,,0.0010484485579278344,0.003302834644082738,0.002452759206805652,0.0,0.0,inertial,,15.6,imu,15.6,1.0,,,,,,
,0.021177157676077488,-0.040470954055351845,0.04411851321732296,0.03325967569784784,-0.021138648907503305,0.019394696987398125,,-0.0023719194138341624,0.0004129235703266111,0.003285547899884767,0.0,0.0,inertial,,15.7,imu,15.7,1.0,,,,,,
,0.08960574618657402,0.004951461372221716,0.014357459200202255,0.0335598180742761,-0.021029553905096567,0.019266623988677973,,-0.0013858664420667763,-0.0018645080605165858,0.00014910711308924564,0.0,0.0,inertial,,15.8,imu,15.8,1.0,,,,,,
,0.011057751796954042,-0.042679524524745285,0.05116805561266228,0.0340760866348483,-0.021101572405409344,0.019319767057111373,,-0.0004905539708787766,0.00011187196467556315,0.004307832953981201,0.0,0.0,inertial,,15.9,imu,15.9,1.0,,,,,,
,0.009940845110471642,-0.05608081329083131,-0.014333336795123119,0.03433005359832765,-0.02144900566084405,0.019252088454145205,,-0.0013414418615017797,0.0006117979849323758,-0.0014512634442731677,0.0,0.0,inertial,,16.0,imu,16.0,1.0,,,,,,
,,,,,,,,,,,0.0,0.0,position_velocity,0.0,16.0,gps,16.0,1.0,7.984927690103263,0.6088238873365319,-0.0016845235368399627,129.52356506494647,9.827206332729672,59.3864021925843
60.11237502733919,,,,,,,-0.025675315981981015,,,,0.0,0.0,altitude,,16.0,barometer,16.0,1.0,,,,,,
,0.013386355189132546,-0.1030094082416833,0.05493113811229656,0.03448998770258021,-0.021420204383050232,0.01939295262509056,,0.002826779034070087,0.001989745673693359,0.0027894705280807376,0.0,0.0,inertial,,16.1,imu,16.1,1.0,,,,,,
,0.06159900033866872,-0.04802134391088512,0.04856990181177642,0.03465193015189599,-0.02119478842174631,0.019202912077841375,,-0.0011187841433888599,-0.0014440163004464468,0.0012131106015896614,0.0,0.0,inertial,,16.2,imu,16.2,1.0,,,,,,
,0.0004670955494905926,-0.08890960621054649,0.0843294006808114,0.03464774762542872,-0.021519080677613715,0.018988278512882237,,-0.0006754042166707795,-0.002269272621847821,0.0007210310764948605,0.0,0.0,inertial,,16.3,imu,16.3,1.0,,,,,,
,0.007237028778185651,-0.1352297757769222,0.044482935240065205,0.03498091989984665,-0.02141505461018882,0.019090701524929605,,-0.002191605860169231,-0.0007744924333995141,-0.0012904035587568826,0.0,0.0,inertial,,16.4,imu,16.4,1.0,,,,,,
,0.06851613431886047,0.01912186090276516,-0.023942463257864817,0.03499056133482141,-0.021567453970897932,0.019308115230696622,,0.0002877684741729629,-0.0021803491044447842,0.0038752694837857677,0.0,0.0,inertial,,16.5,imu,16.5,1.0,,,,,,
,,,,,,,,,,,0.0,0.0,position_velocity,0.0,16.5,gps,16.5,1.0,8.171806164300865,0.7728237213903792,0.2581703600601895,133.55202048488815,10.840092430958691,59.47094703428869
59.187242246937416,,,,,,,-0.028287331193236516,,,,0.0,0.0,altitude,,16.5,barometer,16.5,1.0,,,,,,
,-0.010330816349319843,-0.076306125288194,0.04498460814357544,0.034798805298516554,-0.021590620972452783,0.019439484723440148,,-0.0028325210237958058,0.0011017163182921326,0.002674604548677323,0.0,0.0,inertial,,16.6,imu,16.6,1.0,,,,,,
,0.043053277281151214,0.023052914933559668,0.023994057930133594,0.03506959639072938,-0.021564687889640506,0.01948577874215511,,0.002465689851640554,8.022195088348808e-06,0.0013173394836794449,0.0,0.0,inertial,,16.7,imu,16.7,1.0,,,,,,
,0.09505083488763011,-0.02039241113285721,0.012910303443469903,0.035168079076247104,-0.021737644934637326,0.019675076181640452,,0.0009965382182047181,4.51720038939897e-05,0.0013934408673460276,0.0,0.0,inertial,,16.8,imu,16.8,1.0,,,,,,
,0.049948803168825384,-0.0344481100514029,0.057367407747788215,0.03511707402437707,-0.02179084822828317,0.019521871273491736,,-9.353861735128752e-05,-0.0007112711436769875,-0.00023695076077125056,0.0,0.0,inertial,,16.9,imu,16.9,1.0,,,,,,
,0.0836233353569979,0.057647290421034135,-0.0008455297477187561,0.03538919545678295,-0.02157388657505662,0.019659803515430924,,0.0018313711769066294,0.003457451148672741,0.005191878112618851,0.0,0.0,inertial,,17.0,imu,17.0,1.0,,,,,,
,,,,,,,,,,,0.0,0.0,position_velocity,0.0,17.0,gps,17.0,1.0,8.195219442008634,0.7220558365611791,-0.6013333977066243,135.9314363552834,11.14336743201044,59.7776780848102
59.29049665790201,,,,,,,-0.03183295370781651,,,,0.0,0.0,altitude,,17.0,barometer,17.0,1.0,,,,,,
,0.09273301420970306,-0.03294697619610174,0.0855813711663093,0.035334637041528866,-0.02166311977138704,0.019674211200185993,,0.00019507196707589983,-0.0011186714465953066,0.0039765766727608955,0.0,0.0,inertial,,17.1,imu,17.1,1.0,,,,,,
,-0.016174761593369703,-0.02317157048391431,0.0167675465744889,0.035168880762569896,-0.021788878171349908,0.01963290970028203,,0.00031397511108986336,2.1347526322640867e-05,0.0006600719571001147,0.0,0.0,inertial,,17.2,imu,17.2,1.0,,,,,,
,-0.0439774171495135,-0.04104801229867286,0.0503660728608851,0.035181131444067905,-0.021918667075093178,0.019642794611558767,,0.00018686144456271626,0.0035596664976526313,-0.0003390191548715332,0.0,0.0,inertial,,17.3,imu,17.3,1.0,,,,,,
,0.04002917135766331,-0.06105570459276932,0.038541834524963736,0.034855666661007034,-0.02191978349542174,0.01986789482296157,,0.005652739369945333,-0.0015347841076318314,0.0031250772458122013,0.0,0.0,inertial,,17.4,imu,17.4,1.0,,,,,,
,-0.014851508045161436,-0.09881860139354336,0.0011242823243207828,0.034499711195085936,-0.022408271321904857,0.019731809767843004,,0.0008339128362517476,0.0012158592692112825,0.0014106991718598125,0.0,0.0,inertial,,17.5,imu,17.5,1.0,,,,,,
,,,,,,,,,,,0.0,0.0,position_velocity,0.0,17.5,gps,17.5,1.0,7.9237106067184175,0.8988949264022231,0.4706106926550273,137.59298518474952,10.619322419525293,59.05647582757642
60.07297485129453,,,,,,,-0.03572428380592367,,,,0.0,0.0,altitude,,17.5,barometer,17.5,1.0,,,,,,
,0.01606236378578115,0.0015039573378358186,-0.002546537588114947,0.03457994647346167,-0.022181594919632744,0.01996744009445811,,-0.0007958061583540903,-0.0026422079065498124,-0.0003008579432900835,0.0,0.0,inertial,,17.6,imu,17.6,1.0,,,,,,
,0.04623654500051319,0.02319959393926065,0.027041784124591805,0.034779692374473446,-0.022441246356320697,0.019662649666966223,,-0.00015141701707773123,0.0010504667167116875,0.003065537561246266,0.0,0.0,inertial,,17.7,imu,17.7,1.0,,,,,,
,0.000808578548497571,-0.06057883810257071,0.03272415947218012,0.03455728797841994,-0.022147066252431225,0.019615898517550526,,0.0021409766880072616,0.0019519403504847054,-0.0022178595226784643,0.0,0.0,inertial,,17.8,imu,17.8,1.0,,,,,,
,0.0066341449847249,-0.00011119670943612187,-0.04722408549429035,0.03461054185703201,-0.022058235108626503,0.01918764820507999,,0.0013520543635015252,0.0007404878963182909,0.002504713036765056,0.0,0.0,inertial,,17.9,imu,17.9,1.0,,,,,,
,0.0019137116945913066,0.00035268136798729047,0.03544482339864312,0.03475714491263809,-0.021715819299964,0.019332176580266466,,0.004181440361767238,0.000942366335527274,0.001436105632043192,0.0,0.0,inertial,,18.0,imu,18.0,1.0,,,,,,
,,,,,,,,,,,0.0,0.0,position_velocity,0.0,18.0,gps,18.0,1.0,8.266538536983505,0.32562361057719874,0.4641369290880859,144.8004884812958,10.561714201322866,56.67660167156872
58.90229621948698,,,,,,,-0.034656431530588026,,,,0.0,0.0,altitude,,18.0,barometer,18.0,1.0,,,,,,
,0.051984524391278444,-0.0001229351794750609,0.05422939201462762,0.03440701864438587,-0.02173129457985218,0.01915679504904422,,0.001889457172916622,-0.00037378236209595524,-9.657380044327674e-05,0.0,0.0,inertial,,18.1,imu,18.1,1.0,,,,,,
,0.016219212825947977,-0.03350284604506537,-0.0011125061583659515,0.03465785589216684,-0.021648112883390674,0.018816080115117644,,0.00037306051901568274,-0.0007226520610160495,-0.0008607966198634414,0.0,0.0,inertial,,18.2,imu,18.2,1.0,,,,,,
,0.01309737055716615,0.016278415020601296,0.020370391061339057,0.03437679782929516,-0.021851708652551434,0.018691520840495086,,-0.0013034460269279128,0.0009526500736770986,0.004091273973316257,0.0,0.0,inertial,,18.3,imu,18.3,1.0,,,,,,
,0.014107467307411279,-0.04657530471051833,-0.011002740103308557,0.03463064714552366,-0.021797812181493636,0.018413305418608094,,-0.0006474699575441619,0.0038991845225142506,-0.00038945222065279246,0.0,0.0,inertial,,18.4,imu,18.4,1.0,,,,,,
,0.039599392434057044,-0.055398973791430106,-0.06598134756991886,0.034711624404270655,-0.021589458654980326,0.018490577562113843,,0.0016550154093057403,-0.002053464650087828,7.032676659904054e-05,0.0,0.0,inertial,,18.5,imu,18.5,1.0,,,,,,
,,,,,,,,,,,0.0,0.0,position_velocity,0.0,18.5,gps,18.5,1.0,8.230209400776017,0.595914879141555,0.1885558186464461,148.55970586137795,9.547705789492948,60.97935423012718
60.093311802565,,,,,,,-0.03879292146682549,,,,0.0,0.0,altitude,,18.5,barometer,18.5,1.0,,,,,,
,0.05069206096147458,-0.027248857935356675,0.015401127460974079,0.03447804734995712,-0.02190052749871819,0.018736446739376224,,-0.002730922895849487,0.002331073694992539,0.002563358047707982,0.0,0.0,inertial,,18.6,imu,18.6,1.0,,,,,,
,0.015394253131793562,0.003281636100154462,0.05071122749184906,0.03416570524536502,-0.022315904127918396,0.01883355256338768,,0.0012626863966689712,0.0035474107795703267,0.0014451758030049277,0.0,0.0,inertial,,18.7,imu,18.7,1.0,,,,,,
,0.06610934876627308,-0.05135147947209698,0.03665372647023378,0.03413127357612982,-0.02207301079706344,0.0187443521141119,,-0.0014586286379327982,0.000651908407343828,0.00026051843658086895,0.0,0.0,inertial,,18.8,imu,18.8,1.0,,,,,,
,0.017958013376962827,0.02488849067546691,0.04785232806459723,0.034004644849180074,-0.02212821125535408,0.018992800066847282,,-0.0009682224050775192,0.001364888278716589,0.0025317675223221585,0.0,0.0,inertial,,18.9,imu,18.9,1.0,,,,,,
,0.01263572787459212,-0.05026118433027985,0.0066819013569451476,0.03406944787535447,-0.022180815886541812,0.01881104983769139,,-0.0036343242842859697,-0.0005582099508135284,-0.0019523248702763376,0.0,0.0,inertial,,19.0,imu,19.0,1.0,,,,,,
,,,,,,,,,,,0.0,0.0,position_velocity,0.0,19.0,gps,19.0,1.0,8.099704862570281,1.0533219107057175,-0.45064013322852725,152.64747549722279,13.71413960132941,59.86706795004355
60.97044238126069,,,,,,,-0.04180753729347321,,,,0.0,0.0,altitude,,19.0,barometer,19.0,1.0,,,,,,
,-0.025291092859143154,0.028823009801978956,-0.044776609407680704,0.03445869024029304,-0.02200547861841023,0.018744197605474258,,-0.0030825261775812842,-0.0009432462075530873,0.0006855237876585291,0.0,0.0,inertial,,19.1,imu,19.1,1.0,,,,,,
,0.04851199436080456,-0.11653127394016247,-0.022582339092997103,0.034550786880101166,-0.021781723027142937,0.01839579817311672,,0.000765467074062037,0.001276806374969142,-0.002197388359076736,0.0,0.0,inertial,,19.2,imu,19.2,1.0,,,,,,
,-0.02093149683547224,-0.08781822518242535,0.0018769481333460736,0.03475512248784144,-0.021427822336685932,0.01877748775309171,,0.0012122005387956549,-0.0001962921475084247,0.0038203875260167863,0.0,0.0,inertial,,19.3,imu,19.3,1.0,,,,,,
,0.009133145543961347,0.1391533583101429,0.007621960783314114,0.03476370199229017,-0.021474625642485572,0.01902649270351412,,0.0036638910584169586,-0.0022317505084625284,-0.00023473601835123062,0.0,0.0,inertial,,19.4,imu,19.4,1.0,,,,,,
,-0.009485846396262182,-0.04122292504730771,0.08000358871864104,0.03500110479449217,-0.021498925833978996,0.018944580958327285,,0.002103715489934947,0.001215865288866792,0.004660635589917127,0.0,0.0,inertial,,19.5,imu,19.5,1.0,,,,,,
,,,,,,,,,,,0.0,0.0,position_velocity,0.0,19.5,gps,19.5,1.0,7.920261730298542,0.5667793715125992,-0.4905846661162173,156.40192905683966,10.18420589287608,62.12077448182445
59.86706667686858,,,,,,,-0.03726063789213852,,,,0.0,0.0,altitude,,19.5,barometer,19.5,1.0,,,,,,
,-0.0004741948409619154,-0.03214850941154959,0.004755676058600014,0.035444293461410335,-0.02162440908652381,0.018993141538481702,,0.0019318481907240692,-0.0014462906920080976,0.002375359914634269,0.0,0.0,inertial,,19.6,imu,19.6,1.0,,,,,,
,0.0035905345871389757,0.0018600877646805063,0.046808407500223415,0.03505573122986319,-0.021781769510905633,0.0186073020410748,,-0.0015417772047427644,0.001077581555183822,0.0019051509010340993,0.0,0.0,inertial,,19.7,imu,19.7,1.0,,,,,,
,0.05271219759462485,0.0019881299374626925,-0.009711204578959014,0.03513241477278213,-0.021621914071641195,0.01858842952868536,,-0.0023917270004160784,-0.0007974212843537352,0.0033822613674541896,0.0,0.0,inertial,,19.8,imu,19.8,1.0,,,,,,
,0.008693567570921105,-0.09041325071508712,0.016623324386583115,0.03517594967276232,-0.02173180784709068,0.018521566064083075,,-0.0029613362318143977,0.00010946661909083315,0.0006252429548576044,0.0,0.0,inertial,,19.9,imu,19.9,1.0,,,,,,
,0.07959596407032313,0.07657494331883952,0.06812598958788238,0.03483124896805145,-0.021927864499691186,0.018378384555512422,,-0.001445598798220219,-0.0004105042695861008,0.00019838042507120107,0.0,0.0,inertial,,20.0,imu,20.0,1.0,,,,,,
,,,,,,,,,,,0.0,0.0,position_velocity,0.0,20.0,gps,20.0,1.0,7.9065111519440885,0.8785174584070949,-0.4517304099950285,157.49318340890153,12.337109565843152,57.65555362246494
61.08619260557592,,,,,,,-0.03353400967314669,,,,0.0,0.0,altitude,,20.0,barometer,20.0,1.0,,,,,,
,0.018674554361235968,0.022242347339701537,-0.00031658866693611704,0.035105926454424105,-0.021999968462712075,0.018041603009038194,,0.003821119978766885,-9.721192992874374e-05,0.003659480022169203,0.0,0.0,inertial,,20.1,imu,20.1,1.0,,,,,,
,0.0745957163424147,0.006510199280928851,0.0966752246317229,0.03495710877055827,-0.02191071093465967,0.018213552357024907,,-0.006161370940715702,0.0020913364012531376,-0.00020610292172483675,0.0,0.0,inertial,,20.2,imu,20.2,1.0,,,,,,
,0.08558715552023942,-0.026530188423160263,0.007369930386870473,0.03473538849604439,-0.021552711881954078,0.018171442170279037,,0.0019813187628171533,-0.0014546226967483557,-0.00081045265091484,0.0,0.0,inertial,,20.3,imu,20.3,1.0,,,,,,
,0.09931407360246222,-0.027504528326986275,0.022638955748031903,0.035002114085173584,-0.021630475384745315,0.018147230581723475,,0.0011587611915185125,0.0010572238681498453,0.0022452164798378417,0.0,0.0,inertial,,20.4,imu,20.4,1.0,,,,,,
,0.03824485147364918,-0.01633145389922081,0.007140342477016453,0.03505775003469161,-0.02159785474502902,0.01833821575720041,,-0.0021182471904453498,0.0009745611512373397,-0.0021444074616760855,0.0,0.0,inertial,,20.5,imu,20.5,1.0,,,,,,
,,,,,,,,,,,0.0,0.0,position_velocity,0.0,20.5,gps,20.5,1.0,8.2328598479294,0.39770329250631653,-0.006399030290225025,164.55115450980261,15.348112568474022,60.61618750533642
60.73060847197184,,,,,,,-0.033273571681128995,,,,0.0,0.0,altitude,,20.5,barometer,20.5,1.0,,,,,,
,0.02886954882794808,-0.0402984463159126,0.004771256987661477,0.03485924225958695,-0.02155727350452344,0.018557816663000666,,-0.002391251049696287,-0.0010455906045355417,0.0011658084445058897,0.0,0.0,inertial,,20.6,imu,20.6,1.0,,,,,,
,0.008655651079676842,-0.032916734408881335,0.008925662883462396,0.034388156726274134,-0.021338425202101323,0.018118103993819874,,0.002931751684286604,-0.00032274508438722696,0.000648633145854465,0.0,0.0,inertial,,20.7,imu,20.7,1.0,,,,,,
,0.027132372643529534,-0.006285723911445926,0.011441091293130557,0.03437593757554283,-0.0213776160768637,0.017892220430724533,,-0.0013373736219240288,0.00014120897918345622,0.0005937926428894204,0.0,0.0,inertial,,20.8,imu,20.8,1.0,,,,,,
,0.04089991323126657,-0.02932950187453115,0.07971813725515312,0.03411167312287525,-0.021168791561635508,0.017805328369569776,,0.0014545200076186955,-0.0006994797451095881,0.0022621577166063384,0.0,0.0,inertial,,20.9,imu,20.9,1.0,,,,,,
,0.07230874250938887,-0.05612991415174354,-0.04321959902172076,0.03389655836193545,-0.021387052655903543,0.018139187081098185,,-0.0004027340911557035,-0.0029755678807066584,0.0023720486982875748,0.0,0.0,inertial,,21.0,imu,21.0,1.0,,,,,,
,,,,,,,,,,,0.0,0.0,position_velocity,0.0,21.0,gps,21.0,1.0,7.624781260122407,0.5140684962712149,-0.06132977191723035,168.50150215126843,12.831959309483654,61.71804409738575
59.68145702411719,,,,,,,-0.03622044938582206,,,,0.0,0.0,altitude,,21.0,barometer,21.0,1.0,,,,,,
,-0.02347246333472671,-0.08207434252506704,-0.03480102041853404,0.033641670656123335,-0.021213230060517126,0.01856486737900668,,0.0013455481395341226,0.00024141957401306564,0.0033113271361468314,0.0,0.0,inertial,,21.1,imu,21.1,1.0,,,,,,
,0.018029915401887378,-0.05684204112087901,0.04745219971497652,0.033326637688393695,-0.021221607288057248,0.018343638744663025,,9.943754464285816e-05,0.0018656391475579302,0.0014114771609908228,0.0,0.0,inertial,,21.2,imu,21.2,1.0,,,,,,
,-0.0067395778344597965,0.03663933961186075,0.05638054142394655,0.03323719484123092,-0.020992280075069637,0.018393050154532346,,0.0010470698187287953,0.0006235210282365207,-0.003966025979085561,0.0,0.0,inertial,,21.3,imu,21.3,1.0,,,,,,
,0.11303313099781966,0.021781026032021703,0.006294806989500334,0.03300157075926778,-0.021166449915205842,0.018183275074656693,,0.0011545537945597028,0.0005470800773427963,-0.001120595296552904,0.0,0.0,inertial,,21.4,imu,21.4,1.0,,,,,,
,0.07922857374937622,-0.052523828415385096,0.04653275226196334,0.03264387717901827,-0.021112434280594512,0.017722585975912065,,-0.003048976746592366,0.0009280653592369687,0.002667121300276257,0.0,0.0,inertial,,21.5,imu,21.5,1.0,,,,,,
,,,,,,,,,,,0.0,0.0,position_velocity,0.0,21.5,gps,21.5,1.0,8.038397661439951,0.6368895286628966,0.02428765939316152,172.0675069141983,12.34370682243939,60.33933350126081
59.12982007437722,,,,,,,-0.03204548622218589,,,,0.0,0.0,altitude,,21.5,barometer,21.5,1.0,,,,,,
,-0.01693677946465582,-0.012192638526798772,0.043670465732245964,0.03316965885665835,-0.02123190175537074,0.017685198904091426,,0.001027510181471915,-3.747897195683145e-07,0.0022094242038573934,0.0,0.0,inertial,,21.6,imu,21.6,1.0,,,,,,
,0.056570755172603154,-0.05668323230915342,-0.018587160181516748,0.03284257156299716,-0.021169467260603175,0.017886497735953546,,0.0020639983709298637,-0.0010424059660222888,-0.0008758500821306275,0.0,0.0,inertial,,21.7,imu,21.7,1.0,,,,,,
,0.06604407763071846,-0.027161813213893903,0.01908853697589789,0.032706415279019296,-0.02124154043807719,0.017632703971571604,,-0.0007468422607916132,8.409955880661037e-05,0.003998918831089423,0.0,0.0,inertial,,21.8,imu,21.8,1.0,,,,,,
,0.02880748592497258,-0.08646141211104003,0.03175374630147065,0.03289339131789678,-0.02114996679655238,0.01741349888916728,,-0.0015976552717120068,6.764155138732642e-05,0.002114764075565441,0.0,0.0,inertial,,21.9,imu,21.9,1.0,,,,,,
,0.07283546481150396,-0.025513383482804495,-0.034555996834261984,0.03272524965506666,-0.021183373365104747,0.017922736427633593,,0.0004707196539087669,0.0003167753806586077,-0.0024075798167313427,0.0,0.0,inertial,,22.0,imu,22.0,1.0,,,,,,
,,,,,,,,,,,0.0,0.0,position_velocity,0.0,22.0,gps,22.0,1.0,8.223291369669717,0.7592474643308023,-0.23549635815574785,176.0515637200162,10.961339513974963,60.877113710753385
59.963805817114306,,,,,,,-0.03264858629431467,,,,0.0,0.0,altitude,,22.0,barometer,22.0,1.0,,,,,,
